2025-09-27 14:49:12.712 - INFO - [ASTER_BTC] === Trading Configuration ===
2025-09-27 14:49:12.712 - INFO - [ASTER_BTC] Ticker: BTC
2025-09-27 14:49:12.712 - INFO - [ASTER_BTC] Contract ID: BTCUSDT
2025-09-27 14:49:12.712 - INFO - [ASTER_BTC] Quantity: 0.001
2025-09-27 14:49:12.713 - INFO - [ASTER_BTC] Take Profit: 0.04%
2025-09-27 14:49:12.713 - INFO - [ASTER_BTC] Direction: buy
2025-09-27 14:49:12.713 - INFO - [ASTER_BTC] Max Orders: 10
2025-09-27 14:49:12.713 - INFO - [ASTER_BTC] Wait Time: 30s
2025-09-27 14:49:12.714 - INFO - [ASTER_BTC] Exchange: aster
2025-09-27 14:49:12.714 - INFO - [ASTER_BTC] Grid Step: 0.2%
2025-09-27 14:49:12.714 - INFO - [ASTER_BTC] Stop Price: -1
2025-09-27 14:49:12.715 - INFO - [ASTER_BTC] Pause Price: -1
2025-09-27 14:49:12.715 - INFO - [ASTER_BTC] Aster Boost: False
2025-09-27 14:49:12.715 - INFO - [ASTER_BTC] =============================
2025-09-27 14:49:13.157 - INFO - [ASTER_BTC] Connected to Aster WebSocket with listen key
2025-09-27 14:49:15.140 - INFO - [ASTER_BTC] Current Position: 0.027 | Active closing amount: 0 | Order quantity: 0
2025-09-27 14:49:15.337 - INFO - [ASTER_BTC] WebSocket disconnected
2025-09-27 17:09:46.763 - INFO - [ASTER_BTC] === Trading Configuration ===
2025-09-27 17:09:46.763 - INFO - [ASTER_BTC] Ticker: BTC
2025-09-27 17:09:46.763 - INFO - [ASTER_BTC] Contract ID: BTCUSDT
2025-09-27 17:09:46.763 - INFO - [ASTER_BTC] Quantity: 0.001
2025-09-27 17:09:46.763 - INFO - [ASTER_BTC] Take Profit: 0.04%
2025-09-27 17:09:46.768 - INFO - [ASTER_BTC] Direction: buy
2025-09-27 17:09:46.768 - INFO - [ASTER_BTC] Max Orders: 10
2025-09-27 17:09:46.769 - INFO - [ASTER_BTC] Wait Time: 30s
2025-09-27 17:09:46.769 - INFO - [ASTER_BTC] Exchange: aster
2025-09-27 17:09:46.769 - INFO - [ASTER_BTC] Grid Step: 0.2%
2025-09-27 17:09:46.769 - INFO - [ASTER_BTC] Stop Price: -1
2025-09-27 17:09:46.769 - INFO - [ASTER_BTC] Pause Price: -1
2025-09-27 17:09:46.770 - INFO - [ASTER_BTC] Aster Boost: False
2025-09-27 17:09:46.770 - INFO - [ASTER_BTC] =============================
2025-09-27 17:09:47.200 - INFO - [ASTER_BTC] Connected to Aster WebSocket with listen key
2025-09-27 17:09:49.088 - INFO - [ASTER_BTC] Current Position: 0.027 | Active closing amount: 0 | Order quantity: 0
2025-09-27 17:09:49.138 - INFO - [ASTER_BTC] WebSocket disconnected
2025-09-27 17:10:10.795 - INFO - [ASTER_BTC] === Trading Configuration ===
2025-09-27 17:10:10.795 - INFO - [ASTER_BTC] Ticker: BTC
2025-09-27 17:10:10.795 - INFO - [ASTER_BTC] Contract ID: BTCUSDT
2025-09-27 17:10:10.795 - INFO - [ASTER_BTC] Quantity: 0.001
2025-09-27 17:10:10.795 - INFO - [ASTER_BTC] Take Profit: 0.04%
2025-09-27 17:10:10.795 - INFO - [ASTER_BTC] Direction: buy
2025-09-27 17:10:10.795 - INFO - [ASTER_BTC] Max Orders: 10
2025-09-27 17:10:10.795 - INFO - [ASTER_BTC] Wait Time: 30s
2025-09-27 17:10:10.795 - INFO - [ASTER_BTC] Exchange: aster
2025-09-27 17:10:10.795 - INFO - [ASTER_BTC] Grid Step: 0.2%
2025-09-27 17:10:10.795 - INFO - [ASTER_BTC] Stop Price: -1
2025-09-27 17:10:10.795 - INFO - [ASTER_BTC] Pause Price: -1
2025-09-27 17:10:10.795 - INFO - [ASTER_BTC] Aster Boost: False
2025-09-27 17:10:10.795 - INFO - [ASTER_BTC] =============================
2025-09-27 17:10:11.242 - INFO - [ASTER_BTC] Connected to Aster WebSocket with listen key
2025-09-27 17:10:13.189 - INFO - [ASTER_BTC] Current Position: 0.000 | Active closing amount: 0 | Order quantity: 0
2025-09-27 17:10:13.504 - INFO - [ASTER_BTC] [OPEN] [5677102437] OPEN 0.001 @ 109194
2025-09-27 17:10:25.714 - INFO - [ASTER_BTC] [OPEN] [5677102437] Cancelling order and placing a new order
2025-09-27 17:10:25.848 - INFO - [ASTER_BTC] [OPEN] [5677102437] CANCELED 0.001 @ 109194
2025-09-27 17:10:26.242 - INFO - [ASTER_BTC] [OPEN] [5677104887] OPEN 0.001 @ 109194
2025-09-27 17:10:38.454 - INFO - [ASTER_BTC] [OPEN] [5677104887] Cancelling order and placing a new order
2025-09-27 17:10:38.577 - INFO - [ASTER_BTC] [OPEN] [5677104887] CANCELED 0.001 @ 109194
2025-09-27 17:10:38.979 - INFO - [ASTER_BTC] [OPEN] [5677108057] OPEN 0.001 @ 109210.7
2025-09-27 17:10:51.035 - INFO - [ASTER_BTC] [OPEN] [5677108057] Cancelling order and placing a new order
2025-09-27 17:10:51.184 - INFO - [ASTER_BTC] [OPEN] [5677108057] CANCELED 0.001 @ 109210.7
2025-09-27 17:10:51.544 - INFO - [ASTER_BTC] [OPEN] [5677110984] OPEN 0.001 @ 109223.6
2025-09-27 17:11:03.766 - INFO - [ASTER_BTC] [OPEN] [5677110984] Cancelling order and placing a new order
2025-09-27 17:11:03.888 - INFO - [ASTER_BTC] [OPEN] [5677110984] CANCELED 0.001 @ 109223.6
2025-09-27 17:11:04.243 - INFO - [ASTER_BTC] [OPEN] [5677113206] OPEN 0.001 @ 109223.6
2025-09-27 17:11:11.632 - INFO - [ASTER_BTC] [OPEN] [5677113206] FILLED 0.001 @ 109223.6
2025-09-27 17:11:12.004 - INFO - [ASTER_BTC] [CLOSE] [5677114911] OPEN 0.001 @ 109267.3
2025-09-27 17:11:14.391 - INFO - [ASTER_BTC] Current Position: 0.001 | Active closing amount: 0.001 | Order quantity: 1
2025-09-27 17:12:15.739 - INFO - [ASTER_BTC] Current Position: 0.001 | Active closing amount: 0.001 | Order quantity: 1
2025-09-27 17:13:17.001 - INFO - [ASTER_BTC] Current Position: 0.001 | Active closing amount: 0.001 | Order quantity: 1
2025-09-27 17:14:18.500 - INFO - [ASTER_BTC] Current Position: 0.001 | Active closing amount: 0.001 | Order quantity: 1
2025-09-27 17:15:18.824 - INFO - [ASTER_BTC] Current Position: 0.001 | Active closing amount: 0.001 | Order quantity: 1
2025-09-27 17:16:20.322 - INFO - [ASTER_BTC] Current Position: 0.001 | Active closing amount: 0.001 | Order quantity: 1
2025-09-27 17:17:21.041 - INFO - [ASTER_BTC] Current Position: 0.001 | Active closing amount: 0.001 | Order quantity: 1
2025-09-27 17:18:22.442 - INFO - [ASTER_BTC] Current Position: 0.001 | Active closing amount: 0.001 | Order quantity: 1
2025-09-27 17:19:23.521 - INFO - [ASTER_BTC] Current Position: 0.001 | Active closing amount: 0.001 | Order quantity: 1
2025-09-27 17:20:23.934 - INFO - [ASTER_BTC] Current Position: 0.001 | Active closing amount: 0.001 | Order quantity: 1
2025-09-27 17:21:25.305 - INFO - [ASTER_BTC] Current Position: 0.001 | Active closing amount: 0.001 | Order quantity: 1
2025-09-27 17:22:25.944 - INFO - [ASTER_BTC] Current Position: 0.001 | Active closing amount: 0.001 | Order quantity: 1
2025-09-27 17:23:26.684 - INFO - [ASTER_BTC] Current Position: 0.001 | Active closing amount: 0.001 | Order quantity: 1
2025-09-27 17:24:28.211 - INFO - [ASTER_BTC] Current Position: 0.001 | Active closing amount: 0.001 | Order quantity: 1
2025-09-27 17:25:29.461 - INFO - [ASTER_BTC] Current Position: 0.001 | Active closing amount: 0.001 | Order quantity: 1
2025-09-27 17:26:30.888 - INFO - [ASTER_BTC] Current Position: 0.001 | Active closing amount: 0.001 | Order quantity: 1
2025-09-27 17:27:32.480 - INFO - [ASTER_BTC] Current Position: 0.001 | Active closing amount: 0.001 | Order quantity: 1
2025-09-27 17:28:33.418 - INFO - [ASTER_BTC] Current Position: 0.001 | Active closing amount: 0.001 | Order quantity: 1
2025-09-27 17:29:34.536 - INFO - [ASTER_BTC] Current Position: 0.001 | Active closing amount: 0.001 | Order quantity: 1
2025-09-27 17:30:35.577 - INFO - [ASTER_BTC] Current Position: 0.001 | Active closing amount: 0.001 | Order quantity: 1
2025-09-27 17:31:36.583 - INFO - [ASTER_BTC] Current Position: 0.001 | Active closing amount: 0.001 | Order quantity: 1
2025-09-27 17:32:37.746 - INFO - [ASTER_BTC] Current Position: 0.001 | Active closing amount: 0.001 | Order quantity: 1
2025-09-27 17:33:38.524 - INFO - [ASTER_BTC] Current Position: 0.001 | Active closing amount: 0.001 | Order quantity: 1
2025-09-27 17:34:39.155 - INFO - [ASTER_BTC] Current Position: 0.001 | Active closing amount: 0.001 | Order quantity: 1
2025-09-27 17:35:39.814 - INFO - [ASTER_BTC] Current Position: 0.001 | Active closing amount: 0.001 | Order quantity: 1
2025-09-27 17:36:41.057 - INFO - [ASTER_BTC] Current Position: 0.001 | Active closing amount: 0.001 | Order quantity: 1
2025-09-27 17:37:05.597 - INFO - [ASTER_BTC] [CLOSE] [5677114911] FILLED 0.001 @ 109267.3
2025-09-27 17:37:06.052 - INFO - [ASTER_BTC] [OPEN] [5677456842] OPEN 0.001 @ 109256.3
2025-09-27 17:37:18.140 - INFO - [ASTER_BTC] [OPEN] [5677456842] Cancelling order and placing a new order
2025-09-27 17:37:18.381 - INFO - [ASTER_BTC] [OPEN] [5677456842] CANCELED 0.001 @ 109256.3
2025-09-27 17:37:18.957 - INFO - [ASTER_BTC] [OPEN] [5677460973] OPEN 0.001 @ 109291.2
2025-09-27 17:37:31.031 - INFO - [ASTER_BTC] [OPEN] [5677460973] Cancelling order and placing a new order
2025-09-27 17:37:31.222 - INFO - [ASTER_BTC] [OPEN] [5677460973] CANCELED 0.001 @ 109291.2
2025-09-27 17:37:31.742 - INFO - [ASTER_BTC] [OPEN] [5677463482] OPEN 0.001 @ 109291.2
2025-09-27 17:37:43.782 - INFO - [ASTER_BTC] [OPEN] [5677463482] Cancelling order and placing a new order
2025-09-27 17:37:44.004 - INFO - [ASTER_BTC] [OPEN] [5677463482] CANCELED 0.001 @ 109291.2
2025-09-27 17:37:44.494 - INFO - [ASTER_BTC] Current Position: 0.000 | Active closing amount: 0 | Order quantity: 0
2025-09-27 17:37:44.902 - INFO - [ASTER_BTC] [OPEN] [5677465619] OPEN 0.001 @ 109291.2
2025-09-27 17:37:54.106 - INFO - [ASTER_BTC] [OPEN] [5677465619] FILLED 0.001 @ 109291.2
2025-09-27 17:37:54.502 - INFO - [ASTER_BTC] [CLOSE] [5677467273] OPEN 0.001 @ 109334.9
2025-09-27 17:38:45.718 - INFO - [ASTER_BTC] Current Position: 0.001 | Active closing amount: 0.001 | Order quantity: 1
2025-09-27 17:39:47.127 - INFO - [ASTER_BTC] Current Position: 0.001 | Active closing amount: 0.001 | Order quantity: 1
2025-09-27 17:40:47.997 - INFO - [ASTER_BTC] Current Position: 0.001 | Active closing amount: 0.001 | Order quantity: 1
2025-09-27 17:41:49.313 - INFO - [ASTER_BTC] Current Position: 0.001 | Active closing amount: 0.001 | Order quantity: 1
2025-09-27 17:42:50.600 - INFO - [ASTER_BTC] Current Position: 0.001 | Active closing amount: 0.001 | Order quantity: 1
2025-09-27 17:43:51.959 - INFO - [ASTER_BTC] Current Position: 0.001 | Active closing amount: 0.001 | Order quantity: 1
2025-09-27 17:44:52.350 - INFO - [ASTER_BTC] Current Position: 0.001 | Active closing amount: 0.001 | Order quantity: 1
2025-09-27 17:45:53.075 - INFO - [ASTER_BTC] Current Position: 0.001 | Active closing amount: 0.001 | Order quantity: 1
2025-09-27 17:46:54.029 - INFO - [ASTER_BTC] Current Position: 0.001 | Active closing amount: 0.001 | Order quantity: 1
2025-09-27 17:47:32.430 - INFO - [ASTER_BTC] [CLOSE] [5677467273] FILLED 0.001 @ 109334.9
2025-09-27 17:47:33.850 - INFO - [ASTER_BTC] [OPEN] [5677589636] OPEN 0.001 @ 109343.3
2025-09-27 17:47:45.950 - INFO - [ASTER_BTC] [OPEN] [5677589636] Cancelling order and placing a new order
2025-09-27 17:47:46.077 - INFO - [ASTER_BTC] [OPEN] [5677589636] CANCELED 0.001 @ 109343.3
2025-09-27 17:47:46.474 - INFO - [ASTER_BTC] [OPEN] [5677592430] OPEN 0.001 @ 109344.4
2025-09-27 17:47:58.515 - INFO - [ASTER_BTC] [OPEN] [5677592430] Cancelling order and placing a new order
2025-09-27 17:47:58.642 - INFO - [ASTER_BTC] [OPEN] [5677592430] CANCELED 0.001 @ 109344.4
2025-09-27 17:47:59.054 - INFO - [ASTER_BTC] Current Position: 0.000 | Active closing amount: 0 | Order quantity: 0
2025-09-27 17:47:59.338 - INFO - [ASTER_BTC] [OPEN] [5677596780] OPEN 0.001 @ 109362.1
2025-09-27 17:48:11.447 - INFO - [ASTER_BTC] [OPEN] [5677596780] Cancelling order and placing a new order
2025-09-27 17:48:11.575 - INFO - [ASTER_BTC] [OPEN] [5677596780] CANCELED 0.001 @ 109362.1
2025-09-27 17:48:11.941 - INFO - [ASTER_BTC] [OPEN] [5677600402] OPEN 0.001 @ 109365.6
2025-09-27 17:48:23.988 - INFO - [ASTER_BTC] [OPEN] [5677600402] Cancelling order and placing a new order
2025-09-27 17:48:24.089 - INFO - [ASTER_BTC] [OPEN] [5677600402] CANCELED 0.001 @ 109365.6
2025-09-27 17:48:24.498 - INFO - [ASTER_BTC] [OPEN] [5677605719] OPEN 0.001 @ 109378.6
2025-09-27 17:48:36.606 - INFO - [ASTER_BTC] [OPEN] [5677605719] Cancelling order and placing a new order
2025-09-27 17:48:36.733 - INFO - [ASTER_BTC] [OPEN] [5677605719] CANCELED 0.001 @ 109378.6
2025-09-27 17:48:37.144 - INFO - [ASTER_BTC] [OPEN] [5677611233] OPEN 0.001 @ 109379.9
2025-09-27 17:48:49.300 - INFO - [ASTER_BTC] [OPEN] [5677611233] Cancelling order and placing a new order
2025-09-27 17:48:49.478 - INFO - [ASTER_BTC] [OPEN] [5677611233] CANCELED 0.001 @ 109379.9
2025-09-27 17:48:49.808 - INFO - [ASTER_BTC] [OPEN] [5677615135] OPEN 0.001 @ 109384.8
2025-09-27 17:49:01.995 - INFO - [ASTER_BTC] [OPEN] [5677615135] Cancelling order and placing a new order
2025-09-27 17:49:02.123 - INFO - [ASTER_BTC] [OPEN] [5677615135] CANCELED 0.001 @ 109384.8
2025-09-27 17:49:02.504 - INFO - [ASTER_BTC] Current Position: 0.000 | Active closing amount: 0 | Order quantity: 0
2025-09-27 17:49:02.775 - INFO - [ASTER_BTC] [OPEN] [5677618289] OPEN 0.001 @ 109384.8
2025-09-27 17:49:03.537 - INFO - [ASTER_BTC] [OPEN] [5677618289] FILLED 0.001 @ 109384.8
2025-09-27 17:49:04.061 - INFO - [ASTER_BTC] [CLOSE] [5677619273] OPEN 0.001 @ 109428.6
2025-09-27 17:50:03.678 - INFO - [ASTER_BTC] Current Position: 0.001 | Active closing amount: 0.001 | Order quantity: 1
2025-09-27 17:51:05.023 - INFO - [ASTER_BTC] Current Position: 0.001 | Active closing amount: 0.001 | Order quantity: 1
2025-09-27 17:52:06.099 - INFO - [ASTER_BTC] Current Position: 0.001 | Active closing amount: 0.001 | Order quantity: 1
2025-09-27 17:53:06.778 - INFO - [ASTER_BTC] Current Position: 0.001 | Active closing amount: 0.001 | Order quantity: 1
2025-09-27 17:54:07.691 - INFO - [ASTER_BTC] Current Position: 0.001 | Active closing amount: 0.001 | Order quantity: 1
2025-09-27 17:55:08.983 - INFO - [ASTER_BTC] Current Position: 0.001 | Active closing amount: 0.001 | Order quantity: 1
2025-09-27 17:56:09.638 - INFO - [ASTER_BTC] Current Position: 0.001 | Active closing amount: 0.001 | Order quantity: 1
2025-09-27 17:57:11.096 - INFO - [ASTER_BTC] Current Position: 0.001 | Active closing amount: 0.001 | Order quantity: 1
2025-09-27 17:58:11.955 - INFO - [ASTER_BTC] Current Position: 0.001 | Active closing amount: 0.001 | Order quantity: 1
2025-09-27 17:59:12.464 - INFO - [ASTER_BTC] Current Position: 0.001 | Active closing amount: 0.001 | Order quantity: 1
2025-09-27 18:00:12.758 - INFO - [ASTER_BTC] Current Position: 0.001 | Active closing amount: 0.001 | Order quantity: 1
2025-09-27 18:01:14.191 - INFO - [ASTER_BTC] Current Position: 0.001 | Active closing amount: 0.001 | Order quantity: 1
2025-09-27 18:02:15.564 - INFO - [ASTER_BTC] Current Position: 0.001 | Active closing amount: 0.001 | Order quantity: 1
2025-09-27 18:03:16.763 - INFO - [ASTER_BTC] Current Position: 0.001 | Active closing amount: 0.001 | Order quantity: 1
2025-09-27 18:04:17.649 - INFO - [ASTER_BTC] Current Position: 0.001 | Active closing amount: 0.001 | Order quantity: 1
2025-09-27 18:05:17.906 - INFO - [ASTER_BTC] Current Position: 0.001 | Active closing amount: 0.001 | Order quantity: 1
2025-09-27 18:06:19.020 - INFO - [ASTER_BTC] Current Position: 0.001 | Active closing amount: 0.001 | Order quantity: 1
2025-09-27 18:07:20.147 - INFO - [ASTER_BTC] Current Position: 0.001 | Active closing amount: 0.001 | Order quantity: 1
2025-09-27 18:08:21.166 - INFO - [ASTER_BTC] Current Position: 0.001 | Active closing amount: 0.001 | Order quantity: 1
2025-09-27 18:09:21.890 - INFO - [ASTER_BTC] Current Position: 0.001 | Active closing amount: 0.001 | Order quantity: 1
2025-09-27 18:10:22.923 - INFO - [ASTER_BTC] Current Position: 0.001 | Active closing amount: 0.001 | Order quantity: 1
2025-09-27 18:11:24.016 - INFO - [ASTER_BTC] Current Position: 0.001 | Active closing amount: 0.001 | Order quantity: 1
2025-09-27 18:12:25.163 - INFO - [ASTER_BTC] Current Position: 0.001 | Active closing amount: 0.001 | Order quantity: 1
2025-09-27 18:13:25.860 - INFO - [ASTER_BTC] Current Position: 0.001 | Active closing amount: 0.001 | Order quantity: 1
2025-09-27 18:14:27.024 - INFO - [ASTER_BTC] Current Position: 0.001 | Active closing amount: 0.001 | Order quantity: 1
2025-09-27 18:15:28.021 - INFO - [ASTER_BTC] Current Position: 0.001 | Active closing amount: 0.001 | Order quantity: 1
2025-09-27 18:16:28.669 - INFO - [ASTER_BTC] Current Position: 0.001 | Active closing amount: 0.001 | Order quantity: 1
2025-09-27 18:17:29.987 - INFO - [ASTER_BTC] Current Position: 0.001 | Active closing amount: 0.001 | Order quantity: 1
2025-09-27 18:18:30.248 - INFO - [ASTER_BTC] Current Position: 0.001 | Active closing amount: 0.001 | Order quantity: 1
2025-09-27 18:19:31.372 - INFO - [ASTER_BTC] Current Position: 0.001 | Active closing amount: 0.001 | Order quantity: 1
2025-09-27 18:20:32.653 - INFO - [ASTER_BTC] Current Position: 0.001 | Active closing amount: 0.001 | Order quantity: 1
2025-09-27 18:21:33.694 - INFO - [ASTER_BTC] Current Position: 0.001 | Active closing amount: 0.001 | Order quantity: 1
2025-09-27 18:22:34.143 - INFO - [ASTER_BTC] Current Position: 0.001 | Active closing amount: 0.001 | Order quantity: 1
2025-09-27 18:23:35.826 - INFO - [ASTER_BTC] Current Position: 0.001 | Active closing amount: 0.001 | Order quantity: 1
2025-09-27 18:24:36.554 - INFO - [ASTER_BTC] Current Position: 0.001 | Active closing amount: 0.001 | Order quantity: 1
2025-09-27 18:25:37.290 - INFO - [ASTER_BTC] Current Position: 0.001 | Active closing amount: 0.001 | Order quantity: 1
2025-09-27 18:26:37.906 - INFO - [ASTER_BTC] Current Position: 0.001 | Active closing amount: 0.001 | Order quantity: 1
2025-09-27 18:27:38.813 - INFO - [ASTER_BTC] Current Position: 0.001 | Active closing amount: 0.001 | Order quantity: 1
2025-09-27 18:28:40.459 - INFO - [ASTER_BTC] Current Position: 0.001 | Active closing amount: 0.001 | Order quantity: 1
2025-09-27 18:29:41.930 - INFO - [ASTER_BTC] Current Position: 0.001 | Active closing amount: 0.001 | Order quantity: 1
2025-09-27 18:30:43.399 - INFO - [ASTER_BTC] Current Position: 0.001 | Active closing amount: 0.001 | Order quantity: 1
2025-09-27 18:31:44.939 - INFO - [ASTER_BTC] Current Position: 0.001 | Active closing amount: 0.001 | Order quantity: 1
2025-09-27 18:32:45.988 - INFO - [ASTER_BTC] Current Position: 0.001 | Active closing amount: 0.001 | Order quantity: 1
2025-09-27 18:33:46.734 - INFO - [ASTER_BTC] Current Position: 0.001 | Active closing amount: 0.001 | Order quantity: 1
2025-09-27 18:34:47.632 - INFO - [ASTER_BTC] Current Position: 0.001 | Active closing amount: 0.001 | Order quantity: 1
2025-09-27 18:35:48.609 - INFO - [ASTER_BTC] Current Position: 0.001 | Active closing amount: 0.001 | Order quantity: 1
2025-09-27 18:36:03.441 - INFO - [ASTER_BTC] [CLOSE] [5677619273] FILLED 0.001 @ 109428.6
2025-09-27 18:36:03.992 - INFO - [ASTER_BTC] [OPEN] [5678240408] OPEN 0.001 @ 109375.9
2025-09-27 18:36:15.981 - INFO - [ASTER_BTC] [OPEN] [5678240408] Cancelling order and placing a new order
2025-09-27 18:36:16.155 - INFO - [ASTER_BTC] [OPEN] [5678240408] CANCELED 0.001 @ 109375.9
2025-09-27 18:36:16.808 - INFO - [ASTER_BTC] [OPEN] [5678249194] OPEN 0.001 @ 109499.3
2025-09-27 18:36:16.808 - INFO - [ASTER_BTC] [OPEN] [5678249194] EXPIRED 0.001 @ 109499.3
2025-09-27 18:36:17.513 - INFO - [ASTER_BTC] [OPEN] [5678249704] OPEN 0.001 @ 109511.5
2025-09-27 18:36:17.513 - INFO - [ASTER_BTC] [OPEN] [5678249704] EXPIRED 0.001 @ 109511.5
2025-09-27 18:36:18.015 - INFO - [ASTER_BTC] [OPEN] [5678250078] OPEN 0.001 @ 109492
2025-09-27 18:36:18.015 - INFO - [ASTER_BTC] [OPEN] [5678250078] EXPIRED 0.001 @ 109492
2025-09-27 18:36:18.570 - INFO - [ASTER_BTC] [OPEN] [5678250472] OPEN 0.001 @ 109492
2025-09-27 18:36:18.570 - INFO - [ASTER_BTC] [OPEN] [5678250472] EXPIRED 0.001 @ 109492
2025-09-27 18:36:18.833 - INFO - [ASTER_BTC] [OPEN] Attempt 5 to place order
2025-09-27 18:36:19.217 - INFO - [ASTER_BTC] [OPEN] [5678251033] OPEN 0.001 @ 109496.4
2025-09-27 18:36:19.217 - INFO - [ASTER_BTC] [OPEN] [5678251033] EXPIRED 0.001 @ 109496.4
2025-09-27 18:36:19.689 - INFO - [ASTER_BTC] [OPEN] [5678251411] OPEN 0.001 @ 109492
2025-09-27 18:36:19.689 - INFO - [ASTER_BTC] [OPEN] [5678251411] EXPIRED 0.001 @ 109492
2025-09-27 18:36:20.258 - INFO - [ASTER_BTC] [OPEN] [5678251658] OPEN 0.001 @ 109492
2025-09-27 18:36:20.258 - INFO - [ASTER_BTC] [OPEN] [5678251658] EXPIRED 0.001 @ 109492
2025-09-27 18:36:20.745 - INFO - [ASTER_BTC] [OPEN] [5678252141] OPEN 0.001 @ 109493.9
2025-09-27 18:36:20.745 - INFO - [ASTER_BTC] [OPEN] [5678252141] EXPIRED 0.001 @ 109493.9
2025-09-27 18:36:21.192 - INFO - [ASTER_BTC] [OPEN] [5678252418] OPEN 0.001 @ 109490.1
2025-09-27 18:36:21.192 - INFO - [ASTER_BTC] [OPEN] [5678252418] EXPIRED 0.001 @ 109490.1
2025-09-27 18:36:21.436 - INFO - [ASTER_BTC] [OPEN] Attempt 10 to place order
2025-09-27 18:36:21.858 - INFO - [ASTER_BTC] [OPEN] [5678252929] OPEN 0.001 @ 109490.1
2025-09-27 18:36:21.858 - INFO - [ASTER_BTC] [OPEN] [5678252929] EXPIRED 0.001 @ 109490.1
2025-09-27 18:36:22.337 - INFO - [ASTER_BTC] [OPEN] [5678253209] OPEN 0.001 @ 109490.1
2025-09-27 18:36:22.337 - INFO - [ASTER_BTC] [OPEN] [5678253209] EXPIRED 0.001 @ 109490.1
2025-09-27 18:36:22.876 - INFO - [ASTER_BTC] [OPEN] [5678253472] OPEN 0.001 @ 109490.1
2025-09-27 18:36:22.877 - INFO - [ASTER_BTC] [OPEN] [5678253472] EXPIRED 0.001 @ 109490.1
2025-09-27 18:36:23.390 - INFO - [ASTER_BTC] [OPEN] [5678253711] OPEN 0.001 @ 109490.1
2025-09-27 18:36:23.390 - INFO - [ASTER_BTC] [OPEN] [5678253711] EXPIRED 0.001 @ 109490.1
2025-09-27 18:36:23.850 - INFO - [ASTER_BTC] [OPEN] [5678253887] OPEN 0.001 @ 109490.1
2025-09-27 18:36:23.850 - INFO - [ASTER_BTC] [OPEN] [5678253887] EXPIRED 0.001 @ 109490.1
2025-09-27 18:36:24.072 - INFO - [ASTER_BTC] [OPEN] Attempt 15 to place order
2025-09-27 18:36:24.742 - INFO - [ASTER_BTC] [OPEN] [5678254324] OPEN 0.001 @ 109490.4
2025-09-27 18:36:24.742 - INFO - [ASTER_BTC] [OPEN] [5678254324] EXPIRED 0.001 @ 109490.4
2025-09-27 18:36:25.494 - INFO - [ASTER_BTC] [OPEN] [5678254726] OPEN 0.001 @ 109490.4
2025-09-27 18:36:25.494 - INFO - [ASTER_BTC] [OPEN] [5678254726] EXPIRED 0.001 @ 109490.4
2025-09-27 18:36:26.207 - INFO - [ASTER_BTC] [OPEN] [5678254952] OPEN 0.001 @ 109490.2
2025-09-27 18:36:26.207 - INFO - [ASTER_BTC] [OPEN] [5678254952] EXPIRED 0.001 @ 109490.2
2025-09-27 18:36:26.766 - INFO - [ASTER_BTC] [OPEN] [5678255092] OPEN 0.001 @ 109490.1
2025-09-27 18:36:39.004 - INFO - [ASTER_BTC] [OPEN] [5678255092] Cancelling order and placing a new order
2025-09-27 18:36:39.131 - INFO - [ASTER_BTC] [OPEN] [5678255092] CANCELED 0.001 @ 109490.1
2025-09-27 18:36:39.728 - INFO - [ASTER_BTC] [OPEN] [5678259118] OPEN 0.001 @ 109490.1
2025-09-27 18:36:44.111 - INFO - [ASTER_BTC] [OPEN] [5678259118] FILLED 0.001 @ 109490.1
2025-09-27 18:36:44.509 - INFO - [ASTER_BTC] [CLOSE] [5678260240] OPEN 0.001 @ 109533.9
2025-09-27 18:36:49.369 - INFO - [ASTER_BTC] Current Position: 0.001 | Active closing amount: 0.001 | Order quantity: 1
2025-09-27 18:37:50.407 - INFO - [ASTER_BTC] Current Position: 0.001 | Active closing amount: 0.001 | Order quantity: 1
2025-09-27 18:38:51.702 - INFO - [ASTER_BTC] Current Position: 0.001 | Active closing amount: 0.001 | Order quantity: 1
2025-09-27 18:39:52.611 - INFO - [ASTER_BTC] Current Position: 0.001 | Active closing amount: 0.001 | Order quantity: 1
2025-09-27 18:40:53.558 - INFO - [ASTER_BTC] Current Position: 0.001 | Active closing amount: 0.001 | Order quantity: 1
2025-09-27 18:41:54.555 - INFO - [ASTER_BTC] Current Position: 0.001 | Active closing amount: 0.001 | Order quantity: 1
2025-09-27 18:42:54.956 - INFO - [ASTER_BTC] Current Position: 0.001 | Active closing amount: 0.001 | Order quantity: 1
2025-09-27 18:43:55.326 - INFO - [ASTER_BTC] Current Position: 0.001 | Active closing amount: 0.001 | Order quantity: 1
2025-09-27 18:44:56.513 - INFO - [ASTER_BTC] Current Position: 0.001 | Active closing amount: 0.001 | Order quantity: 1
2025-09-27 18:45:57.192 - INFO - [ASTER_BTC] Current Position: 0.001 | Active closing amount: 0.001 | Order quantity: 1
2025-09-27 18:46:58.786 - INFO - [ASTER_BTC] Current Position: 0.001 | Active closing amount: 0.001 | Order quantity: 1
2025-09-27 18:48:00.069 - INFO - [ASTER_BTC] Current Position: 0.001 | Active closing amount: 0.001 | Order quantity: 1
2025-09-27 18:49:00.650 - INFO - [ASTER_BTC] Current Position: 0.001 | Active closing amount: 0.001 | Order quantity: 1
2025-09-27 18:50:01.650 - INFO - [ASTER_BTC] Current Position: 0.001 | Active closing amount: 0.001 | Order quantity: 1
2025-09-27 18:51:02.115 - INFO - [ASTER_BTC] Current Position: 0.001 | Active closing amount: 0.001 | Order quantity: 1
2025-09-27 18:52:03.328 - INFO - [ASTER_BTC] Current Position: 0.001 | Active closing amount: 0.001 | Order quantity: 1
2025-09-27 18:53:03.874 - INFO - [ASTER_BTC] Current Position: 0.001 | Active closing amount: 0.001 | Order quantity: 1
2025-09-27 18:54:05.380 - INFO - [ASTER_BTC] Current Position: 0.001 | Active closing amount: 0.001 | Order quantity: 1
2025-09-27 18:55:06.500 - INFO - [ASTER_BTC] Current Position: 0.001 | Active closing amount: 0.001 | Order quantity: 1
2025-09-27 18:56:07.634 - INFO - [ASTER_BTC] Current Position: 0.001 | Active closing amount: 0.001 | Order quantity: 1
2025-09-27 18:57:08.442 - INFO - [ASTER_BTC] Current Position: 0.001 | Active closing amount: 0.001 | Order quantity: 1
2025-09-27 18:58:09.318 - INFO - [ASTER_BTC] Current Position: 0.001 | Active closing amount: 0.001 | Order quantity: 1
2025-09-27 18:59:09.781 - INFO - [ASTER_BTC] Current Position: 0.001 | Active closing amount: 0.001 | Order quantity: 1
2025-09-27 19:00:10.968 - INFO - [ASTER_BTC] Current Position: 0.001 | Active closing amount: 0.001 | Order quantity: 1
2025-09-27 19:01:11.950 - INFO - [ASTER_BTC] Current Position: 0.001 | Active closing amount: 0.001 | Order quantity: 1
2025-09-27 19:02:12.456 - INFO - [ASTER_BTC] Current Position: 0.001 | Active closing amount: 0.001 | Order quantity: 1
2025-09-27 19:03:14.020 - INFO - [ASTER_BTC] Current Position: 0.001 | Active closing amount: 0.001 | Order quantity: 1
2025-09-27 19:04:15.418 - INFO - [ASTER_BTC] Current Position: 0.001 | Active closing amount: 0.001 | Order quantity: 1
2025-09-27 19:05:16.368 - INFO - [ASTER_BTC] Current Position: 0.001 | Active closing amount: 0.001 | Order quantity: 1
2025-09-27 19:06:17.815 - INFO - [ASTER_BTC] Current Position: 0.001 | Active closing amount: 0.001 | Order quantity: 1
2025-09-27 19:07:19.264 - INFO - [ASTER_BTC] Current Position: 0.001 | Active closing amount: 0.001 | Order quantity: 1
2025-09-27 19:08:19.621 - INFO - [ASTER_BTC] Current Position: 0.001 | Active closing amount: 0.001 | Order quantity: 1
2025-09-27 19:09:20.529 - INFO - [ASTER_BTC] Current Position: 0.001 | Active closing amount: 0.001 | Order quantity: 1
2025-09-27 19:10:22.026 - INFO - [ASTER_BTC] Current Position: 0.001 | Active closing amount: 0.001 | Order quantity: 1
2025-09-27 19:11:23.090 - INFO - [ASTER_BTC] Current Position: 0.001 | Active closing amount: 0.001 | Order quantity: 1
2025-09-27 19:12:24.184 - INFO - [ASTER_BTC] Current Position: 0.001 | Active closing amount: 0.001 | Order quantity: 1
2025-09-27 19:13:24.931 - INFO - [ASTER_BTC] Current Position: 0.001 | Active closing amount: 0.001 | Order quantity: 1
2025-09-27 19:14:25.845 - INFO - [ASTER_BTC] Current Position: 0.001 | Active closing amount: 0.001 | Order quantity: 1
2025-09-27 19:15:26.165 - INFO - [ASTER_BTC] Current Position: 0.001 | Active closing amount: 0.001 | Order quantity: 1
2025-09-27 19:16:27.794 - INFO - [ASTER_BTC] Current Position: 0.001 | Active closing amount: 0.001 | Order quantity: 1
2025-09-27 19:17:28.312 - INFO - [ASTER_BTC] Current Position: 0.001 | Active closing amount: 0.001 | Order quantity: 1
2025-09-27 19:18:28.619 - INFO - [ASTER_BTC] Current Position: 0.001 | Active closing amount: 0.001 | Order quantity: 1
2025-09-27 19:19:28.913 - INFO - [ASTER_BTC] Current Position: 0.001 | Active closing amount: 0.001 | Order quantity: 1
2025-09-27 19:20:29.371 - INFO - [ASTER_BTC] Current Position: 0.001 | Active closing amount: 0.001 | Order quantity: 1
2025-09-27 19:21:30.398 - INFO - [ASTER_BTC] Current Position: 0.001 | Active closing amount: 0.001 | Order quantity: 1
2025-09-27 19:22:30.693 - INFO - [ASTER_BTC] Current Position: 0.001 | Active closing amount: 0.001 | Order quantity: 1
2025-09-27 19:23:31.349 - INFO - [ASTER_BTC] Current Position: 0.001 | Active closing amount: 0.001 | Order quantity: 1
2025-09-27 19:24:32.773 - INFO - [ASTER_BTC] Current Position: 0.001 | Active closing amount: 0.001 | Order quantity: 1
2025-09-27 19:25:33.202 - INFO - [ASTER_BTC] Current Position: 0.001 | Active closing amount: 0.001 | Order quantity: 1
2025-09-27 19:26:34.118 - INFO - [ASTER_BTC] Current Position: 0.001 | Active closing amount: 0.001 | Order quantity: 1
2025-09-27 19:27:34.968 - INFO - [ASTER_BTC] Current Position: 0.001 | Active closing amount: 0.001 | Order quantity: 1
2025-09-27 19:28:35.658 - INFO - [ASTER_BTC] Current Position: 0.001 | Active closing amount: 0.001 | Order quantity: 1
2025-09-27 19:29:36.084 - INFO - [ASTER_BTC] Current Position: 0.001 | Active closing amount: 0.001 | Order quantity: 1
2025-09-27 19:30:37.242 - INFO - [ASTER_BTC] Current Position: 0.001 | Active closing amount: 0.001 | Order quantity: 1
2025-09-27 19:31:38.707 - INFO - [ASTER_BTC] Current Position: 0.001 | Active closing amount: 0.001 | Order quantity: 1
2025-09-27 19:32:39.816 - INFO - [ASTER_BTC] Current Position: 0.001 | Active closing amount: 0.001 | Order quantity: 1
2025-09-27 19:33:41.179 - INFO - [ASTER_BTC] Current Position: 0.001 | Active closing amount: 0.001 | Order quantity: 1
2025-09-27 19:34:41.691 - INFO - [ASTER_BTC] Current Position: 0.001 | Active closing amount: 0.001 | Order quantity: 1
2025-09-27 19:35:42.950 - INFO - [ASTER_BTC] Current Position: 0.001 | Active closing amount: 0.001 | Order quantity: 1
2025-09-27 19:36:44.493 - INFO - [ASTER_BTC] Current Position: 0.001 | Active closing amount: 0.001 | Order quantity: 1
2025-09-27 19:37:45.142 - INFO - [ASTER_BTC] Current Position: 0.001 | Active closing amount: 0.001 | Order quantity: 1
2025-09-27 19:38:46.612 - INFO - [ASTER_BTC] Current Position: 0.001 | Active closing amount: 0.001 | Order quantity: 1
2025-09-27 19:39:47.803 - INFO - [ASTER_BTC] Current Position: 0.001 | Active closing amount: 0.001 | Order quantity: 1
2025-09-27 19:40:49.329 - INFO - [ASTER_BTC] Current Position: 0.001 | Active closing amount: 0.001 | Order quantity: 1
2025-09-27 19:41:50.238 - INFO - [ASTER_BTC] Current Position: 0.001 | Active closing amount: 0.001 | Order quantity: 1
2025-09-27 19:42:51.619 - INFO - [ASTER_BTC] Current Position: 0.001 | Active closing amount: 0.001 | Order quantity: 1
2025-09-27 19:43:52.323 - INFO - [ASTER_BTC] Current Position: 0.001 | Active closing amount: 0.001 | Order quantity: 1
2025-09-27 19:44:52.916 - INFO - [ASTER_BTC] Current Position: 0.001 | Active closing amount: 0.001 | Order quantity: 1
2025-09-27 19:45:54.153 - INFO - [ASTER_BTC] Current Position: 0.001 | Active closing amount: 0.001 | Order quantity: 1
2025-09-27 19:46:55.350 - INFO - [ASTER_BTC] Current Position: 0.001 | Active closing amount: 0.001 | Order quantity: 1
2025-09-27 19:47:55.887 - INFO - [ASTER_BTC] Current Position: 0.001 | Active closing amount: 0.001 | Order quantity: 1
2025-09-27 19:48:56.444 - INFO - [ASTER_BTC] Current Position: 0.001 | Active closing amount: 0.001 | Order quantity: 1
2025-09-27 19:49:57.447 - INFO - [ASTER_BTC] Current Position: 0.001 | Active closing amount: 0.001 | Order quantity: 1
2025-09-27 19:50:58.932 - INFO - [ASTER_BTC] Current Position: 0.001 | Active closing amount: 0.001 | Order quantity: 1
2025-09-27 19:51:59.621 - INFO - [ASTER_BTC] Current Position: 0.001 | Active closing amount: 0.001 | Order quantity: 1
2025-09-27 19:52:59.904 - INFO - [ASTER_BTC] Current Position: 0.001 | Active closing amount: 0.001 | Order quantity: 1
2025-09-27 19:54:01.326 - INFO - [ASTER_BTC] Current Position: 0.001 | Active closing amount: 0.001 | Order quantity: 1
2025-09-27 19:55:02.639 - INFO - [ASTER_BTC] Current Position: 0.001 | Active closing amount: 0.001 | Order quantity: 1
2025-09-27 19:56:03.189 - INFO - [ASTER_BTC] Current Position: 0.001 | Active closing amount: 0.001 | Order quantity: 1
2025-09-27 19:57:04.533 - INFO - [ASTER_BTC] Current Position: 0.001 | Active closing amount: 0.001 | Order quantity: 1
2025-09-27 19:58:04.992 - INFO - [ASTER_BTC] Current Position: 0.001 | Active closing amount: 0.001 | Order quantity: 1
2025-09-27 19:59:06.636 - INFO - [ASTER_BTC] Current Position: 0.001 | Active closing amount: 0.001 | Order quantity: 1
2025-09-27 20:00:07.683 - INFO - [ASTER_BTC] Current Position: 0.001 | Active closing amount: 0.001 | Order quantity: 1
2025-09-27 20:01:09.065 - INFO - [ASTER_BTC] Current Position: 0.001 | Active closing amount: 0.001 | Order quantity: 1
2025-09-27 20:02:10.603 - INFO - [ASTER_BTC] Current Position: 0.001 | Active closing amount: 0.001 | Order quantity: 1
2025-09-27 20:03:11.540 - INFO - [ASTER_BTC] Current Position: 0.001 | Active closing amount: 0.001 | Order quantity: 1
2025-09-27 20:04:11.829 - INFO - [ASTER_BTC] Current Position: 0.001 | Active closing amount: 0.001 | Order quantity: 1
2025-09-27 20:05:13.098 - INFO - [ASTER_BTC] Current Position: 0.001 | Active closing amount: 0.001 | Order quantity: 1
2025-09-27 20:06:14.208 - INFO - [ASTER_BTC] Current Position: 0.001 | Active closing amount: 0.001 | Order quantity: 1
2025-09-27 20:07:15.530 - INFO - [ASTER_BTC] Current Position: 0.001 | Active closing amount: 0.001 | Order quantity: 1
2025-09-27 20:08:16.277 - INFO - [ASTER_BTC] Current Position: 0.001 | Active closing amount: 0.001 | Order quantity: 1
2025-09-27 20:09:17.694 - INFO - [ASTER_BTC] Current Position: 0.001 | Active closing amount: 0.001 | Order quantity: 1
2025-09-27 20:10:18.119 - INFO - [ASTER_BTC] Current Position: 0.001 | Active closing amount: 0.001 | Order quantity: 1
2025-09-27 20:11:18.499 - INFO - [ASTER_BTC] Current Position: 0.001 | Active closing amount: 0.001 | Order quantity: 1
2025-09-27 20:12:19.127 - INFO - [ASTER_BTC] Current Position: 0.001 | Active closing amount: 0.001 | Order quantity: 1
2025-09-27 20:13:20.609 - INFO - [ASTER_BTC] Current Position: 0.001 | Active closing amount: 0.001 | Order quantity: 1
2025-09-27 20:14:21.111 - INFO - [ASTER_BTC] Current Position: 0.001 | Active closing amount: 0.001 | Order quantity: 1
2025-09-27 20:15:22.223 - INFO - [ASTER_BTC] Current Position: 0.001 | Active closing amount: 0.001 | Order quantity: 1
2025-09-27 20:16:23.207 - INFO - [ASTER_BTC] Current Position: 0.001 | Active closing amount: 0.001 | Order quantity: 1
2025-09-27 20:17:24.057 - INFO - [ASTER_BTC] Current Position: 0.001 | Active closing amount: 0.001 | Order quantity: 1
2025-09-27 20:18:25.053 - INFO - [ASTER_BTC] Current Position: 0.001 | Active closing amount: 0.001 | Order quantity: 1
2025-09-27 20:19:26.473 - INFO - [ASTER_BTC] Current Position: 0.001 | Active closing amount: 0.001 | Order quantity: 1
2025-09-27 20:20:27.591 - INFO - [ASTER_BTC] Current Position: 0.001 | Active closing amount: 0.001 | Order quantity: 1
2025-09-27 20:21:28.957 - INFO - [ASTER_BTC] Current Position: 0.001 | Active closing amount: 0.001 | Order quantity: 1
2025-09-27 20:21:54.530 - INFO - [ASTER_BTC] [OPEN] [5679611673] OPEN 0.001 @ 109269.2
2025-09-27 20:21:56.043 - INFO - [ASTER_BTC] [OPEN] [5679611673] FILLED 0.001 @ 109269.2
2025-09-27 20:21:56.573 - INFO - [ASTER_BTC] [CLOSE] [5679612285] OPEN 0.001 @ 109312.9
2025-09-27 20:22:29.431 - INFO - [ASTER_BTC] Current Position: 0.002 | Active closing amount: 0.002 | Order quantity: 2
2025-09-27 20:23:30.874 - INFO - [ASTER_BTC] Current Position: 0.002 | Active closing amount: 0.002 | Order quantity: 2
2025-09-27 20:24:32.265 - INFO - [ASTER_BTC] Current Position: 0.002 | Active closing amount: 0.002 | Order quantity: 2
2025-09-27 20:25:32.667 - INFO - [ASTER_BTC] Current Position: 0.002 | Active closing amount: 0.002 | Order quantity: 2
2025-09-27 20:26:34.159 - INFO - [ASTER_BTC] Current Position: 0.002 | Active closing amount: 0.002 | Order quantity: 2
2025-09-27 20:27:34.580 - INFO - [ASTER_BTC] Current Position: 0.002 | Active closing amount: 0.002 | Order quantity: 2
2025-09-27 20:28:36.001 - INFO - [ASTER_BTC] Current Position: 0.002 | Active closing amount: 0.002 | Order quantity: 2
2025-09-27 20:29:36.965 - INFO - [ASTER_BTC] Current Position: 0.002 | Active closing amount: 0.002 | Order quantity: 2
2025-09-27 20:30:38.717 - INFO - [ASTER_BTC] Current Position: 0.002 | Active closing amount: 0.002 | Order quantity: 2
2025-09-27 20:31:39.234 - INFO - [ASTER_BTC] Current Position: 0.002 | Active closing amount: 0.002 | Order quantity: 2
2025-09-27 20:32:40.629 - INFO - [ASTER_BTC] Current Position: 0.002 | Active closing amount: 0.002 | Order quantity: 2
2025-09-27 20:33:41.399 - INFO - [ASTER_BTC] Current Position: 0.002 | Active closing amount: 0.002 | Order quantity: 2
2025-09-27 20:34:43.152 - INFO - [ASTER_BTC] Current Position: 0.002 | Active closing amount: 0.002 | Order quantity: 2
2025-09-27 20:35:44.476 - INFO - [ASTER_BTC] Current Position: 0.002 | Active closing amount: 0.002 | Order quantity: 2
2025-09-27 20:36:44.980 - INFO - [ASTER_BTC] Current Position: 0.002 | Active closing amount: 0.002 | Order quantity: 2
2025-09-27 20:37:46.074 - INFO - [ASTER_BTC] Current Position: 0.002 | Active closing amount: 0.002 | Order quantity: 2
2025-09-27 20:38:46.891 - INFO - [ASTER_BTC] Current Position: 0.002 | Active closing amount: 0.002 | Order quantity: 2
2025-09-27 20:38:53.209 - INFO - [ASTER_BTC] [CLOSE] [5679612285] FILLED 0.001 @ 109312.9
2025-09-27 20:39:48.319 - INFO - [ASTER_BTC] Current Position: 0.001 | Active closing amount: 0.001 | Order quantity: 1
2025-09-27 20:40:49.601 - INFO - [ASTER_BTC] Current Position: 0.001 | Active closing amount: 0.001 | Order quantity: 1
2025-09-27 20:41:50.586 - INFO - [ASTER_BTC] Current Position: 0.001 | Active closing amount: 0.001 | Order quantity: 1
2025-09-27 20:42:50.942 - INFO - [ASTER_BTC] Current Position: 0.001 | Active closing amount: 0.001 | Order quantity: 1
2025-09-27 20:43:51.998 - INFO - [ASTER_BTC] Current Position: 0.001 | Active closing amount: 0.001 | Order quantity: 1
2025-09-27 20:44:52.720 - INFO - [ASTER_BTC] Current Position: 0.001 | Active closing amount: 0.001 | Order quantity: 1
2025-09-27 20:45:53.764 - INFO - [ASTER_BTC] Current Position: 0.001 | Active closing amount: 0.001 | Order quantity: 1
2025-09-27 20:46:54.718 - INFO - [ASTER_BTC] Current Position: 0.001 | Active closing amount: 0.001 | Order quantity: 1
2025-09-27 20:47:55.768 - INFO - [ASTER_BTC] Current Position: 0.001 | Active closing amount: 0.001 | Order quantity: 1
2025-09-27 20:48:56.683 - INFO - [ASTER_BTC] Current Position: 0.001 | Active closing amount: 0.001 | Order quantity: 1
2025-09-27 20:49:57.533 - INFO - [ASTER_BTC] Current Position: 0.001 | Active closing amount: 0.001 | Order quantity: 1
2025-09-27 20:50:58.074 - INFO - [ASTER_BTC] Current Position: 0.001 | Active closing amount: 0.001 | Order quantity: 1
2025-09-27 20:51:58.668 - INFO - [ASTER_BTC] Current Position: 0.001 | Active closing amount: 0.001 | Order quantity: 1
2025-09-27 20:53:00.114 - INFO - [ASTER_BTC] Current Position: 0.001 | Active closing amount: 0.001 | Order quantity: 1
2025-09-27 20:54:01.557 - INFO - [ASTER_BTC] Current Position: 0.001 | Active closing amount: 0.001 | Order quantity: 1
2025-09-27 20:54:36.580 - INFO - [ASTER_BTC] [CLOSE] [5680052922] OPEN 0.001 @ 0
2025-09-27 20:54:36.580 - INFO - [ASTER_BTC] [CLOSE] [5680052922] FILLED 0.001 @ 0
2025-09-27 20:55:02.027 - INFO - [ASTER_BTC] Current Position: 0.000 | Active closing amount: 0.001 | Order quantity: 1
2025-09-27 20:55:14.545 - INFO - [ASTER_BTC] WebSocket disconnected
2025-09-29 17:59:19.462 - INFO - [ASTER_BTC] === Trading Configuration ===
2025-09-29 17:59:19.462 - INFO - [ASTER_BTC] Ticker: BTC
2025-09-29 17:59:19.462 - INFO - [ASTER_BTC] Contract ID: BTCUSDT
2025-09-29 17:59:19.462 - INFO - [ASTER_BTC] Quantity: 0.001
2025-09-29 17:59:19.462 - INFO - [ASTER_BTC] Take Profit: 0.04%
2025-09-29 17:59:19.462 - INFO - [ASTER_BTC] Direction: buy
2025-09-29 17:59:19.462 - INFO - [ASTER_BTC] Max Orders: 10
2025-09-29 17:59:19.462 - INFO - [ASTER_BTC] Wait Time: 30s
2025-09-29 17:59:19.462 - INFO - [ASTER_BTC] Exchange: aster
2025-09-29 17:59:19.462 - INFO - [ASTER_BTC] Grid Step: 0.2%
2025-09-29 17:59:19.462 - INFO - [ASTER_BTC] Stop Price: -1
2025-09-29 17:59:19.462 - INFO - [ASTER_BTC] Pause Price: -1
2025-09-29 17:59:19.462 - INFO - [ASTER_BTC] Aster Boost: False
2025-09-29 17:59:19.462 - INFO - [ASTER_BTC] =============================
2025-09-29 17:59:20.021 - INFO - [ASTER_BTC] Connected to Aster WebSocket with listen key
2025-09-29 17:59:22.133 - INFO - [ASTER_BTC] Current Position: 0.000 | Active closing amount: 0 | Order quantity: 0
2025-09-29 17:59:22.378 - INFO - [ASTER_BTC] [OPEN] [5725238344] OPEN 0.001 @ 112056.1
2025-09-29 17:59:34.419 - INFO - [ASTER_BTC] [OPEN] [5725238344] Cancelling order and placing a new order
2025-09-29 17:59:34.628 - INFO - [ASTER_BTC] [OPEN] [5725238344] CANCELED 0.001 @ 112056.1
2025-09-29 17:59:35.361 - INFO - [ASTER_BTC] [OPEN] [5725241513] OPEN 0.001 @ 112056.1
2025-09-29 17:59:47.404 - INFO - [ASTER_BTC] [OPEN] [5725241513] Cancelling order and placing a new order
2025-09-29 17:59:47.567 - INFO - [ASTER_BTC] [OPEN] [5725241513] CANCELED 0.001 @ 112056.1
2025-09-29 17:59:48.062 - INFO - [ASTER_BTC] [OPEN] [5725244567] OPEN 0.001 @ 112056.1
2025-09-29 18:00:00.191 - INFO - [ASTER_BTC] [OPEN] [5725244567] Cancelling order and placing a new order
2025-09-29 18:00:00.324 - INFO - [ASTER_BTC] [OPEN] [5725244567] CANCELED 0.001 @ 112056.1
2025-09-29 18:00:00.779 - INFO - [ASTER_BTC] [OPEN] [5725247729] OPEN 0.001 @ 112056.1
2025-09-29 18:00:13.001 - INFO - [ASTER_BTC] [OPEN] [5725247729] Cancelling order and placing a new order
2025-09-29 18:00:13.533 - INFO - [ASTER_BTC] [OPEN] [5725247729] CANCELED 0.001 @ 112056.1
2025-09-29 18:00:13.926 - INFO - [ASTER_BTC] [OPEN] [5725250607] OPEN 0.001 @ 112056.1
2025-09-29 18:00:27.054 - INFO - [ASTER_BTC] [OPEN] [5725250607] Cancelling order and placing a new order
2025-09-29 18:00:27.179 - INFO - [ASTER_BTC] [OPEN] [5725250607] CANCELED 0.001 @ 112056.1
2025-09-29 18:00:27.681 - INFO - [ASTER_BTC] Current Position: 0.000 | Active closing amount: 0 | Order quantity: 0
2025-09-29 18:00:27.919 - INFO - [ASTER_BTC] [OPEN] [5725252636] OPEN 0.001 @ 112056.1
2025-09-29 18:00:40.137 - INFO - [ASTER_BTC] [OPEN] [5725252636] Cancelling order and placing a new order
2025-09-29 18:00:40.283 - INFO - [ASTER_BTC] [OPEN] [5725252636] CANCELED 0.001 @ 112056.1
2025-09-29 18:00:40.696 - INFO - [ASTER_BTC] [OPEN] [5725254716] OPEN 0.001 @ 112056.1
2025-09-29 18:00:52.755 - INFO - [ASTER_BTC] [OPEN] [5725254716] Cancelling order and placing a new order
2025-09-29 18:00:52.888 - INFO - [ASTER_BTC] [OPEN] [5725254716] CANCELED 0.001 @ 112056.1
2025-09-29 18:00:53.311 - INFO - [ASTER_BTC] [OPEN] [5725257232] OPEN 0.001 @ 112056.1
2025-09-29 18:01:05.372 - INFO - [ASTER_BTC] [OPEN] [5725257232] Cancelling order and placing a new order
2025-09-29 18:01:05.512 - INFO - [ASTER_BTC] [OPEN] [5725257232] CANCELED 0.001 @ 112056.1
2025-09-29 18:01:05.970 - INFO - [ASTER_BTC] [OPEN] [5725259643] OPEN 0.001 @ 112056.1
2025-09-29 18:01:17.990 - INFO - [ASTER_BTC] [OPEN] [5725259643] Cancelling order and placing a new order
2025-09-29 18:01:18.138 - INFO - [ASTER_BTC] [OPEN] [5725259643] CANCELED 0.001 @ 112056.1
2025-09-29 18:01:18.605 - INFO - [ASTER_BTC] [OPEN] [5725262320] OPEN 0.001 @ 112056.1
2025-09-29 18:01:30.733 - INFO - [ASTER_BTC] [OPEN] [5725262320] Cancelling order and placing a new order
2025-09-29 18:01:30.873 - INFO - [ASTER_BTC] [OPEN] [5725262320] CANCELED 0.001 @ 112056.1
2025-09-29 18:01:31.344 - INFO - [ASTER_BTC] Current Position: 0.000 | Active closing amount: 0 | Order quantity: 0
2025-09-29 18:01:31.625 - INFO - [ASTER_BTC] [OPEN] [5725265163] OPEN 0.001 @ 112056.1
2025-09-29 18:01:43.670 - INFO - [ASTER_BTC] [OPEN] [5725265163] Cancelling order and placing a new order
2025-09-29 18:01:43.816 - INFO - [ASTER_BTC] [OPEN] [5725265163] CANCELED 0.001 @ 112056.1
2025-09-29 18:01:44.247 - INFO - [ASTER_BTC] [OPEN] [5725267431] OPEN 0.001 @ 112056.1
2025-09-29 18:01:56.524 - INFO - [ASTER_BTC] [OPEN] [5725267431] Cancelling order and placing a new order
2025-09-29 18:01:56.669 - INFO - [ASTER_BTC] [OPEN] [5725267431] CANCELED 0.001 @ 112056.1
2025-09-29 18:01:57.058 - INFO - [ASTER_BTC] [OPEN] [5725269381] OPEN 0.001 @ 112056.1
2025-09-29 18:02:09.090 - INFO - [ASTER_BTC] [OPEN] [5725269381] Cancelling order and placing a new order
2025-09-29 18:02:09.294 - INFO - [ASTER_BTC] [OPEN] [5725269381] CANCELED 0.001 @ 112056.1
2025-09-29 18:02:09.690 - INFO - [ASTER_BTC] [OPEN] [5725271378] OPEN 0.001 @ 112056.1
2025-09-29 18:02:22.002 - INFO - [ASTER_BTC] [OPEN] [5725271378] Cancelling order and placing a new order
2025-09-29 18:02:22.162 - INFO - [ASTER_BTC] [OPEN] [5725271378] CANCELED 0.001 @ 112056.1
2025-09-29 18:02:22.523 - INFO - [ASTER_BTC] [OPEN] [5725273571] OPEN 0.001 @ 112056.1
2025-09-29 18:02:34.719 - INFO - [ASTER_BTC] [OPEN] [5725273571] Cancelling order and placing a new order
2025-09-29 18:02:34.847 - INFO - [ASTER_BTC] [OPEN] [5725273571] CANCELED 0.001 @ 112056.1
2025-09-29 18:02:35.497 - INFO - [ASTER_BTC] Current Position: 0.000 | Active closing amount: 0 | Order quantity: 0
2025-09-29 18:02:35.737 - INFO - [ASTER_BTC] [OPEN] [5725275880] OPEN 0.001 @ 112056.1
2025-09-29 18:02:46.079 - INFO - [ASTER_BTC] [OPEN] [5725275880] FILLED 0.001 @ 112056.1
2025-09-29 18:02:46.447 - INFO - [ASTER_BTC] [CLOSE] [5725277822] OPEN 0.001 @ 112100.9
2025-09-29 18:03:36.480 - INFO - [ASTER_BTC] Current Position: 0.001 | Active closing amount: 0.001 | Order quantity: 1
2025-09-29 18:04:36.878 - INFO - [ASTER_BTC] Current Position: 0.001 | Active closing amount: 0.001 | Order quantity: 1
2025-09-29 18:05:37.662 - INFO - [ASTER_BTC] Current Position: 0.001 | Active closing amount: 0.001 | Order quantity: 1
2025-09-29 18:06:38.751 - INFO - [ASTER_BTC] Current Position: 0.001 | Active closing amount: 0.001 | Order quantity: 1
2025-09-29 18:07:39.696 - INFO - [ASTER_BTC] Current Position: 0.001 | Active closing amount: 0.001 | Order quantity: 1
2025-09-29 18:08:40.064 - INFO - [ASTER_BTC] Current Position: 0.001 | Active closing amount: 0.001 | Order quantity: 1
2025-09-29 18:09:40.587 - INFO - [ASTER_BTC] Current Position: 0.001 | Active closing amount: 0.001 | Order quantity: 1
2025-09-29 18:10:41.063 - INFO - [ASTER_BTC] Current Position: 0.001 | Active closing amount: 0.001 | Order quantity: 1
2025-09-29 18:11:42.276 - INFO - [ASTER_BTC] Current Position: 0.001 | Active closing amount: 0.001 | Order quantity: 1
2025-09-29 18:12:42.903 - INFO - [ASTER_BTC] Current Position: 0.001 | Active closing amount: 0.001 | Order quantity: 1
2025-09-29 18:13:43.713 - INFO - [ASTER_BTC] Current Position: 0.001 | Active closing amount: 0.001 | Order quantity: 1
2025-09-29 18:14:44.183 - INFO - [ASTER_BTC] Current Position: 0.001 | Active closing amount: 0.001 | Order quantity: 1
2025-09-29 18:15:44.821 - INFO - [ASTER_BTC] Current Position: 0.001 | Active closing amount: 0.001 | Order quantity: 1
2025-09-29 18:16:45.198 - INFO - [ASTER_BTC] Current Position: 0.001 | Active closing amount: 0.001 | Order quantity: 1
2025-09-29 18:17:45.578 - INFO - [ASTER_BTC] Current Position: 0.001 | Active closing amount: 0.001 | Order quantity: 1
2025-09-29 18:18:46.731 - INFO - [ASTER_BTC] Current Position: 0.001 | Active closing amount: 0.001 | Order quantity: 1
2025-09-29 18:19:47.170 - INFO - [ASTER_BTC] Current Position: 0.001 | Active closing amount: 0.001 | Order quantity: 1
2025-09-29 18:20:47.773 - INFO - [ASTER_BTC] Current Position: 0.001 | Active closing amount: 0.001 | Order quantity: 1
2025-09-29 18:21:49.031 - INFO - [ASTER_BTC] Current Position: 0.001 | Active closing amount: 0.001 | Order quantity: 1
2025-09-29 18:22:49.510 - INFO - [ASTER_BTC] Current Position: 0.001 | Active closing amount: 0.001 | Order quantity: 1
2025-09-29 18:23:50.567 - INFO - [ASTER_BTC] Current Position: 0.001 | Active closing amount: 0.001 | Order quantity: 1
2025-09-29 18:24:14.252 - INFO - [ASTER_BTC] [CLOSE] [5725277822] FILLED 0.001 @ 112100.9
2025-09-29 18:24:15.416 - INFO - [ASTER_BTC] [OPEN] [5725621139] OPEN 0.001 @ 112115.4
2025-09-29 18:24:15.417 - INFO - [ASTER_BTC] [OPEN] [5725621139] EXPIRED 0.001 @ 112115.4
2025-09-29 18:24:15.866 - INFO - [ASTER_BTC] [OPEN] [5725622290] OPEN 0.001 @ 112115.4
2025-09-29 18:24:15.866 - INFO - [ASTER_BTC] [OPEN] [5725622290] EXPIRED 0.001 @ 112115.4
2025-09-29 18:24:16.411 - INFO - [ASTER_BTC] [OPEN] [5725623050] OPEN 0.001 @ 112115.4
2025-09-29 18:24:16.411 - INFO - [ASTER_BTC] [OPEN] [5725623050] EXPIRED 0.001 @ 112115.4
2025-09-29 18:24:16.920 - INFO - [ASTER_BTC] [OPEN] [5725623724] OPEN 0.001 @ 112115.4
2025-09-29 18:24:16.921 - INFO - [ASTER_BTC] [OPEN] [5725623724] EXPIRED 0.001 @ 112115.4
2025-09-29 18:24:17.182 - INFO - [ASTER_BTC] [OPEN] Attempt 5 to place order
2025-09-29 18:24:17.839 - INFO - [ASTER_BTC] [OPEN] [5725624426] OPEN 0.001 @ 112115.4
2025-09-29 18:24:17.840 - INFO - [ASTER_BTC] [OPEN] [5725624426] EXPIRED 0.001 @ 112115.4
2025-09-29 18:24:18.311 - INFO - [ASTER_BTC] [OPEN] [5725624821] OPEN 0.001 @ 112114.9
2025-09-29 18:24:30.440 - INFO - [ASTER_BTC] [OPEN] [5725624821] Cancelling order and placing a new order
2025-09-29 18:24:30.745 - INFO - [ASTER_BTC] [OPEN] [5725624821] CANCELED 0.001 @ 112114.9
2025-09-29 18:24:31.152 - INFO - [ASTER_BTC] [OPEN] [5725628345] OPEN 0.001 @ 112124.9
2025-09-29 18:24:43.245 - INFO - [ASTER_BTC] [OPEN] [5725628345] Cancelling order and placing a new order
2025-09-29 18:24:43.374 - INFO - [ASTER_BTC] [OPEN] [5725628345] CANCELED 0.001 @ 112124.9
2025-09-29 18:24:43.804 - INFO - [ASTER_BTC] [OPEN] [5725633572] OPEN 0.001 @ 112139.3
2025-09-29 18:24:55.963 - INFO - [ASTER_BTC] [OPEN] [5725633572] Cancelling order and placing a new order
2025-09-29 18:24:56.238 - INFO - [ASTER_BTC] [OPEN] [5725633572] CANCELED 0.001 @ 112139.3
2025-09-29 18:24:57.165 - INFO - [ASTER_BTC] Current Position: 0.000 | Active closing amount: 0 | Order quantity: 0
2025-09-29 18:24:57.579 - INFO - [ASTER_BTC] [OPEN] [5725638949] OPEN 0.001 @ 112139.3
2025-09-29 18:25:09.731 - INFO - [ASTER_BTC] [OPEN] [5725638949] Cancelling order and placing a new order
2025-09-29 18:25:09.898 - INFO - [ASTER_BTC] [OPEN] [5725638949] CANCELED 0.001 @ 112139.3
2025-09-29 18:25:10.349 - INFO - [ASTER_BTC] [OPEN] [5725643856] OPEN 0.001 @ 112139.3
2025-09-29 18:25:22.585 - INFO - [ASTER_BTC] [OPEN] [5725643856] Cancelling order and placing a new order
2025-09-29 18:25:22.731 - INFO - [ASTER_BTC] [OPEN] [5725643856] CANCELED 0.001 @ 112139.3
2025-09-29 18:25:23.071 - INFO - [ASTER_BTC] [OPEN] [5725648418] OPEN 0.001 @ 112139.3
2025-09-29 18:25:35.154 - INFO - [ASTER_BTC] [OPEN] [5725648418] Cancelling order and placing a new order
2025-09-29 18:25:35.397 - INFO - [ASTER_BTC] [OPEN] [5725648418] CANCELED 0.001 @ 112139.3
2025-09-29 18:25:35.731 - INFO - [ASTER_BTC] [OPEN] [5725653594] OPEN 0.001 @ 112139.3
2025-09-29 18:25:42.786 - INFO - [ASTER_BTC] [OPEN] [5725653594] FILLED 0.001 @ 112139.3
2025-09-29 18:25:43.196 - INFO - [ASTER_BTC] [CLOSE] [5725656945] OPEN 0.001 @ 112184.2
2025-09-29 18:25:57.746 - INFO - [ASTER_BTC] Current Position: 0.001 | Active closing amount: 0.001 | Order quantity: 1
2025-09-29 18:26:58.212 - INFO - [ASTER_BTC] Current Position: 0.001 | Active closing amount: 0.001 | Order quantity: 1
2025-09-29 18:27:59.372 - INFO - [ASTER_BTC] Current Position: 0.001 | Active closing amount: 0.001 | Order quantity: 1
2025-09-29 18:28:59.865 - INFO - [ASTER_BTC] Current Position: 0.001 | Active closing amount: 0.001 | Order quantity: 1
2025-09-29 18:30:00.751 - INFO - [ASTER_BTC] Current Position: 0.001 | Active closing amount: 0.001 | Order quantity: 1
2025-09-29 18:31:01.729 - INFO - [ASTER_BTC] Current Position: 0.001 | Active closing amount: 0.001 | Order quantity: 1
2025-09-29 18:32:02.213 - INFO - [ASTER_BTC] Current Position: 0.001 | Active closing amount: 0.001 | Order quantity: 1
2025-09-29 18:33:03.385 - INFO - [ASTER_BTC] Current Position: 0.001 | Active closing amount: 0.001 | Order quantity: 1
2025-09-29 18:34:04.162 - INFO - [ASTER_BTC] Current Position: 0.001 | Active closing amount: 0.001 | Order quantity: 1
2025-09-29 18:35:05.738 - INFO - [ASTER_BTC] Current Position: 0.001 | Active closing amount: 0.001 | Order quantity: 1
2025-09-29 18:36:06.721 - INFO - [ASTER_BTC] Current Position: 0.001 | Active closing amount: 0.001 | Order quantity: 1
2025-09-29 18:37:07.247 - INFO - [ASTER_BTC] Current Position: 0.001 | Active closing amount: 0.001 | Order quantity: 1
2025-09-29 18:38:07.738 - INFO - [ASTER_BTC] Current Position: 0.001 | Active closing amount: 0.001 | Order quantity: 1
2025-09-29 18:39:08.182 - INFO - [ASTER_BTC] Current Position: 0.001 | Active closing amount: 0.001 | Order quantity: 1
2025-09-29 18:40:09.276 - INFO - [ASTER_BTC] Current Position: 0.001 | Active closing amount: 0.001 | Order quantity: 1
2025-09-29 18:41:10.083 - INFO - [ASTER_BTC] Current Position: 0.001 | Active closing amount: 0.001 | Order quantity: 1
2025-09-29 18:42:10.391 - INFO - [ASTER_BTC] Current Position: 0.001 | Active closing amount: 0.001 | Order quantity: 1
2025-09-29 18:43:10.911 - INFO - [ASTER_BTC] Current Position: 0.001 | Active closing amount: 0.001 | Order quantity: 1
2025-09-29 18:44:11.613 - INFO - [ASTER_BTC] Current Position: 0.001 | Active closing amount: 0.001 | Order quantity: 1
2025-09-29 18:45:12.590 - INFO - [ASTER_BTC] Current Position: 0.001 | Active closing amount: 0.001 | Order quantity: 1
2025-09-29 18:46:14.060 - INFO - [ASTER_BTC] Current Position: 0.001 | Active closing amount: 0.001 | Order quantity: 1
2025-09-29 18:47:14.486 - INFO - [ASTER_BTC] Current Position: 0.001 | Active closing amount: 0.001 | Order quantity: 1
2025-09-29 18:48:15.800 - INFO - [ASTER_BTC] Current Position: 0.001 | Active closing amount: 0.001 | Order quantity: 1
2025-09-29 18:49:17.285 - INFO - [ASTER_BTC] Current Position: 0.001 | Active closing amount: 0.001 | Order quantity: 1
2025-09-29 18:50:18.825 - INFO - [ASTER_BTC] Current Position: 0.001 | Active closing amount: 0.001 | Order quantity: 1
2025-09-29 18:51:19.314 - INFO - [ASTER_BTC] Current Position: 0.001 | Active closing amount: 0.001 | Order quantity: 1
2025-09-29 18:52:20.437 - INFO - [ASTER_BTC] Current Position: 0.001 | Active closing amount: 0.001 | Order quantity: 1
2025-09-29 18:52:47.144 - INFO - [ASTER_BTC] WebSocket disconnected
2025-09-29 19:18:49.111 - INFO - [ASTER_BTC] === Trading Configuration ===
2025-09-29 19:18:49.111 - INFO - [ASTER_BTC] Ticker: BTC
2025-09-29 19:18:49.111 - INFO - [ASTER_BTC] Contract ID: BTCUSDT
2025-09-29 19:18:49.111 - INFO - [ASTER_BTC] Quantity: 0.01
2025-09-29 19:18:49.111 - INFO - [ASTER_BTC] Take Profit: 0.04%
2025-09-29 19:18:49.111 - INFO - [ASTER_BTC] Direction: buy
2025-09-29 19:18:49.111 - INFO - [ASTER_BTC] Max Orders: 10
2025-09-29 19:18:49.111 - INFO - [ASTER_BTC] Wait Time: 30s
2025-09-29 19:18:49.111 - INFO - [ASTER_BTC] Exchange: aster
2025-09-29 19:18:49.111 - INFO - [ASTER_BTC] Grid Step: 0.2%
2025-09-29 19:18:49.111 - INFO - [ASTER_BTC] Stop Price: -1
2025-09-29 19:18:49.111 - INFO - [ASTER_BTC] Pause Price: -1
2025-09-29 19:18:49.111 - INFO - [ASTER_BTC] Aster Boost: False
2025-09-29 19:18:49.111 - INFO - [ASTER_BTC] =============================
2025-09-29 19:18:49.669 - INFO - [ASTER_BTC] Connected to Aster WebSocket with listen key
2025-09-29 19:18:51.506 - INFO - [ASTER_BTC] Current Position: 0.088 | Active closing amount: 0 | Order quantity: 0
2025-09-29 19:18:51.580 - INFO - [ASTER_BTC] WebSocket disconnected
2025-09-29 19:19:55.844 - INFO - [ASTER_BTC] === Trading Configuration ===
2025-09-29 19:19:55.844 - INFO - [ASTER_BTC] Ticker: BTC
2025-09-29 19:19:55.844 - INFO - [ASTER_BTC] Contract ID: BTCUSDT
2025-09-29 19:19:55.845 - INFO - [ASTER_BTC] Quantity: 0.01
2025-09-29 19:19:55.845 - INFO - [ASTER_BTC] Take Profit: 0.04%
2025-09-29 19:19:55.845 - INFO - [ASTER_BTC] Direction: buy
2025-09-29 19:19:55.845 - INFO - [ASTER_BTC] Max Orders: 10
2025-09-29 19:19:55.845 - INFO - [ASTER_BTC] Wait Time: 30s
2025-09-29 19:19:55.845 - INFO - [ASTER_BTC] Exchange: aster
2025-09-29 19:19:55.847 - INFO - [ASTER_BTC] Grid Step: 0.2%
2025-09-29 19:19:55.847 - INFO - [ASTER_BTC] Stop Price: -1
2025-09-29 19:19:55.847 - INFO - [ASTER_BTC] Pause Price: -1
2025-09-29 19:19:55.847 - INFO - [ASTER_BTC] Aster Boost: False
2025-09-29 19:19:55.848 - INFO - [ASTER_BTC] =============================
2025-09-29 19:19:56.490 - INFO - [ASTER_BTC] Connected to Aster WebSocket with listen key
2025-09-29 19:19:58.224 - INFO - [ASTER_BTC] Current Position: 0.000 | Active closing amount: 0 | Order quantity: 0
2025-09-29 19:19:58.487 - INFO - [ASTER_BTC] [OPEN] [5726665334] OPEN 0.010 @ 111973.3
2025-09-29 19:20:10.749 - INFO - [ASTER_BTC] [OPEN] [5726665334] Cancelling order and placing a new order
2025-09-29 19:20:10.957 - INFO - [ASTER_BTC] [OPEN] [5726665334] CANCELED 0.010 @ 111973.3
2025-09-29 19:20:11.355 - INFO - [ASTER_BTC] [OPEN] [5726670946] OPEN 0.010 @ 111973.3
2025-09-29 19:20:23.519 - INFO - [ASTER_BTC] [OPEN] [5726670946] Cancelling order and placing a new order
2025-09-29 19:20:23.700 - INFO - [ASTER_BTC] [OPEN] [5726670946] CANCELED 0.010 @ 111973.3
2025-09-29 19:20:24.373 - INFO - [ASTER_BTC] [OPEN] [5726676616] OPEN 0.010 @ 111973.3
2025-09-29 19:20:36.578 - INFO - [ASTER_BTC] [OPEN] [5726676616] Cancelling order and placing a new order
2025-09-29 19:20:36.727 - INFO - [ASTER_BTC] [OPEN] [5726676616] CANCELED 0.010 @ 111973.3
2025-09-29 19:20:37.069 - INFO - [ASTER_BTC] [OPEN] [5726682055] OPEN 0.010 @ 111973.3
2025-09-29 19:20:49.088 - INFO - [ASTER_BTC] [OPEN] [5726682055] Cancelling order and placing a new order
2025-09-29 19:20:49.243 - INFO - [ASTER_BTC] [OPEN] [5726682055] CANCELED 0.010 @ 111973.3
2025-09-29 19:20:49.586 - INFO - [ASTER_BTC] [OPEN] [5726687619] OPEN 0.010 @ 111973.3
2025-09-29 19:21:01.671 - INFO - [ASTER_BTC] [OPEN] [5726687619] Cancelling order and placing a new order
2025-09-29 19:21:01.865 - INFO - [ASTER_BTC] [OPEN] [5726687619] CANCELED 0.010 @ 111973.3
2025-09-29 19:21:02.254 - INFO - [ASTER_BTC] Current Position: 0.000 | Active closing amount: 0 | Order quantity: 0
2025-09-29 19:21:02.544 - INFO - [ASTER_BTC] [OPEN] [5726692915] OPEN 0.010 @ 111973.3
2025-09-29 19:21:14.562 - INFO - [ASTER_BTC] [OPEN] [5726692915] Cancelling order and placing a new order
2025-09-29 19:21:14.699 - INFO - [ASTER_BTC] [OPEN] [5726692915] CANCELED 0.010 @ 111973.3
2025-09-29 19:21:15.111 - INFO - [ASTER_BTC] [OPEN] [5726698503] OPEN 0.010 @ 111973.3
2025-09-29 19:21:27.306 - INFO - [ASTER_BTC] [OPEN] [5726698503] Cancelling order and placing a new order
2025-09-29 19:21:27.479 - INFO - [ASTER_BTC] [OPEN] [5726698503] CANCELED 0.010 @ 111973.3
2025-09-29 19:21:27.862 - INFO - [ASTER_BTC] [OPEN] [5726704133] OPEN 0.010 @ 111973.3
2025-09-29 19:21:40.046 - INFO - [ASTER_BTC] [OPEN] [5726704133] Cancelling order and placing a new order
2025-09-29 19:21:40.178 - INFO - [ASTER_BTC] [OPEN] [5726704133] CANCELED 0.010 @ 111973.3
2025-09-29 19:21:40.609 - INFO - [ASTER_BTC] [OPEN] [5726709583] OPEN 0.010 @ 111973.3
2025-09-29 19:21:52.846 - INFO - [ASTER_BTC] [OPEN] [5726709583] Cancelling order and placing a new order
2025-09-29 19:21:52.981 - INFO - [ASTER_BTC] [OPEN] [5726709583] CANCELED 0.010 @ 111973.3
2025-09-29 19:21:53.416 - INFO - [ASTER_BTC] [OPEN] [5726714672] OPEN 0.010 @ 111973.3
2025-09-29 19:22:05.452 - INFO - [ASTER_BTC] [OPEN] [5726714672] Cancelling order and placing a new order
2025-09-29 19:22:05.636 - INFO - [ASTER_BTC] [OPEN] [5726714672] CANCELED 0.010 @ 111973.3
2025-09-29 19:22:06.009 - INFO - [ASTER_BTC] Current Position: 0.000 | Active closing amount: 0 | Order quantity: 0
2025-09-29 19:22:06.274 - INFO - [ASTER_BTC] [OPEN] [5726724851] OPEN 0.010 @ 111999.9
2025-09-29 19:22:17.322 - INFO - [ASTER_BTC] [OPEN] [5726724851] FILLED 0.010 @ 111999.9
2025-09-29 19:22:17.699 - INFO - [ASTER_BTC] [CLOSE] [5726730727] OPEN 0.010 @ 112044.7
2025-09-29 19:23:06.524 - INFO - [ASTER_BTC] Current Position: 0.010 | Active closing amount: 0.010 | Order quantity: 1
2025-09-29 19:24:07.572 - INFO - [ASTER_BTC] Current Position: 0.010 | Active closing amount: 0.010 | Order quantity: 1
2025-09-29 19:25:08.808 - INFO - [ASTER_BTC] Current Position: 0.010 | Active closing amount: 0.010 | Order quantity: 1
2025-09-29 19:26:09.448 - INFO - [ASTER_BTC] Current Position: 0.010 | Active closing amount: 0.010 | Order quantity: 1
2025-09-29 19:27:10.043 - INFO - [ASTER_BTC] Current Position: 0.010 | Active closing amount: 0.010 | Order quantity: 1
2025-09-29 19:28:11.001 - INFO - [ASTER_BTC] Current Position: 0.010 | Active closing amount: 0.010 | Order quantity: 1
2025-09-29 19:29:13.296 - INFO - [ASTER_BTC] Current Position: 0.010 | Active closing amount: 0.010 | Order quantity: 1
2025-09-29 19:30:14.651 - INFO - [ASTER_BTC] Current Position: 0.010 | Active closing amount: 0.010 | Order quantity: 1
2025-09-29 19:31:16.006 - INFO - [ASTER_BTC] Current Position: 0.010 | Active closing amount: 0.010 | Order quantity: 1
2025-09-29 19:32:17.216 - INFO - [ASTER_BTC] Current Position: 0.010 | Active closing amount: 0.010 | Order quantity: 1
2025-09-29 19:32:33.842 - INFO - [ASTER_BTC] [OPEN] [5726984004] OPEN 0.044 @ 0
2025-09-29 19:32:33.843 - INFO - [ASTER_BTC] [OPEN] [5726984004] FILLED 0.044 @ 0
2025-09-29 19:33:18.695 - INFO - [ASTER_BTC] Current Position: 0.054 | Active closing amount: 0.010 | Order quantity: 1
2025-09-29 19:33:18.785 - INFO - [ASTER_BTC] WebSocket disconnected
2025-09-29 20:27:23.833 - INFO - [ASTER_BTC] === Trading Configuration ===
2025-09-29 20:27:23.833 - INFO - [ASTER_BTC] Ticker: BTC
2025-09-29 20:27:23.833 - INFO - [ASTER_BTC] Contract ID: BTCUSDT
2025-09-29 20:27:23.833 - INFO - [ASTER_BTC] Quantity: 0.001
2025-09-29 20:27:23.833 - INFO - [ASTER_BTC] Take Profit: 0.04%
2025-09-29 20:27:23.833 - INFO - [ASTER_BTC] Direction: buy
2025-09-29 20:27:23.833 - INFO - [ASTER_BTC] Max Orders: 10
2025-09-29 20:27:23.833 - INFO - [ASTER_BTC] Wait Time: 30s
2025-09-29 20:27:23.833 - INFO - [ASTER_BTC] Exchange: aster
2025-09-29 20:27:23.833 - INFO - [ASTER_BTC] Grid Step: 0.2%
2025-09-29 20:27:23.833 - INFO - [ASTER_BTC] Stop Price: -1
2025-09-29 20:27:23.833 - INFO - [ASTER_BTC] Pause Price: -1
2025-09-29 20:27:23.833 - INFO - [ASTER_BTC] Aster Boost: False
2025-09-29 20:27:23.833 - INFO - [ASTER_BTC] =============================
2025-09-29 20:27:24.291 - INFO - [ASTER_BTC] Connected to Aster WebSocket with listen key
2025-09-29 20:27:26.216 - INFO - [ASTER_BTC] Current Position: 0.000 | Active closing amount: 0 | Order quantity: 0
2025-09-29 20:27:26.475 - INFO - [ASTER_BTC] [OPEN] [5728050122] OPEN 0.001 @ 112284.3
2025-09-29 20:27:38.706 - INFO - [ASTER_BTC] [OPEN] [5728050122] Cancelling order and placing a new order
2025-09-29 20:27:38.939 - INFO - [ASTER_BTC] [OPEN] [5728050122] CANCELED 0.001 @ 112284.3
2025-09-29 20:27:39.416 - INFO - [ASTER_BTC] [OPEN] [5728059260] OPEN 0.001 @ 112299.8
2025-09-29 20:27:51.608 - INFO - [ASTER_BTC] [OPEN] [5728059260] Cancelling order and placing a new order
2025-09-29 20:27:51.740 - INFO - [ASTER_BTC] [OPEN] [5728059260] CANCELED 0.001 @ 112299.8
2025-09-29 20:27:52.157 - INFO - [ASTER_BTC] [OPEN] [5728066056] OPEN 0.001 @ 112302.2
2025-09-29 20:27:56.687 - INFO - [ASTER_BTC] [OPEN] [5728066056] FILLED 0.001 @ 112302.2
2025-09-29 20:27:57.080 - INFO - [ASTER_BTC] [CLOSE] [5728068605] OPEN 0.001 @ 112347.1
2025-09-29 20:28:27.193 - INFO - [ASTER_BTC] Current Position: 0.001 | Active closing amount: 0.001 | Order quantity: 1
2025-09-29 20:29:28.365 - INFO - [ASTER_BTC] Current Position: 0.001 | Active closing amount: 0.001 | Order quantity: 1
2025-09-29 20:30:29.380 - INFO - [ASTER_BTC] Current Position: 0.001 | Active closing amount: 0.001 | Order quantity: 1
2025-09-29 20:31:30.770 - INFO - [ASTER_BTC] Current Position: 0.001 | Active closing amount: 0.001 | Order quantity: 1
2025-09-29 20:31:41.651 - INFO - [ASTER_BTC] [CLOSE] [5728068605] FILLED 0.001 @ 112347.1
2025-09-29 20:31:42.086 - INFO - [ASTER_BTC] [OPEN] [5728204735] OPEN 0.001 @ 112356.6
2025-09-29 20:31:54.421 - INFO - [ASTER_BTC] [OPEN] [5728204735] Cancelling order and placing a new order
2025-09-29 20:31:54.630 - INFO - [ASTER_BTC] [OPEN] [5728204735] CANCELED 0.001 @ 112356.6
2025-09-29 20:31:55.177 - INFO - [ASTER_BTC] [OPEN] [5728213245] OPEN 0.001 @ 112411.7
2025-09-29 20:31:58.182 - INFO - [ASTER_BTC] [OPEN] [5728213245] FILLED 0.001 @ 112411.7
2025-09-29 20:31:58.697 - INFO - [ASTER_BTC] [CLOSE] [5728214620] OPEN 0.001 @ 112456.7
2025-09-29 20:32:32.219 - INFO - [ASTER_BTC] Current Position: 0.001 | Active closing amount: 0.001 | Order quantity: 1
2025-09-29 20:33:20.649 - INFO - [ASTER_BTC] [CLOSE] [5728267277] OPEN 0.001 @ 0
2025-09-29 20:33:20.650 - INFO - [ASTER_BTC] [CLOSE] [5728267277] FILLED 0.001 @ 0
2025-09-29 20:33:25.828 - INFO - [ASTER_BTC] WebSocket disconnected
2025-09-29 20:40:40.135 - INFO - [ASTER_BTC] === Trading Configuration ===
2025-09-29 20:40:40.135 - INFO - [ASTER_BTC] Ticker: BTC
2025-09-29 20:40:40.135 - INFO - [ASTER_BTC] Contract ID: BTCUSDT
2025-09-29 20:40:40.135 - INFO - [ASTER_BTC] Quantity: 0.001
2025-09-29 20:40:40.135 - INFO - [ASTER_BTC] Take Profit: 0.04%
2025-09-29 20:40:40.135 - INFO - [ASTER_BTC] Direction: buy
2025-09-29 20:40:40.135 - INFO - [ASTER_BTC] Max Orders: 10
2025-09-29 20:40:40.135 - INFO - [ASTER_BTC] Wait Time: 30s
2025-09-29 20:40:40.135 - INFO - [ASTER_BTC] Exchange: aster
2025-09-29 20:40:40.135 - INFO - [ASTER_BTC] Grid Step: 0.2%
2025-09-29 20:40:40.135 - INFO - [ASTER_BTC] Stop Price: -1
2025-09-29 20:40:40.135 - INFO - [ASTER_BTC] Pause Price: -1
2025-09-29 20:40:40.135 - INFO - [ASTER_BTC] Aster Boost: False
2025-09-29 20:40:40.135 - INFO - [ASTER_BTC] =============================
2025-09-29 20:40:41.509 - INFO - [ASTER_BTC] Connected to Aster WebSocket with listen key
2025-09-29 20:40:42.530 - INFO - [ASTER_BTC] Current Position: 0.000 | Active closing amount: 0.044 | Order quantity: 1
2025-09-29 20:40:42.641 - INFO - [ASTER_BTC] WebSocket disconnected
2025-09-29 20:40:51.775 - INFO - [ASTER_BTC] === Trading Configuration ===
2025-09-29 20:40:51.775 - INFO - [ASTER_BTC] Ticker: BTC
2025-09-29 20:40:51.775 - INFO - [ASTER_BTC] Contract ID: BTCUSDT
2025-09-29 20:40:51.775 - INFO - [ASTER_BTC] Quantity: 0.001
2025-09-29 20:40:51.775 - INFO - [ASTER_BTC] Take Profit: 0.04%
2025-09-29 20:40:51.775 - INFO - [ASTER_BTC] Direction: buy
2025-09-29 20:40:51.775 - INFO - [ASTER_BTC] Max Orders: 10
2025-09-29 20:40:51.775 - INFO - [ASTER_BTC] Wait Time: 30s
2025-09-29 20:40:51.775 - INFO - [ASTER_BTC] Exchange: aster
2025-09-29 20:40:51.775 - INFO - [ASTER_BTC] Grid Step: 0.2%
2025-09-29 20:40:51.775 - INFO - [ASTER_BTC] Stop Price: -1
2025-09-29 20:40:51.791 - INFO - [ASTER_BTC] Pause Price: -1
2025-09-29 20:40:51.791 - INFO - [ASTER_BTC] Aster Boost: False
2025-09-29 20:40:51.791 - INFO - [ASTER_BTC] =============================
2025-09-29 20:40:52.236 - INFO - [ASTER_BTC] Connected to Aster WebSocket with listen key
2025-09-29 20:40:54.255 - INFO - [ASTER_BTC] Current Position: 0.000 | Active closing amount: 0.044 | Order quantity: 1
2025-09-29 20:40:54.303 - INFO - [ASTER_BTC] WebSocket disconnected
2025-09-29 20:41:23.231 - INFO - [ASTER_BTC] === Trading Configuration ===
2025-09-29 20:41:23.231 - INFO - [ASTER_BTC] Ticker: BTC
2025-09-29 20:41:23.231 - INFO - [ASTER_BTC] Contract ID: BTCUSDT
2025-09-29 20:41:23.231 - INFO - [ASTER_BTC] Quantity: 0.001
2025-09-29 20:41:23.231 - INFO - [ASTER_BTC] Take Profit: 0.04%
2025-09-29 20:41:23.233 - INFO - [ASTER_BTC] Direction: buy
2025-09-29 20:41:23.233 - INFO - [ASTER_BTC] Max Orders: 10
2025-09-29 20:41:23.234 - INFO - [ASTER_BTC] Wait Time: 30s
2025-09-29 20:41:23.234 - INFO - [ASTER_BTC] Exchange: aster
2025-09-29 20:41:23.234 - INFO - [ASTER_BTC] Grid Step: 0.2%
2025-09-29 20:41:23.234 - INFO - [ASTER_BTC] Stop Price: -1
2025-09-29 20:41:23.234 - INFO - [ASTER_BTC] Pause Price: -1
2025-09-29 20:41:23.235 - INFO - [ASTER_BTC] Aster Boost: False
2025-09-29 20:41:23.235 - INFO - [ASTER_BTC] =============================
2025-09-29 20:41:23.643 - INFO - [ASTER_BTC] Connected to Aster WebSocket with listen key
2025-09-29 20:41:25.722 - INFO - [ASTER_BTC] Current Position: 0.000 | Active closing amount: 0 | Order quantity: 0
2025-09-29 20:41:26.087 - INFO - [ASTER_BTC] [OPEN] [5728492146] OPEN 0.001 @ 112038.3
2025-09-29 20:41:26.108 - INFO - [ASTER_BTC] [OPEN] [5728492146] FILLED 0.001 @ 112038.3
2025-09-29 20:41:26.740 - INFO - [ASTER_BTC] [CLOSE] [5728492929] OPEN 0.001 @ 112083.1
2025-09-29 20:42:26.607 - INFO - [ASTER_BTC] Current Position: 0.001 | Active closing amount: 0.001 | Order quantity: 1
2025-09-29 20:43:09.158 - INFO - [ASTER_BTC] [CLOSE] [5728492929] FILLED 0.001 @ 112083.1
2025-09-29 20:43:10.294 - INFO - [ASTER_BTC] [OPEN] [5728547019] OPEN 0.001 @ 112097.1
2025-09-29 20:43:16.546 - INFO - [ASTER_BTC] [OPEN] [5728547019] FILLED 0.001 @ 112097.1
2025-09-29 20:43:16.998 - INFO - [ASTER_BTC] [CLOSE] [5728553956] OPEN 0.001 @ 112141.9
2025-09-29 20:43:27.936 - INFO - [ASTER_BTC] Current Position: 0.001 | Active closing amount: 0.001 | Order quantity: 1
2025-09-29 20:44:29.441 - INFO - [ASTER_BTC] Current Position: 0.001 | Active closing amount: 0.001 | Order quantity: 1
2025-09-29 20:45:29.866 - INFO - [ASTER_BTC] Current Position: 0.001 | Active closing amount: 0.001 | Order quantity: 1
2025-09-29 20:45:56.267 - INFO - [ASTER_BTC] [CLOSE] [5728553956] FILLED 0.001 @ 112141.9
2025-09-29 20:45:57.449 - INFO - [ASTER_BTC] [OPEN] [5728625349] OPEN 0.001 @ 112139
2025-09-29 20:45:57.449 - INFO - [ASTER_BTC] [OPEN] [5728625349] EXPIRED 0.001 @ 112139
2025-09-29 20:45:57.965 - INFO - [ASTER_BTC] [OPEN] [5728626811] OPEN 0.001 @ 112138.9
2025-09-29 20:46:09.990 - INFO - [ASTER_BTC] [OPEN] [5728626811] Cancelling order and placing a new order
2025-09-29 20:46:10.205 - INFO - [ASTER_BTC] [OPEN] [5728626811] CANCELED 0.001 @ 112138.9
2025-09-29 20:46:10.670 - INFO - [ASTER_BTC] [OPEN] [5728640199] OPEN 0.001 @ 112144
2025-09-29 20:46:22.815 - INFO - [ASTER_BTC] [OPEN] [5728640199] Cancelling order and placing a new order
2025-09-29 20:46:22.951 - INFO - [ASTER_BTC] [OPEN] [5728640199] CANCELED 0.001 @ 112144
2025-09-29 20:46:23.308 - INFO - [ASTER_BTC] [OPEN] [5728648003] OPEN 0.001 @ 112144
2025-09-29 20:46:35.428 - INFO - [ASTER_BTC] [OPEN] [5728648003] Cancelling order and placing a new order
2025-09-29 20:46:35.593 - INFO - [ASTER_BTC] [OPEN] [5728648003] CANCELED 0.001 @ 112144
2025-09-29 20:46:35.999 - INFO - [ASTER_BTC] Current Position: 0.000 | Active closing amount: 0 | Order quantity: 0
2025-09-29 20:46:36.270 - INFO - [ASTER_BTC] [OPEN] [5728656456] OPEN 0.001 @ 112149.5
2025-09-29 20:46:48.461 - INFO - [ASTER_BTC] [OPEN] [5728656456] Cancelling order and placing a new order
2025-09-29 20:46:48.662 - INFO - [ASTER_BTC] [OPEN] [5728656456] CANCELED 0.001 @ 112149.5
2025-09-29 20:46:49.023 - INFO - [ASTER_BTC] [OPEN] [5728664506] OPEN 0.001 @ 112149.5
2025-09-29 20:47:01.176 - INFO - [ASTER_BTC] [OPEN] [5728664506] Cancelling order and placing a new order
2025-09-29 20:47:01.393 - INFO - [ASTER_BTC] [OPEN] [5728664506] CANCELED 0.001 @ 112149.5
2025-09-29 20:47:01.837 - INFO - [ASTER_BTC] [OPEN] [5728674633] OPEN 0.001 @ 112184.1
2025-09-29 20:47:04.322 - INFO - [ASTER_BTC] [OPEN] [5728674633] FILLED 0.001 @ 112184.1
2025-09-29 20:47:04.703 - INFO - [ASTER_BTC] [CLOSE] [5728676411] OPEN 0.001 @ 112229
2025-09-29 20:47:36.339 - INFO - [ASTER_BTC] Current Position: 0.001 | Active closing amount: 0.001 | Order quantity: 1
2025-09-29 20:48:36.814 - INFO - [ASTER_BTC] Current Position: 0.001 | Active closing amount: 0.001 | Order quantity: 1
2025-09-29 20:49:37.415 - INFO - [ASTER_BTC] Current Position: 0.001 | Active closing amount: 0.001 | Order quantity: 1
2025-09-29 20:50:38.154 - INFO - [ASTER_BTC] Current Position: 0.001 | Active closing amount: 0.001 | Order quantity: 1
2025-09-29 20:51:38.502 - INFO - [ASTER_BTC] Current Position: 0.001 | Active closing amount: 0.001 | Order quantity: 1
2025-09-29 20:52:09.293 - INFO - [ASTER_BTC] [OPEN] [5728796616] OPEN 0.001 @ 111956.6
2025-09-29 20:52:21.373 - INFO - [ASTER_BTC] [OPEN] [5728796616] Cancelling order and placing a new order
2025-09-29 20:52:21.663 - INFO - [ASTER_BTC] [OPEN] [5728796616] CANCELED 0.001 @ 111956.6
2025-09-29 20:52:39.571 - INFO - [ASTER_BTC] Current Position: 0.001 | Active closing amount: 0.001 | Order quantity: 1
2025-09-29 20:52:46.203 - INFO - [ASTER_BTC] [OPEN] [5728811693] OPEN 0.001 @ 111955
2025-09-29 20:52:47.101 - INFO - [ASTER_BTC] [OPEN] [5728811693] FILLED 0.001 @ 111955
2025-09-29 20:52:47.757 - INFO - [ASTER_BTC] [CLOSE] [5728812428] OPEN 0.001 @ 111999.8
2025-09-29 20:53:40.701 - INFO - [ASTER_BTC] Current Position: 0.002 | Active closing amount: 0.002 | Order quantity: 2
2025-09-29 20:54:33.211 - INFO - [ASTER_BTC] [CLOSE] [5728882393] OPEN 0.002 @ 0
2025-09-29 20:54:33.211 - INFO - [ASTER_BTC] [CLOSE] [5728882393] FILLED 0.002 @ 0
2025-09-29 20:54:41.818 - INFO - [ASTER_BTC] Current Position: 0.000 | Active closing amount: 0.002 | Order quantity: 2
2025-09-29 20:54:45.532 - INFO - [ASTER_BTC] [OPEN] [5728887540] OPEN 0.044 @ 0
2025-09-29 20:54:45.532 - INFO - [ASTER_BTC] [OPEN] [5728887540] FILLED 0.044 @ 0
2025-09-29 20:55:05.123 - INFO - [ASTER_BTC] [OPEN] [5728892680] OPEN 0.044 @ 0
2025-09-29 20:55:05.123 - INFO - [ASTER_BTC] [OPEN] [5728892680] FILLED 0.044 @ 0
2025-09-29 20:55:10.640 - INFO - [ASTER_BTC] [CLOSE] [5728812428] FILLED 0.001 @ 111999.8
2025-09-29 20:55:30.604 - INFO - [ASTER_BTC] [CLOSE] [5728903564] OPEN 0.087 @ 0
2025-09-29 20:55:30.614 - INFO - [ASTER_BTC] [CLOSE] [5728903564] FILLED 0.087 @ 0
2025-09-29 20:55:41.357 - INFO - [ASTER_BTC] [CLOSE] [5728676411] CANCELED 0.001 @ 112229
2025-09-29 20:55:41.733 - INFO - [ASTER_BTC] [OPEN] [5728907545] OPEN 0.001 @ 112019.6
2025-09-29 20:55:51.958 - INFO - [ASTER_BTC] [OPEN] [5728907545] CANCELED 0.001 @ 112019.6
2025-09-29 20:55:53.804 - INFO - [ASTER_BTC] [OPEN] [5728907545] Cancelling order and placing a new order
2025-09-29 20:55:53.945 - ERROR - [ASTER_BTC] [CLOSE] Failed to cancel order 5728907545: API request failed: {'code': -2011, 'msg': 'Unknown order sent.'}
2025-09-29 20:55:54.306 - INFO - [ASTER_BTC] Current Position: 0.000 | Active closing amount: 0 | Order quantity: 0
2025-09-29 20:55:54.575 - INFO - [ASTER_BTC] [OPEN] [5728913339] OPEN 0.001 @ 112029.1
2025-09-29 20:55:57.979 - INFO - [ASTER_BTC] WebSocket disconnected
2025-09-29 20:56:20.190 - INFO - [ASTER_BTC] === Trading Configuration ===
2025-09-29 20:56:20.190 - INFO - [ASTER_BTC] Ticker: BTC
2025-09-29 20:56:20.191 - INFO - [ASTER_BTC] Contract ID: BTCUSDT
2025-09-29 20:56:20.191 - INFO - [ASTER_BTC] Quantity: 0.001
2025-09-29 20:56:20.191 - INFO - [ASTER_BTC] Take Profit: 0.04%
2025-09-29 20:56:20.191 - INFO - [ASTER_BTC] Direction: buy
2025-09-29 20:56:20.192 - INFO - [ASTER_BTC] Max Orders: 10
2025-09-29 20:56:20.192 - INFO - [ASTER_BTC] Wait Time: 30s
2025-09-29 20:56:20.192 - INFO - [ASTER_BTC] Exchange: aster
2025-09-29 20:56:20.193 - INFO - [ASTER_BTC] Grid Step: 0.2%
2025-09-29 20:56:20.193 - INFO - [ASTER_BTC] Stop Price: -1
2025-09-29 20:56:20.193 - INFO - [ASTER_BTC] Pause Price: -1
2025-09-29 20:56:20.193 - INFO - [ASTER_BTC] Aster Boost: False
2025-09-29 20:56:20.194 - INFO - [ASTER_BTC] =============================
2025-09-29 20:56:20.780 - INFO - [ASTER_BTC] Connected to Aster WebSocket with listen key
2025-09-29 20:56:22.552 - INFO - [ASTER_BTC] Current Position: 0.000 | Active closing amount: 0 | Order quantity: 0
2025-09-29 20:56:22.789 - INFO - [ASTER_BTC] [OPEN] [5728924028] OPEN 0.001 @ 111996.4
2025-09-29 20:56:29.666 - INFO - [ASTER_BTC] [OPEN] [5728924028] FILLED 0.001 @ 111996.4
2025-09-29 20:56:30.274 - INFO - [ASTER_BTC] [CLOSE] [5728925819] OPEN 0.001 @ 112041.2
2025-09-29 20:57:22.833 - INFO - [ASTER_BTC] Current Position: 0.001 | Active closing amount: 0.001 | Order quantity: 1
2025-09-29 20:58:24.035 - INFO - [ASTER_BTC] Current Position: 0.001 | Active closing amount: 0.001 | Order quantity: 1
2025-09-29 20:59:24.789 - INFO - [ASTER_BTC] Current Position: 0.001 | Active closing amount: 0.001 | Order quantity: 1
2025-09-29 21:00:25.174 - INFO - [ASTER_BTC] Current Position: 0.001 | Active closing amount: 0.001 | Order quantity: 1
2025-09-29 21:01:26.047 - INFO - [ASTER_BTC] Current Position: 0.001 | Active closing amount: 0.001 | Order quantity: 1
2025-09-29 21:02:27.040 - INFO - [ASTER_BTC] Current Position: 0.001 | Active closing amount: 0.001 | Order quantity: 1
2025-09-29 21:03:27.435 - INFO - [ASTER_BTC] Current Position: 0.001 | Active closing amount: 0.001 | Order quantity: 1
2025-09-29 21:04:28.100 - INFO - [ASTER_BTC] Current Position: 0.001 | Active closing amount: 0.001 | Order quantity: 1
2025-09-29 21:05:28.778 - INFO - [ASTER_BTC] Current Position: 0.001 | Active closing amount: 0.001 | Order quantity: 1
2025-09-29 21:06:29.430 - INFO - [ASTER_BTC] Current Position: 0.001 | Active closing amount: 0.001 | Order quantity: 1
2025-09-29 21:07:30.912 - INFO - [ASTER_BTC] Current Position: 0.001 | Active closing amount: 0.001 | Order quantity: 1
2025-09-29 21:08:31.952 - INFO - [ASTER_BTC] Current Position: 0.001 | Active closing amount: 0.001 | Order quantity: 1
2025-09-29 21:09:32.293 - INFO - [ASTER_BTC] Current Position: 0.001 | Active closing amount: 0.001 | Order quantity: 1
2025-09-29 21:10:33.796 - INFO - [ASTER_BTC] Current Position: 0.001 | Active closing amount: 0.001 | Order quantity: 1
2025-09-29 21:11:34.064 - INFO - [ASTER_BTC] Current Position: 0.001 | Active closing amount: 0.001 | Order quantity: 1
2025-09-29 21:12:34.995 - INFO - [ASTER_BTC] Current Position: 0.001 | Active closing amount: 0.001 | Order quantity: 1
2025-09-29 21:13:36.312 - INFO - [ASTER_BTC] Current Position: 0.001 | Active closing amount: 0.001 | Order quantity: 1
2025-09-29 21:14:23.533 - INFO - [ASTER_BTC] [CLOSE] [5728925819] FILLED 0.001 @ 112041.2
2025-09-29 21:14:24.277 - INFO - [ASTER_BTC] [OPEN] [5729388407] OPEN 0.001 @ 112041.9
2025-09-29 21:14:36.424 - INFO - [ASTER_BTC] [OPEN] [5729388407] Cancelling order and placing a new order
2025-09-29 21:14:36.578 - INFO - [ASTER_BTC] [OPEN] [5729388407] CANCELED 0.001 @ 112041.9
2025-09-29 21:14:36.995 - INFO - [ASTER_BTC] Current Position: 0.000 | Active closing amount: 0 | Order quantity: 0
2025-09-29 21:14:37.233 - INFO - [ASTER_BTC] [OPEN] [5729397758] OPEN 0.001 @ 112057.1
2025-09-29 21:14:40.720 - INFO - [ASTER_BTC] [OPEN] [5729397758] FILLED 0.001 @ 112057.1
2025-09-29 21:14:41.211 - INFO - [ASTER_BTC] [CLOSE] [5729400000] OPEN 0.001 @ 112101.9
2025-09-29 21:15:37.477 - INFO - [ASTER_BTC] Current Position: 0.001 | Active closing amount: 0.001 | Order quantity: 1
2025-09-29 21:16:38.345 - INFO - [ASTER_BTC] Current Position: 0.001 | Active closing amount: 0.001 | Order quantity: 1
2025-09-29 21:17:38.620 - INFO - [ASTER_BTC] Current Position: 0.001 | Active closing amount: 0.001 | Order quantity: 1
2025-09-29 21:18:00.668 - INFO - [ASTER_BTC] [CLOSE] [5729400000] FILLED 0.001 @ 112101.9
2025-09-29 21:18:01.727 - INFO - [ASTER_BTC] [OPEN] [5729481240] OPEN 0.001 @ 112109.9
2025-09-29 21:18:13.836 - INFO - [ASTER_BTC] [OPEN] [5729481240] Cancelling order and placing a new order
2025-09-29 21:18:14.001 - INFO - [ASTER_BTC] [OPEN] [5729481240] CANCELED 0.001 @ 112109.9
2025-09-29 21:18:14.332 - INFO - [ASTER_BTC] [OPEN] [5729486083] OPEN 0.001 @ 112115.8
2025-09-29 21:18:26.555 - INFO - [ASTER_BTC] [OPEN] [5729486083] Cancelling order and placing a new order
2025-09-29 21:18:26.712 - INFO - [ASTER_BTC] [OPEN] [5729486083] CANCELED 0.001 @ 112115.8
2025-09-29 21:18:27.139 - INFO - [ASTER_BTC] [OPEN] [5729488644] OPEN 0.001 @ 112115.8
2025-09-29 21:18:39.253 - INFO - [ASTER_BTC] [OPEN] [5729488644] Cancelling order and placing a new order
2025-09-29 21:18:39.429 - INFO - [ASTER_BTC] [OPEN] [5729488644] CANCELED 0.001 @ 112115.8
2025-09-29 21:18:39.787 - INFO - [ASTER_BTC] Current Position: 0.000 | Active closing amount: 0 | Order quantity: 0
2025-09-29 21:18:40.022 - INFO - [ASTER_BTC] [OPEN] [5729491613] OPEN 0.001 @ 112116.1
2025-09-29 21:18:50.679 - INFO - [ASTER_BTC] [OPEN] [5729491613] FILLED 0.001 @ 112116.1
2025-09-29 21:18:51.027 - INFO - [ASTER_BTC] [CLOSE] [5729493990] OPEN 0.001 @ 112160.9
2025-09-29 21:19:40.488 - INFO - [ASTER_BTC] Current Position: 0.001 | Active closing amount: 0.001 | Order quantity: 1
2025-09-29 21:20:41.452 - INFO - [ASTER_BTC] Current Position: 0.001 | Active closing amount: 0.001 | Order quantity: 1
2025-09-29 21:21:09.796 - INFO - [ASTER_BTC] [CLOSE] [5729493990] FILLED 0.001 @ 112160.9
2025-09-29 21:21:11.322 - INFO - [ASTER_BTC] [OPEN] [5729534365] OPEN 0.001 @ 112201.4
2025-09-29 21:21:23.469 - INFO - [ASTER_BTC] [OPEN] [5729534365] Cancelling order and placing a new order
2025-09-29 21:21:23.609 - INFO - [ASTER_BTC] [OPEN] [5729534365] CANCELED 0.001 @ 112201.4
2025-09-29 21:21:24.115 - INFO - [ASTER_BTC] [OPEN] [5729543265] OPEN 0.001 @ 112234.7
2025-09-29 21:21:36.161 - INFO - [ASTER_BTC] [OPEN] [5729543265] Cancelling order and placing a new order
2025-09-29 21:21:36.395 - INFO - [ASTER_BTC] [OPEN] [5729543265] CANCELED 0.001 @ 112234.7
2025-09-29 21:21:36.923 - INFO - [ASTER_BTC] [OPEN] [5729548275] OPEN 0.001 @ 112247.4
2025-09-29 21:21:40.534 - INFO - [ASTER_BTC] [OPEN] [5729548275] FILLED 0.001 @ 112247.4
2025-09-29 21:21:40.880 - INFO - [ASTER_BTC] [CLOSE] [5729549689] OPEN 0.001 @ 112292.3
2025-09-29 21:21:43.301 - INFO - [ASTER_BTC] Current Position: 0.001 | Active closing amount: 0.001 | Order quantity: 1
2025-09-29 21:22:43.878 - INFO - [ASTER_BTC] Current Position: 0.001 | Active closing amount: 0.001 | Order quantity: 1
2025-09-29 21:23:44.741 - INFO - [ASTER_BTC] Current Position: 0.001 | Active closing amount: 0.001 | Order quantity: 1
2025-09-29 21:24:45.798 - INFO - [ASTER_BTC] Current Position: 0.001 | Active closing amount: 0.001 | Order quantity: 1
2025-09-29 21:25:47.268 - INFO - [ASTER_BTC] Current Position: 0.001 | Active closing amount: 0.001 | Order quantity: 1
2025-09-29 21:26:48.420 - INFO - [ASTER_BTC] Current Position: 0.001 | Active closing amount: 0.001 | Order quantity: 1
2025-09-29 21:27:49.752 - INFO - [ASTER_BTC] Current Position: 0.001 | Active closing amount: 0.001 | Order quantity: 1
2025-09-29 21:28:50.124 - INFO - [ASTER_BTC] Current Position: 0.001 | Active closing amount: 0.001 | Order quantity: 1
2025-09-29 21:29:50.734 - INFO - [ASTER_BTC] Current Position: 0.001 | Active closing amount: 0.001 | Order quantity: 1
2025-09-29 21:30:51.997 - INFO - [ASTER_BTC] Current Position: 0.001 | Active closing amount: 0.001 | Order quantity: 1
2025-09-29 21:31:53.369 - INFO - [ASTER_BTC] Current Position: 0.001 | Active closing amount: 0.001 | Order quantity: 1
2025-09-29 21:32:54.292 - INFO - [ASTER_BTC] Current Position: 0.001 | Active closing amount: 0.001 | Order quantity: 1
2025-09-29 21:33:54.665 - INFO - [ASTER_BTC] Current Position: 0.001 | Active closing amount: 0.001 | Order quantity: 1
2025-09-29 21:34:55.538 - INFO - [ASTER_BTC] Current Position: 0.001 | Active closing amount: 0.001 | Order quantity: 1
2025-09-29 21:35:56.830 - INFO - [ASTER_BTC] Current Position: 0.001 | Active closing amount: 0.001 | Order quantity: 1
2025-09-29 21:36:59.529 - INFO - [ASTER_BTC] Current Position: 0.001 | Active closing amount: 0.001 | Order quantity: 1
2025-09-29 21:38:01.145 - INFO - [ASTER_BTC] Current Position: 0.001 | Active closing amount: 0.001 | Order quantity: 1
2025-09-29 21:38:14.540 - INFO - [ASTER_BTC] [CLOSE] [5729549689] FILLED 0.001 @ 112292.3
2025-09-29 21:38:15.345 - INFO - [ASTER_BTC] [OPEN] [5730164855] OPEN 0.001 @ 112315
2025-09-29 21:38:27.519 - INFO - [ASTER_BTC] [OPEN] [5730164855] Cancelling order and placing a new order
2025-09-29 21:38:27.706 - INFO - [ASTER_BTC] [OPEN] [5730164855] CANCELED 0.001 @ 112315
2025-09-29 21:38:28.225 - INFO - [ASTER_BTC] [OPEN] [5730181814] OPEN 0.001 @ 112354
2025-09-29 21:38:33.421 - INFO - [ASTER_BTC] [OPEN] [5730181814] FILLED 0.001 @ 112354
2025-09-29 21:38:33.894 - INFO - [ASTER_BTC] [CLOSE] [5730186471] OPEN 0.001 @ 112398.9
2025-09-29 21:39:02.243 - INFO - [ASTER_BTC] Current Position: 0.001 | Active closing amount: 0.001 | Order quantity: 1
2025-09-29 21:39:03.317 - INFO - [ASTER_BTC] [CLOSE] [5730186471] FILLED 0.001 @ 112398.9
2025-09-29 21:39:04.373 - INFO - [ASTER_BTC] [OPEN] [5730212287] OPEN 0.001 @ 112482.3
2025-09-29 21:39:04.373 - INFO - [ASTER_BTC] [OPEN] [5730212287] EXPIRED 0.001 @ 112482.3
2025-09-29 21:39:05.504 - INFO - [ASTER_BTC] [OPEN] [5730213471] OPEN 0.001 @ 112482.3
2025-09-29 21:39:05.504 - INFO - [ASTER_BTC] [OPEN] [5730213471] EXPIRED 0.001 @ 112482.3
2025-09-29 21:39:06.352 - INFO - [ASTER_BTC] [OPEN] [5730214243] OPEN 0.001 @ 112465.6
2025-09-29 21:39:06.352 - INFO - [ASTER_BTC] [OPEN] [5730214243] EXPIRED 0.001 @ 112465.6
2025-09-29 21:39:07.289 - INFO - [ASTER_BTC] [OPEN] [5730215350] OPEN 0.001 @ 112424.6
2025-09-29 21:39:07.303 - INFO - [ASTER_BTC] [OPEN] [5730215350] EXPIRED 0.001 @ 112424.6
2025-09-29 21:39:07.587 - INFO - [ASTER_BTC] [OPEN] Attempt 5 to place order
2025-09-29 21:39:08.483 - INFO - [ASTER_BTC] [OPEN] [5730216607] OPEN 0.001 @ 112424.7
2025-09-29 21:39:08.483 - INFO - [ASTER_BTC] [OPEN] [5730216607] EXPIRED 0.001 @ 112424.7
2025-09-29 21:39:09.372 - INFO - [ASTER_BTC] [OPEN] [5730217202] OPEN 0.001 @ 112411.5
2025-09-29 21:39:09.372 - INFO - [ASTER_BTC] [OPEN] [5730217202] EXPIRED 0.001 @ 112411.5
2025-09-29 21:39:10.018 - INFO - [ASTER_BTC] [OPEN] [5730217481] OPEN 0.001 @ 112406.2
2025-09-29 21:39:10.247 - INFO - [ASTER_BTC] [OPEN] [5730217481] FILLED 0.001 @ 112406.2
2025-09-29 21:39:10.719 - INFO - [ASTER_BTC] [CLOSE] [5730217949] OPEN 0.001 @ 112451.2
2025-09-29 21:40:03.464 - INFO - [ASTER_BTC] Current Position: 0.001 | Active closing amount: 0.001 | Order quantity: 1
2025-09-29 21:41:04.108 - INFO - [ASTER_BTC] Current Position: 0.001 | Active closing amount: 0.001 | Order quantity: 1
2025-09-29 21:41:15.855 - INFO - [ASTER_BTC] [CLOSE] [5730217949] FILLED 0.001 @ 112451.2
2025-09-29 21:41:16.516 - INFO - [ASTER_BTC] [OPEN] [5730321676] OPEN 0.001 @ 112458.2
2025-09-29 21:41:20.674 - INFO - [ASTER_BTC] [OPEN] [5730321676] FILLED 0.001 @ 112458.2
2025-09-29 21:41:21.082 - INFO - [ASTER_BTC] [CLOSE] [5730327125] OPEN 0.001 @ 112503.2
2025-09-29 21:41:22.669 - INFO - [ASTER_BTC] [CLOSE] [5730327125] FILLED 0.001 @ 112503.2
2025-09-29 21:41:23.202 - INFO - [ASTER_BTC] [OPEN] [5730329505] OPEN 0.001 @ 112510.9
2025-09-29 21:41:26.853 - INFO - [ASTER_BTC] [OPEN] [5730329505] FILLED 0.001 @ 112510.9
2025-09-29 21:41:27.306 - INFO - [ASTER_BTC] [CLOSE] [5730333189] OPEN 0.001 @ 112555.9
2025-09-29 21:42:04.817 - INFO - [ASTER_BTC] Current Position: 0.001 | Active closing amount: 0.001 | Order quantity: 1
2025-09-29 21:42:52.050 - INFO - [ASTER_BTC] [CLOSE] [5730333189] FILLED 0.001 @ 112555.9
2025-09-29 21:42:53.241 - INFO - [ASTER_BTC] [OPEN] [5730402961] OPEN 0.001 @ 112589.9
2025-09-29 21:42:54.283 - INFO - [ASTER_BTC] [OPEN] [5730402961] FILLED 0.001 @ 112589.9
2025-09-29 21:42:54.991 - INFO - [ASTER_BTC] [CLOSE] [5730405622] OPEN 0.001 @ 112634.9
2025-09-29 21:42:54.991 - INFO - [ASTER_BTC] [CLOSE] [5730405622] EXPIRED 0.001 @ 112634.9
2025-09-29 21:42:55.477 - INFO - [ASTER_BTC] [CLOSE] [5730406416] OPEN 0.001 @ 112634.9
2025-09-29 21:42:55.477 - INFO - [ASTER_BTC] [CLOSE] [5730406416] EXPIRED 0.001 @ 112634.9
2025-09-29 21:42:55.978 - INFO - [ASTER_BTC] [CLOSE] [5730406970] OPEN 0.001 @ 112634.9
2025-09-29 21:42:55.978 - INFO - [ASTER_BTC] [CLOSE] [5730406970] EXPIRED 0.001 @ 112634.9
2025-09-29 21:42:56.438 - INFO - [ASTER_BTC] [CLOSE] [5730407492] OPEN 0.001 @ 112649.1
2025-09-29 21:42:56.735 - INFO - [ASTER_BTC] [CLOSE] [5730407492] FILLED 0.001 @ 112649.1
2025-09-29 21:42:57.588 - INFO - [ASTER_BTC] [OPEN] [5730409388] OPEN 0.001 @ 112649.9
2025-09-29 21:43:09.589 - INFO - [ASTER_BTC] [OPEN] [5730409388] Cancelling order and placing a new order
2025-09-29 21:43:09.745 - INFO - [ASTER_BTC] [OPEN] [5730409388] CANCELED 0.001 @ 112649.9
2025-09-29 21:43:10.199 - INFO - [ASTER_BTC] Current Position: 0.000 | Active closing amount: 0 | Order quantity: 0
2025-09-29 21:43:10.532 - INFO - [ASTER_BTC] [OPEN] [5730427665] OPEN 0.001 @ 112721.3
2025-09-29 21:43:10.548 - INFO - [ASTER_BTC] [OPEN] [5730427665] FILLED 0.001 @ 112721.3
2025-09-29 21:43:11.158 - INFO - [ASTER_BTC] [CLOSE] [5730428632] OPEN 0.001 @ 112766.4
2025-09-29 21:43:13.453 - INFO - [ASTER_BTC] [CLOSE] [5730428632] FILLED 0.001 @ 112766.4
2025-09-29 21:43:14.801 - INFO - [ASTER_BTC] [OPEN] [5730434092] OPEN 0.001 @ 112730.5
2025-09-29 21:43:15.973 - INFO - [ASTER_BTC] [OPEN] [5730434092] FILLED 0.001 @ 112730.5
2025-09-29 21:43:16.445 - INFO - [ASTER_BTC] [CLOSE] [5730436378] OPEN 0.001 @ 112795.7
2025-09-29 21:43:16.461 - INFO - [ASTER_BTC] [CLOSE] [5730436378] FILLED 0.001 @ 112795.7
2025-09-29 21:43:17.470 - INFO - [ASTER_BTC] [OPEN] [5730437659] OPEN 0.001 @ 112755.3
2025-09-29 21:43:29.540 - INFO - [ASTER_BTC] [OPEN] [5730437659] Cancelling order and placing a new order
2025-09-29 21:43:29.678 - INFO - [ASTER_BTC] [OPEN] [5730437659] CANCELED 0.001 @ 112755.3
2025-09-29 21:43:30.213 - INFO - [ASTER_BTC] [OPEN] [5730455001] OPEN 0.001 @ 112848.9
2025-09-29 21:43:30.227 - INFO - [ASTER_BTC] [OPEN] [5730455001] FILLED 0.001 @ 112848.9
2025-09-29 21:43:30.913 - INFO - [ASTER_BTC] [CLOSE] [5730455794] OPEN 0.001 @ 112894
2025-09-29 21:43:57.573 - INFO - [ASTER_BTC] [CLOSE] [5730455794] FILLED 0.001 @ 112894
2025-09-29 21:43:59.746 - INFO - [ASTER_BTC] [OPEN] [5730491296] OPEN 0.001 @ 112907.9
2025-09-29 21:43:59.746 - INFO - [ASTER_BTC] [OPEN] [5730491296] EXPIRED 0.001 @ 112907.9
2025-09-29 21:44:00.302 - INFO - [ASTER_BTC] [OPEN] [5730491735] OPEN 0.001 @ 112921.1
2025-09-29 21:44:00.302 - INFO - [ASTER_BTC] [OPEN] [5730491735] EXPIRED 0.001 @ 112921.1
2025-09-29 21:44:01.031 - INFO - [ASTER_BTC] [OPEN] [5730492663] OPEN 0.001 @ 112951.8
2025-09-29 21:44:01.032 - INFO - [ASTER_BTC] [OPEN] [5730492663] EXPIRED 0.001 @ 112951.8
2025-09-29 21:44:01.521 - INFO - [ASTER_BTC] [OPEN] [5730493435] OPEN 0.001 @ 112910.8
2025-09-29 21:44:02.405 - INFO - [ASTER_BTC] [OPEN] [5730493435] FILLED 0.001 @ 112910.8
2025-09-29 21:44:02.904 - INFO - [ASTER_BTC] [CLOSE] [5730495500] OPEN 0.001 @ 112956
2025-09-29 21:44:03.170 - INFO - [ASTER_BTC] [CLOSE] [5730495500] FILLED 0.001 @ 112956
2025-09-29 21:44:03.578 - INFO - [ASTER_BTC] [OPEN] [5730496268] OPEN 0.001 @ 112907.9
2025-09-29 21:44:15.780 - INFO - [ASTER_BTC] [OPEN] [5730496268] Cancelling order and placing a new order
2025-09-29 21:44:15.891 - INFO - [ASTER_BTC] [OPEN] [5730496268] CANCELED 0.001 @ 112907.9
2025-09-29 21:44:16.380 - INFO - [ASTER_BTC] Current Position: 0.000 | Active closing amount: 0 | Order quantity: 0
2025-09-29 21:44:16.894 - INFO - [ASTER_BTC] [OPEN] [5730519113] OPEN 0.001 @ 113119.5
2025-09-29 21:44:16.894 - INFO - [ASTER_BTC] [OPEN] [5730519113] EXPIRED 0.001 @ 113119.5
2025-09-29 21:44:17.626 - INFO - [ASTER_BTC] [OPEN] [5730520079] OPEN 0.001 @ 113127
2025-09-29 21:44:17.626 - INFO - [ASTER_BTC] [OPEN] [5730520079] EXPIRED 0.001 @ 113127
2025-09-29 21:44:18.145 - INFO - [ASTER_BTC] [OPEN] [5730520724] OPEN 0.001 @ 113030
2025-09-29 21:44:18.231 - INFO - [ASTER_BTC] [OPEN] [5730520724] FILLED 0.001 @ 113030
2025-09-29 21:44:18.789 - INFO - [ASTER_BTC] [CLOSE] [5730521680] OPEN 0.001 @ 113075.2
2025-09-29 21:44:41.620 - INFO - [ASTER_BTC] [CLOSE] [5730521680] FILLED 0.001 @ 113075.2
2025-09-29 21:44:42.618 - INFO - [ASTER_BTC] [OPEN] [5730557791] OPEN 0.001 @ 113015.1
2025-09-29 21:44:54.776 - INFO - [ASTER_BTC] [OPEN] [5730557791] Cancelling order and placing a new order
2025-09-29 21:44:55.012 - INFO - [ASTER_BTC] [OPEN] [5730557791] CANCELED 0.001 @ 113015.1
2025-09-29 21:44:55.635 - INFO - [ASTER_BTC] [OPEN] [5730574179] OPEN 0.001 @ 113095.5
2025-09-29 21:44:55.935 - INFO - [ASTER_BTC] [OPEN] [5730574179] FILLED 0.001 @ 113095.5
2025-09-29 21:44:56.245 - INFO - [ASTER_BTC] [CLOSE] [5730574718] OPEN 0.001 @ 113140.7
2025-09-29 21:44:57.316 - INFO - [ASTER_BTC] [CLOSE] [5730574718] FILLED 0.001 @ 113140.7
2025-09-29 21:44:58.100 - INFO - [ASTER_BTC] [OPEN] [5730577857] OPEN 0.001 @ 113119
2025-09-29 21:44:58.102 - INFO - [ASTER_BTC] [OPEN] [5730577857] FILLED 0.001 @ 113119
2025-09-29 21:44:58.787 - INFO - [ASTER_BTC] [CLOSE] [5730578735] OPEN 0.001 @ 113164.2
2025-09-29 21:45:00.439 - INFO - [ASTER_BTC] [CLOSE] [5730578735] FILLED 0.001 @ 113164.2
2025-09-29 21:45:01.072 - INFO - [ASTER_BTC] [OPEN] [5730582030] OPEN 0.001 @ 113099.9
2025-09-29 21:45:02.393 - INFO - [ASTER_BTC] [OPEN] [5730582030] FILLED 0.001 @ 113099.9
2025-09-29 21:45:02.925 - INFO - [ASTER_BTC] [CLOSE] [5730585502] OPEN 0.001 @ 113145.1
2025-09-29 21:45:02.925 - INFO - [ASTER_BTC] [CLOSE] [5730585502] EXPIRED 0.001 @ 113145.1
2025-09-29 21:45:03.485 - INFO - [ASTER_BTC] [CLOSE] [5730586139] OPEN 0.001 @ 113160.3
2025-09-29 21:45:03.485 - INFO - [ASTER_BTC] [CLOSE] [5730586139] EXPIRED 0.001 @ 113160.3
2025-09-29 21:45:04.046 - INFO - [ASTER_BTC] [CLOSE] [5730587085] OPEN 0.001 @ 113145.1
2025-09-29 21:45:04.046 - INFO - [ASTER_BTC] [CLOSE] [5730587085] EXPIRED 0.001 @ 113145.1
2025-09-29 21:45:04.512 - INFO - [ASTER_BTC] [CLOSE] [5730587838] OPEN 0.001 @ 113178.7
2025-09-29 21:45:04.512 - INFO - [ASTER_BTC] [CLOSE] [5730587838] EXPIRED 0.001 @ 113178.7
2025-09-29 21:45:04.771 - INFO - [ASTER_BTC] [CLOSE] Attempt 5 to place order
2025-09-29 21:45:05.217 - INFO - [ASTER_BTC] [CLOSE] [5730588809] OPEN 0.001 @ 113162.5
2025-09-29 21:45:05.217 - INFO - [ASTER_BTC] [CLOSE] [5730588809] EXPIRED 0.001 @ 113162.5
2025-09-29 21:45:05.817 - INFO - [ASTER_BTC] [CLOSE] [5730589678] OPEN 0.001 @ 113145.1
2025-09-29 21:45:05.818 - INFO - [ASTER_BTC] [CLOSE] [5730589678] EXPIRED 0.001 @ 113145.1
2025-09-29 21:45:06.391 - INFO - [ASTER_BTC] [CLOSE] [5730590081] OPEN 0.001 @ 113203.9
2025-09-29 21:45:17.576 - INFO - [ASTER_BTC] Current Position: 0.001 | Active closing amount: 0.001 | Order quantity: 1
2025-09-29 21:45:50.030 - INFO - [ASTER_BTC] [CLOSE] [5730590081] CANCELED 0.001 @ 113203.9
2025-09-29 21:45:51.331 - INFO - [ASTER_BTC] [OPEN] [5730630564] OPEN 0.001 @ 113060.2
2025-09-29 21:45:51.335 - INFO - [ASTER_BTC] [OPEN] [5730630564] EXPIRED 0.001 @ 113060.2
2025-09-29 21:45:51.863 - INFO - [ASTER_BTC] [OPEN] [5730630969] OPEN 0.001 @ 113059.6
2025-09-29 21:45:51.863 - INFO - [ASTER_BTC] [OPEN] [5730630969] FILLED 0.001 @ 113059.6
2025-09-29 21:45:52.639 - INFO - [ASTER_BTC] [CLOSE] [5730631413] OPEN 0.001 @ 113104.8
2025-09-29 21:45:56.830 - INFO - [ASTER_BTC] [CLOSE] [5730633989] OPEN 0.002 @ 0
2025-09-29 21:45:56.831 - INFO - [ASTER_BTC] [CLOSE] [5730633989] FILLED 0.002 @ 0
2025-09-29 21:46:04.805 - INFO - [ASTER_BTC] [CLOSE] [5730631413] FILLED 0.001 @ 113104.8
2025-09-29 21:46:05.161 - INFO - [ASTER_BTC] [OPEN] [5730640700] OPEN 0.001 @ 113079.9
2025-09-29 21:46:08.278 - INFO - [ASTER_BTC] [OPEN] [5730640700] FILLED 0.001 @ 113079.9
2025-09-29 21:46:08.777 - INFO - [ASTER_BTC] [CLOSE] [5730644670] OPEN 0.001 @ 113125.1
2025-09-29 21:46:18.352 - INFO - [ASTER_BTC] Current Position: 0.000 | Active closing amount: 0.001 | Order quantity: 1
2025-09-29 21:46:22.758 - INFO - [ASTER_BTC] [CLOSE] [5730644670] FILLED 0.001 @ 113125.1
2025-09-29 21:46:24.028 - INFO - [ASTER_BTC] [OPEN] [5730655832] OPEN 0.001 @ 113152.2
2025-09-29 21:46:24.058 - INFO - [ASTER_BTC] [OPEN] [5730655832] FILLED 0.001 @ 113152.2
2025-09-29 21:46:24.740 - INFO - [ASTER_BTC] [CLOSE] [5730656155] OPEN 0.001 @ 113197.5
2025-09-29 21:46:24.973 - INFO - [ASTER_BTC] WebSocket disconnected
2025-10-05 18:58:10.723 - INFO - [ASTER_BTC] === Trading Configuration ===
2025-10-05 18:58:10.724 - INFO - [ASTER_BTC] Ticker: BTC
2025-10-05 18:58:10.724 - INFO - [ASTER_BTC] Contract ID: BTCUSDT
2025-10-05 18:58:10.724 - INFO - [ASTER_BTC] Quantity: 0.001
2025-10-05 18:58:10.725 - INFO - [ASTER_BTC] Take Profit: 0.04%
2025-10-05 18:58:10.725 - INFO - [ASTER_BTC] Direction: buy
2025-10-05 18:58:10.725 - INFO - [ASTER_BTC] Max Orders: 10
2025-10-05 18:58:10.725 - INFO - [ASTER_BTC] Wait Time: 30s
2025-10-05 18:58:10.726 - INFO - [ASTER_BTC] Exchange: aster
2025-10-05 18:58:10.726 - INFO - [ASTER_BTC] Grid Step: 0.2%
2025-10-05 18:58:10.726 - INFO - [ASTER_BTC] Stop Price: -1
2025-10-05 18:58:10.727 - INFO - [ASTER_BTC] Pause Price: -1
2025-10-05 18:58:10.727 - INFO - [ASTER_BTC] Boost Mode: False
2025-10-05 18:58:10.727 - INFO - [ASTER_BTC] =============================
2025-10-05 18:58:11.550 - INFO - [ASTER_BTC] Connected to Aster WebSocket with listen key
2025-10-05 18:58:18.377 - INFO - [ASTER_BTC] Current Position: 0.000 | Active closing amount: 0 | Order quantity: 0
2025-10-05 18:58:18.756 - INFO - [ASTER_BTC] [OPEN] [5906763497] OPEN 0.001 @ 123018.4
2025-10-05 18:58:31.294 - INFO - [ASTER_BTC] [OPEN] [5906763497] Cancelling order and placing a new order
2025-10-05 18:58:31.423 - INFO - [ASTER_BTC] [OPEN] [5906763497] CANCELED 0.001 @ 123018.4
2025-10-05 18:58:31.818 - INFO - [ASTER_BTC] [OPEN] [5906768344] OPEN 0.001 @ 123036.9
2025-10-05 18:58:44.407 - INFO - [ASTER_BTC] [OPEN] [5906768344] Cancelling order and placing a new order
2025-10-05 18:58:44.549 - INFO - [ASTER_BTC] [OPEN] [5906768344] CANCELED 0.001 @ 123036.9
2025-10-05 18:58:44.957 - INFO - [ASTER_BTC] [OPEN] [5906772917] OPEN 0.001 @ 123038.1
2025-10-05 18:58:54.068 - INFO - [ASTER_BTC] [OPEN] [5906772917] FILLED 0.001 @ 123038.1
2025-10-05 18:58:54.629 - INFO - [ASTER_BTC] [CLOSE] [5906775959] OPEN 0.001 @ 123087.3
2025-10-05 18:59:19.874 - INFO - [ASTER_BTC] Current Position: 0.001 | Active closing amount: 0.001 | Order quantity: 1
2025-10-05 19:00:20.939 - INFO - [ASTER_BTC] Current Position: 0.001 | Active closing amount: 0.001 | Order quantity: 1
2025-10-05 19:01:23.034 - INFO - [ASTER_BTC] Current Position: 0.001 | Active closing amount: 0.001 | Order quantity: 1
2025-10-05 19:02:01.040 - INFO - [ASTER_BTC] [CLOSE] [5906775959] FILLED 0.001 @ 123087.3
2025-10-05 19:02:01.661 - INFO - [ASTER_BTC] [OPEN] [5906835939] OPEN 0.001 @ 123089.9
2025-10-05 19:02:13.895 - INFO - [ASTER_BTC] [OPEN] [5906835939] Cancelling order and placing a new order
2025-10-05 19:02:14.048 - INFO - [ASTER_BTC] [OPEN] [5906835939] CANCELED 0.001 @ 123089.9
2025-10-05 19:02:14.574 - INFO - [ASTER_BTC] [OPEN] [5906847223] OPEN 0.001 @ 123130.9
2025-10-05 19:02:19.900 - INFO - [ASTER_BTC] [OPEN] [5906847223] FILLED 0.001 @ 123130.9
2025-10-05 19:02:20.284 - INFO - [ASTER_BTC] [CLOSE] [5906850685] OPEN 0.001 @ 123180.2
2025-10-05 19:02:24.034 - INFO - [ASTER_BTC] Current Position: 0.001 | Active closing amount: 0.001 | Order quantity: 1
2025-10-05 19:03:09.721 - INFO - [ASTER_BTC] [CLOSE] [5906850685] FILLED 0.001 @ 123180.2
2025-10-05 19:03:10.987 - INFO - [ASTER_BTC] [OPEN] [5906879654] OPEN 0.001 @ 123193.1
2025-10-05 19:03:11.027 - INFO - [ASTER_BTC] [OPEN] [5906879654] FILLED 0.001 @ 123193.1
2025-10-05 19:03:11.542 - INFO - [ASTER_BTC] [CLOSE] [5906880441] OPEN 0.001 @ 123242.4
2025-10-05 19:03:25.122 - INFO - [ASTER_BTC] Current Position: 0.001 | Active closing amount: 0.001 | Order quantity: 1
2025-10-05 19:04:25.350 - INFO - [ASTER_BTC] Current Position: 0.001 | Active closing amount: 0.001 | Order quantity: 1
2025-10-05 19:05:26.412 - INFO - [ASTER_BTC] Current Position: 0.001 | Active closing amount: 0.001 | Order quantity: 1
2025-10-05 19:06:27.203 - INFO - [ASTER_BTC] Current Position: 0.001 | Active closing amount: 0.001 | Order quantity: 1
2025-10-05 19:07:27.860 - INFO - [ASTER_BTC] Current Position: 0.001 | Active closing amount: 0.001 | Order quantity: 1
2025-10-05 19:08:28.993 - INFO - [ASTER_BTC] Current Position: 0.001 | Active closing amount: 0.001 | Order quantity: 1
2025-10-05 19:08:48.252 - INFO - [ASTER_BTC] [OPEN] [5907034709] OPEN 0.040 @ 0
2025-10-05 19:08:48.252 - INFO - [ASTER_BTC] [OPEN] [5907034709] FILLED 0.040 @ 0
2025-10-05 19:09:19.249 - INFO - [ASTER_BTC] WebSocket disconnected
2025-10-09 01:55:44.215 - INFO - [ASTER_BTC] === Trading Configuration ===
2025-10-09 01:55:44.215 - INFO - [ASTER_BTC] Ticker: BTC
2025-10-09 01:55:44.215 - INFO - [ASTER_BTC] Contract ID: BTCUSDT
2025-10-09 01:55:44.216 - INFO - [ASTER_BTC] Quantity: 0.001
2025-10-09 01:55:44.216 - INFO - [ASTER_BTC] Take Profit: 0.04%
2025-10-09 01:55:44.216 - INFO - [ASTER_BTC] Direction: buy
2025-10-09 01:55:44.216 - INFO - [ASTER_BTC] Max Orders: 10
2025-10-09 01:55:44.217 - INFO - [ASTER_BTC] Wait Time: 30s
2025-10-09 01:55:44.217 - INFO - [ASTER_BTC] Exchange: aster
2025-10-09 01:55:44.217 - INFO - [ASTER_BTC] Grid Step: 0.2%
2025-10-09 01:55:44.217 - INFO - [ASTER_BTC] Stop Price: -1
2025-10-09 01:55:44.218 - INFO - [ASTER_BTC] Pause Price: -1
2025-10-09 01:55:44.218 - INFO - [ASTER_BTC] Boost Mode: False
2025-10-09 01:55:44.218 - INFO - [ASTER_BTC] =============================
2025-10-09 01:55:44.817 - INFO - [ASTER_BTC] Connected to Aster WebSocket with listen key
2025-10-09 01:55:51.624 - INFO - [ASTER_BTC] Current Position: 0.000 | Active closing amount: 0 | Order quantity: 0
2025-10-09 01:55:51.831 - INFO - [ASTER_BTC] [OPEN] [5994237840] OPEN 0.001 @ 123981.6
2025-10-09 01:56:04.122 - INFO - [ASTER_BTC] [OPEN] [5994237840] Cancelling order and placing a new order
2025-10-09 01:56:04.280 - INFO - [ASTER_BTC] [OPEN] [5994237840] CANCELED 0.001 @ 123981.6
2025-10-09 01:56:04.633 - INFO - [ASTER_BTC] [OPEN] [5994240296] OPEN 0.001 @ 123990.1
2025-10-09 01:56:16.938 - INFO - [ASTER_BTC] [OPEN] [5994240296] Cancelling order and placing a new order
2025-10-09 01:56:17.053 - INFO - [ASTER_BTC] [OPEN] [5994240296] CANCELED 0.001 @ 123990.1
2025-10-09 01:56:17.402 - INFO - [ASTER_BTC] [OPEN] [5994249165] OPEN 0.001 @ 124059.7
2025-10-09 01:56:29.870 - INFO - [ASTER_BTC] [OPEN] [5994249165] Cancelling order and placing a new order
2025-10-09 01:56:29.979 - INFO - [ASTER_BTC] [OPEN] [5994249165] CANCELED 0.001 @ 124059.7
2025-10-09 01:56:30.327 - INFO - [ASTER_BTC] [OPEN] [5994251733] OPEN 0.001 @ 124074.8
2025-10-09 01:56:35.053 - INFO - [ASTER_BTC] [OPEN] [5994251733] FILLED 0.001 @ 124074.8
2025-10-09 01:56:35.458 - INFO - [ASTER_BTC] [CLOSE] [5994252696] OPEN 0.001 @ 124124.4
2025-10-09 01:56:52.668 - INFO - [ASTER_BTC] Current Position: 0.001 | Active closing amount: 0.001 | Order quantity: 1
2025-10-09 01:57:53.678 - INFO - [ASTER_BTC] Current Position: 0.001 | Active closing amount: 0.001 | Order quantity: 1
2025-10-09 01:58:10.092 - INFO - [ASTER_BTC] [CLOSE] [5994252696] FILLED 0.001 @ 124124.4
2025-10-09 01:58:11.431 - INFO - [ASTER_BTC] [OPEN] [5994276364] OPEN 0.001 @ 124127.1
2025-10-09 01:58:14.334 - INFO - [ASTER_BTC] [OPEN] [5994276364] FILLED 0.001 @ 124127.1
2025-10-09 01:58:14.840 - INFO - [ASTER_BTC] [CLOSE] [5994278072] OPEN 0.001 @ 124176.8
2025-10-09 01:58:54.867 - INFO - [ASTER_BTC] Current Position: 0.001 | Active closing amount: 0.001 | Order quantity: 1
2025-10-09 01:59:55.818 - INFO - [ASTER_BTC] Current Position: 0.001 | Active closing amount: 0.001 | Order quantity: 1
2025-10-09 02:00:56.809 - INFO - [ASTER_BTC] Current Position: 0.001 | Active closing amount: 0.001 | Order quantity: 1
2025-10-09 02:01:45.379 - INFO - [ASTER_BTC] [OPEN] [5994369457] OPEN 0.001 @ 123853.8
2025-10-09 02:01:57.704 - INFO - [ASTER_BTC] [OPEN] [5994369457] Cancelling order and placing a new order
2025-10-09 02:01:57.821 - INFO - [ASTER_BTC] [OPEN] [5994369457] CANCELED 0.001 @ 123853.8
2025-10-09 02:01:58.204 - INFO - [ASTER_BTC] Current Position: 0.001 | Active closing amount: 0.001 | Order quantity: 1
2025-10-09 02:01:58.580 - INFO - [ASTER_BTC] [OPEN] [5994373924] OPEN 0.001 @ 123874.2
2025-10-09 02:02:08.619 - INFO - [ASTER_BTC] [OPEN] [5994373924] FILLED 0.001 @ 123874.2
2025-10-09 02:02:09.005 - INFO - [ASTER_BTC] [CLOSE] [5994378637] OPEN 0.001 @ 123923.7
2025-10-09 02:02:22.089 - INFO - [ASTER_BTC] [CLOSE] [5994378637] FILLED 0.001 @ 123923.7
2025-10-09 02:02:42.005 - INFO - [ASTER_BTC] [OPEN] [5994400156] OPEN 0.001 @ 123874.4
2025-10-09 02:02:42.139 - INFO - [ASTER_BTC] [OPEN] [5994400156] FILLED 0.001 @ 123874.4
2025-10-09 02:02:42.687 - INFO - [ASTER_BTC] [CLOSE] [5994400626] OPEN 0.001 @ 123923.9
2025-10-09 02:02:59.150 - INFO - [ASTER_BTC] Current Position: 0.002 | Active closing amount: 0.002 | Order quantity: 2
2025-10-09 02:04:00.450 - INFO - [ASTER_BTC] Current Position: 0.002 | Active closing amount: 0.002 | Order quantity: 2
2025-10-09 02:05:01.621 - INFO - [ASTER_BTC] Current Position: 0.002 | Active closing amount: 0.002 | Order quantity: 2
2025-10-09 02:06:02.668 - INFO - [ASTER_BTC] Current Position: 0.002 | Active closing amount: 0.002 | Order quantity: 2
2025-10-09 02:07:03.609 - INFO - [ASTER_BTC] Current Position: 0.002 | Active closing amount: 0.002 | Order quantity: 2
2025-10-09 02:08:03.851 - INFO - [ASTER_BTC] Current Position: 0.002 | Active closing amount: 0.002 | Order quantity: 2
2025-10-09 02:09:05.196 - INFO - [ASTER_BTC] Current Position: 0.002 | Active closing amount: 0.002 | Order quantity: 2
2025-10-09 02:09:44.525 - INFO - [ASTER_BTC] [CLOSE] [5994400626] FILLED 0.001 @ 123923.9
2025-10-09 02:10:05.857 - INFO - [ASTER_BTC] Current Position: 0.001 | Active closing amount: 0.001 | Order quantity: 1
2025-10-09 02:11:06.227 - INFO - [ASTER_BTC] Current Position: 0.001 | Active closing amount: 0.001 | Order quantity: 1
2025-10-09 02:12:06.568 - INFO - [ASTER_BTC] Current Position: 0.001 | Active closing amount: 0.001 | Order quantity: 1
2025-10-09 02:13:07.741 - INFO - [ASTER_BTC] Current Position: 0.001 | Active closing amount: 0.001 | Order quantity: 1
2025-10-09 02:14:08.561 - INFO - [ASTER_BTC] Current Position: 0.001 | Active closing amount: 0.001 | Order quantity: 1
2025-10-09 02:14:33.447 - INFO - [ASTER_BTC] [OPEN] [5994692693] OPEN 0.001 @ 123862.4
2025-10-09 02:14:35.222 - INFO - [ASTER_BTC] [OPEN] [5994692693] FILLED 0.001 @ 123862.4
2025-10-09 02:14:35.637 - INFO - [ASTER_BTC] [CLOSE] [5994693254] OPEN 0.001 @ 123911.9
2025-10-09 02:15:09.269 - INFO - [ASTER_BTC] Current Position: 0.002 | Active closing amount: 0.002 | Order quantity: 2
2025-10-09 02:16:10.226 - INFO - [ASTER_BTC] Current Position: 0.002 | Active closing amount: 0.002 | Order quantity: 2
2025-10-09 02:17:11.046 - INFO - [ASTER_BTC] Current Position: 0.002 | Active closing amount: 0.002 | Order quantity: 2
2025-10-09 02:18:11.448 - INFO - [ASTER_BTC] Current Position: 0.002 | Active closing amount: 0.002 | Order quantity: 2
2025-10-09 02:19:12.577 - INFO - [ASTER_BTC] Current Position: 0.002 | Active closing amount: 0.002 | Order quantity: 2
2025-10-09 02:20:12.891 - INFO - [ASTER_BTC] Current Position: 0.002 | Active closing amount: 0.002 | Order quantity: 2
2025-10-09 02:20:41.028 - INFO - [ASTER_BTC] [OPEN] [5994836290] OPEN 0.001 @ 123612.1
2025-10-09 02:20:53.415 - INFO - [ASTER_BTC] [OPEN] [5994836290] Cancelling order and placing a new order
2025-10-09 02:20:53.535 - INFO - [ASTER_BTC] [OPEN] [5994836290] CANCELED 0.001 @ 123612.1
2025-10-09 02:21:13.233 - INFO - [ASTER_BTC] Current Position: 0.002 | Active closing amount: 0.002 | Order quantity: 2
2025-10-09 02:21:23.903 - INFO - [ASTER_BTC] [OPEN] [5994851391] OPEN 0.001 @ 123610.8
2025-10-09 02:21:36.213 - INFO - [ASTER_BTC] [OPEN] [5994851391] Cancelling order and placing a new order
2025-10-09 02:21:36.352 - INFO - [ASTER_BTC] [OPEN] [5994851391] CANCELED 0.001 @ 123610.8
2025-10-09 02:21:50.960 - INFO - [ASTER_BTC] [OPEN] [5994858046] OPEN 0.001 @ 123603.7
2025-10-09 02:21:51.447 - INFO - [ASTER_BTC] [OPEN] [5994858046] FILLED 0.001 @ 123603.7
2025-10-09 02:21:51.841 - INFO - [ASTER_BTC] [CLOSE] [5994858862] OPEN 0.001 @ 123653.1
2025-10-09 02:22:14.488 - INFO - [ASTER_BTC] Current Position: 0.003 | Active closing amount: 0.003 | Order quantity: 3
2025-10-09 02:22:58.213 - INFO - [ASTER_BTC] [CLOSE] [5994858862] FILLED 0.001 @ 123653.1
2025-10-09 02:23:15.520 - INFO - [ASTER_BTC] Current Position: 0.002 | Active closing amount: 0.002 | Order quantity: 2
2025-10-09 02:24:16.732 - INFO - [ASTER_BTC] Current Position: 0.002 | Active closing amount: 0.002 | Order quantity: 2
2025-10-09 02:25:17.048 - INFO - [ASTER_BTC] Current Position: 0.002 | Active closing amount: 0.002 | Order quantity: 2
2025-10-09 02:26:17.355 - INFO - [ASTER_BTC] Current Position: 0.002 | Active closing amount: 0.002 | Order quantity: 2
2025-10-09 02:26:57.041 - INFO - [ASTER_BTC] [OPEN] [5994942123] OPEN 0.001 @ 123600
2025-10-09 02:27:09.486 - INFO - [ASTER_BTC] [OPEN] [5994942123] Cancelling order and placing a new order
2025-10-09 02:27:09.593 - INFO - [ASTER_BTC] [OPEN] [5994942123] CANCELED 0.001 @ 123600
2025-10-09 02:27:10.027 - INFO - [ASTER_BTC] [OPEN] [5994943834] OPEN 0.001 @ 123600
2025-10-09 02:27:22.351 - INFO - [ASTER_BTC] [OPEN] [5994943834] Cancelling order and placing a new order
2025-10-09 02:27:22.467 - INFO - [ASTER_BTC] [OPEN] [5994943834] CANCELED 0.001 @ 123600
2025-10-09 02:27:22.797 - INFO - [ASTER_BTC] Current Position: 0.002 | Active closing amount: 0.002 | Order quantity: 2
2025-10-09 02:27:23.156 - INFO - [ASTER_BTC] [OPEN] [5994946620] OPEN 0.001 @ 123612
2025-10-09 02:27:35.436 - INFO - [ASTER_BTC] [OPEN] [5994946620] Cancelling order and placing a new order
2025-10-09 02:27:35.548 - INFO - [ASTER_BTC] [OPEN] [5994946620] CANCELED 0.001 @ 123612
2025-10-09 02:28:23.705 - INFO - [ASTER_BTC] Current Position: 0.002 | Active closing amount: 0.002 | Order quantity: 2
2025-10-09 02:29:24.857 - INFO - [ASTER_BTC] Current Position: 0.002 | Active closing amount: 0.002 | Order quantity: 2
2025-10-09 02:29:25.221 - INFO - [ASTER_BTC] [OPEN] [5994981229] OPEN 0.001 @ 123600
2025-10-09 02:29:26.598 - INFO - [ASTER_BTC] [OPEN] [5994981229] FILLED 0.001 @ 123600
2025-10-09 02:29:27.263 - INFO - [ASTER_BTC] [CLOSE] [5994982851] OPEN 0.001 @ 123649.4
2025-10-09 02:30:25.394 - INFO - [ASTER_BTC] Current Position: 0.003 | Active closing amount: 0.003 | Order quantity: 3
2025-10-09 02:31:26.490 - INFO - [ASTER_BTC] Current Position: 0.003 | Active closing amount: 0.003 | Order quantity: 3
2025-10-09 02:32:27.584 - INFO - [ASTER_BTC] Current Position: 0.003 | Active closing amount: 0.003 | Order quantity: 3
2025-10-09 02:33:27.973 - INFO - [ASTER_BTC] Current Position: 0.003 | Active closing amount: 0.003 | Order quantity: 3
2025-10-09 02:34:29.414 - INFO - [ASTER_BTC] Current Position: 0.003 | Active closing amount: 0.003 | Order quantity: 3
2025-10-09 02:35:29.653 - INFO - [ASTER_BTC] Current Position: 0.003 | Active closing amount: 0.003 | Order quantity: 3
2025-10-09 02:36:30.527 - INFO - [ASTER_BTC] Current Position: 0.003 | Active closing amount: 0.003 | Order quantity: 3
2025-10-09 02:37:31.352 - INFO - [ASTER_BTC] Current Position: 0.003 | Active closing amount: 0.003 | Order quantity: 3
2025-10-09 02:37:49.794 - INFO - [ASTER_BTC] [CLOSE] [5994982851] FILLED 0.001 @ 123649.4
2025-10-09 02:38:32.218 - INFO - [ASTER_BTC] Current Position: 0.002 | Active closing amount: 0.002 | Order quantity: 2
2025-10-09 02:39:33.381 - INFO - [ASTER_BTC] Current Position: 0.002 | Active closing amount: 0.002 | Order quantity: 2
2025-10-09 02:40:29.304 - INFO - [ASTER_BTC] [OPEN] [5995192440] OPEN 0.001 @ 123613.7
2025-10-09 02:40:31.949 - INFO - [ASTER_BTC] [OPEN] [5995192440] FILLED 0.001 @ 123613.7
2025-10-09 02:40:32.361 - INFO - [ASTER_BTC] [CLOSE] [5995195428] OPEN 0.001 @ 123663.1
2025-10-09 02:40:34.749 - INFO - [ASTER_BTC] Current Position: 0.003 | Active closing amount: 0.003 | Order quantity: 3
2025-10-09 02:41:35.744 - INFO - [ASTER_BTC] Current Position: 0.003 | Active closing amount: 0.003 | Order quantity: 3
2025-10-09 02:42:13.588 - INFO - [ASTER_BTC] [CLOSE] [5995195428] FILLED 0.001 @ 123663.1
2025-10-09 02:42:36.339 - INFO - [ASTER_BTC] Current Position: 0.002 | Active closing amount: 0.002 | Order quantity: 2
2025-10-09 02:43:14.565 - INFO - [ASTER_BTC] [OPEN] [5995248003] OPEN 0.001 @ 123600.3
2025-10-09 02:43:18.236 - INFO - [ASTER_BTC] [OPEN] [5995248003] FILLED 0.001 @ 123600.3
2025-10-09 02:43:18.595 - INFO - [ASTER_BTC] [CLOSE] [5995248845] OPEN 0.001 @ 123649.7
2025-10-09 02:43:37.047 - INFO - [ASTER_BTC] Current Position: 0.003 | Active closing amount: 0.003 | Order quantity: 3
2025-10-09 02:44:37.608 - INFO - [ASTER_BTC] Current Position: 0.003 | Active closing amount: 0.003 | Order quantity: 3
2025-10-09 02:45:38.741 - INFO - [ASTER_BTC] Current Position: 0.003 | Active closing amount: 0.003 | Order quantity: 3
2025-10-09 02:46:39.128 - INFO - [ASTER_BTC] Current Position: 0.003 | Active closing amount: 0.003 | Order quantity: 3
2025-10-09 02:47:39.498 - INFO - [ASTER_BTC] Current Position: 0.003 | Active closing amount: 0.003 | Order quantity: 3
2025-10-09 02:48:40.610 - INFO - [ASTER_BTC] Current Position: 0.003 | Active closing amount: 0.003 | Order quantity: 3
2025-10-09 02:49:11.088 - INFO - [ASTER_BTC] WebSocket disconnected
2025-10-09 11:51:01.905 - INFO - [ASTER_BTC] === Trading Configuration ===
2025-10-09 11:51:01.906 - INFO - [ASTER_BTC] Ticker: BTC
2025-10-09 11:51:01.906 - INFO - [ASTER_BTC] Contract ID: BTCUSDT
2025-10-09 11:51:01.907 - INFO - [ASTER_BTC] Quantity: 0.001
2025-10-09 11:51:01.907 - INFO - [ASTER_BTC] Take Profit: 0.04%
2025-10-09 11:51:01.907 - INFO - [ASTER_BTC] Direction: buy
2025-10-09 11:51:01.907 - INFO - [ASTER_BTC] Max Orders: 10
2025-10-09 11:51:01.908 - INFO - [ASTER_BTC] Wait Time: 30s
2025-10-09 11:51:01.908 - INFO - [ASTER_BTC] Exchange: aster
2025-10-09 11:51:01.908 - INFO - [ASTER_BTC] Grid Step: 0.2%
2025-10-09 11:51:01.908 - INFO - [ASTER_BTC] Stop Price: -1
2025-10-09 11:51:01.908 - INFO - [ASTER_BTC] Pause Price: -1
2025-10-09 11:51:01.908 - INFO - [ASTER_BTC] Boost Mode: False
2025-10-09 11:51:01.909 - INFO - [ASTER_BTC] =============================
2025-10-09 11:51:02.412 - INFO - [ASTER_BTC] Connected to Aster WebSocket with listen key
2025-10-09 11:51:09.348 - INFO - [ASTER_BTC] Current Position: 0.017 | Active closing amount: 0.013 | Order quantity: 13
2025-10-09 11:51:09.550 - INFO - [ASTER_BTC] WebSocket disconnected
2025-10-09 11:55:15.103 - INFO - [ASTER_BTC] === Trading Configuration ===
2025-10-09 11:55:15.104 - INFO - [ASTER_BTC] Ticker: BTC
2025-10-09 11:55:15.104 - INFO - [ASTER_BTC] Contract ID: BTCUSDT
2025-10-09 11:55:15.104 - INFO - [ASTER_BTC] Quantity: 0.001
2025-10-09 11:55:15.104 - INFO - [ASTER_BTC] Take Profit: 0.04%
2025-10-09 11:55:15.105 - INFO - [ASTER_BTC] Direction: buy
2025-10-09 11:55:15.105 - INFO - [ASTER_BTC] Max Orders: 10
2025-10-09 11:55:15.105 - INFO - [ASTER_BTC] Wait Time: 30s
2025-10-09 11:55:15.106 - INFO - [ASTER_BTC] Exchange: aster
2025-10-09 11:55:15.106 - INFO - [ASTER_BTC] Grid Step: 0.2%
2025-10-09 11:55:15.106 - INFO - [ASTER_BTC] Stop Price: -1
2025-10-09 11:55:15.107 - INFO - [ASTER_BTC] Pause Price: -1
2025-10-09 11:55:15.107 - INFO - [ASTER_BTC] Boost Mode: False
2025-10-09 11:55:15.107 - INFO - [ASTER_BTC] =============================
2025-10-09 11:55:15.537 - INFO - [ASTER_BTC] Connected to Aster WebSocket with listen key
2025-10-09 11:55:22.604 - INFO - [ASTER_BTC] Current Position: 0.000 | Active closing amount: 0 | Order quantity: 0
2025-10-09 11:55:22.878 - INFO - [ASTER_BTC] [OPEN] [6003879235] OPEN 0.001 @ 122023.5
2025-10-09 11:55:33.317 - INFO - [ASTER_BTC] [OPEN] [6003879235] FILLED 0.001 @ 122023.5
2025-10-09 11:55:33.722 - INFO - [ASTER_BTC] [CLOSE] [6003880892] OPEN 0.001 @ 122072.3
2025-10-09 11:56:23.991 - INFO - [ASTER_BTC] Current Position: 0.001 | Active closing amount: 0.001 | Order quantity: 1
2025-10-09 11:57:25.250 - INFO - [ASTER_BTC] Current Position: 0.001 | Active closing amount: 0.001 | Order quantity: 1
2025-10-09 11:58:25.583 - INFO - [ASTER_BTC] Current Position: 0.001 | Active closing amount: 0.001 | Order quantity: 1
2025-10-09 11:59:26.180 - INFO - [ASTER_BTC] Current Position: 0.001 | Active closing amount: 0.001 | Order quantity: 1
2025-10-09 12:00:27.953 - INFO - [ASTER_BTC] Current Position: 0.001 | Active closing amount: 0.001 | Order quantity: 1
2025-10-09 12:00:57.047 - INFO - [ASTER_BTC] [CLOSE] [6003880892] FILLED 0.001 @ 122072.3
2025-10-09 12:00:57.848 - INFO - [ASTER_BTC] [OPEN] [6003937679] OPEN 0.001 @ 122078
2025-10-09 12:01:10.343 - INFO - [ASTER_BTC] [OPEN] [6003937679] Cancelling order and placing a new order
2025-10-09 12:01:10.510 - INFO - [ASTER_BTC] [OPEN] [6003937679] CANCELED 0.001 @ 122078
2025-10-09 12:01:11.059 - INFO - [ASTER_BTC] [OPEN] [6003941627] OPEN 0.001 @ 122080.9
2025-10-09 12:01:19.040 - INFO - [ASTER_BTC] [OPEN] [6003941627] FILLED 0.001 @ 122080.9
2025-10-09 12:01:19.450 - INFO - [ASTER_BTC] [CLOSE] [6003943847] OPEN 0.001 @ 122129.7
2025-10-09 12:01:29.322 - INFO - [ASTER_BTC] Current Position: 0.001 | Active closing amount: 0.001 | Order quantity: 1
2025-10-09 12:02:30.811 - INFO - [ASTER_BTC] Current Position: 0.001 | Active closing amount: 0.001 | Order quantity: 1
2025-10-09 12:03:32.321 - INFO - [ASTER_BTC] Current Position: 0.001 | Active closing amount: 0.001 | Order quantity: 1
2025-10-09 12:04:33.100 - INFO - [ASTER_BTC] Current Position: 0.001 | Active closing amount: 0.001 | Order quantity: 1
2025-10-09 12:05:34.330 - INFO - [ASTER_BTC] Current Position: 0.001 | Active closing amount: 0.001 | Order quantity: 1
2025-10-09 12:06:35.749 - INFO - [ASTER_BTC] Current Position: 0.001 | Active closing amount: 0.001 | Order quantity: 1
2025-10-09 12:07:36.124 - INFO - [ASTER_BTC] Current Position: 0.001 | Active closing amount: 0.001 | Order quantity: 1
2025-10-09 12:08:36.422 - INFO - [ASTER_BTC] Current Position: 0.001 | Active closing amount: 0.001 | Order quantity: 1
2025-10-09 12:09:37.490 - INFO - [ASTER_BTC] Current Position: 0.001 | Active closing amount: 0.001 | Order quantity: 1
2025-10-09 12:10:38.557 - INFO - [ASTER_BTC] Current Position: 0.001 | Active closing amount: 0.001 | Order quantity: 1
2025-10-09 12:11:39.800 - INFO - [ASTER_BTC] Current Position: 0.001 | Active closing amount: 0.001 | Order quantity: 1
2025-10-09 12:12:40.353 - INFO - [ASTER_BTC] Current Position: 0.001 | Active closing amount: 0.001 | Order quantity: 1
2025-10-09 12:13:41.282 - INFO - [ASTER_BTC] Current Position: 0.001 | Active closing amount: 0.001 | Order quantity: 1
2025-10-09 12:14:42.291 - INFO - [ASTER_BTC] Current Position: 0.001 | Active closing amount: 0.001 | Order quantity: 1
2025-10-10 11:37:38.891 - INFO - [ASTER_BTC] === Trading Configuration ===
2025-10-10 11:37:38.892 - INFO - [ASTER_BTC] Ticker: BTC
2025-10-10 11:37:38.892 - INFO - [ASTER_BTC] Contract ID: BTCUSDT
2025-10-10 11:37:38.893 - INFO - [ASTER_BTC] Quantity: 0.001
2025-10-10 11:37:38.893 - INFO - [ASTER_BTC] Take Profit: 0.04%
2025-10-10 11:37:38.893 - INFO - [ASTER_BTC] Direction: buy
2025-10-10 11:37:38.893 - INFO - [ASTER_BTC] Max Orders: 10
2025-10-10 11:37:38.894 - INFO - [ASTER_BTC] Wait Time: 30s
2025-10-10 11:37:38.894 - INFO - [ASTER_BTC] Exchange: aster
2025-10-10 11:37:38.894 - INFO - [ASTER_BTC] Grid Step: 0.2%
2025-10-10 11:37:38.894 - INFO - [ASTER_BTC] Stop Price: -1
2025-10-10 11:37:38.894 - INFO - [ASTER_BTC] Pause Price: -1
2025-10-10 11:37:38.895 - INFO - [ASTER_BTC] Boost Mode: False
2025-10-10 11:37:38.895 - INFO - [ASTER_BTC] =============================
2025-10-10 11:37:39.411 - INFO - [ASTER_BTC] Connected to Aster WebSocket with listen key
2025-10-10 11:37:46.358 - INFO - [ASTER_BTC] Current Position: 0.000 | Active closing amount: 0 | Order quantity: 0
2025-10-10 11:37:46.668 - INFO - [ASTER_BTC] [OPEN] [6029803737] OPEN 0.001 @ 121586.4
2025-10-10 11:37:47.588 - INFO - [ASTER_BTC] [OPEN] [6029803737] FILLED 0.001 @ 121586.4
2025-10-10 11:37:48.167 - INFO - [ASTER_BTC] [CLOSE] [6029804549] OPEN 0.001 @ 121635
2025-10-10 11:38:47.553 - INFO - [ASTER_BTC] Current Position: 0.001 | Active closing amount: 0.001 | Order quantity: 1
2025-10-10 11:39:48.798 - INFO - [ASTER_BTC] Current Position: 0.001 | Active closing amount: 0.001 | Order quantity: 1
2025-10-10 11:40:49.887 - INFO - [ASTER_BTC] Current Position: 0.001 | Active closing amount: 0.001 | Order quantity: 1
2025-10-10 11:41:50.783 - INFO - [ASTER_BTC] Current Position: 0.001 | Active closing amount: 0.001 | Order quantity: 1
2025-10-10 11:42:52.769 - INFO - [ASTER_BTC] Current Position: 0.001 | Active closing amount: 0.001 | Order quantity: 1
2025-10-10 11:43:53.348 - INFO - [ASTER_BTC] Current Position: 0.001 | Active closing amount: 0.001 | Order quantity: 1
2025-10-10 11:44:54.052 - INFO - [ASTER_BTC] Current Position: 0.001 | Active closing amount: 0.001 | Order quantity: 1
2025-10-10 11:45:55.226 - INFO - [ASTER_BTC] Current Position: 0.001 | Active closing amount: 0.001 | Order quantity: 1
2025-10-10 11:46:56.649 - INFO - [ASTER_BTC] Current Position: 0.001 | Active closing amount: 0.001 | Order quantity: 1
2025-10-10 11:47:58.988 - INFO - [ASTER_BTC] Current Position: 0.001 | Active closing amount: 0.001 | Order quantity: 1
2025-10-10 11:48:09.868 - INFO - [ASTER_BTC] [CLOSE] [6029804549] FILLED 0.001 @ 121635
2025-10-10 11:48:11.028 - INFO - [ASTER_BTC] [OPEN] [6029975449] OPEN 0.001 @ 121638.5
2025-10-10 11:48:14.618 - INFO - [ASTER_BTC] [OPEN] [6029975449] FILLED 0.001 @ 121638.5
2025-10-10 11:48:15.083 - INFO - [ASTER_BTC] [CLOSE] [6029977422] OPEN 0.001 @ 121687.2
2025-10-10 11:48:59.421 - INFO - [ASTER_BTC] Current Position: 0.001 | Active closing amount: 0.001 | Order quantity: 1
2025-10-10 11:49:01.829 - INFO - [ASTER_BTC] [CLOSE] [6029993769] OPEN 0.001 @ 0
2025-10-10 11:49:01.829 - INFO - [ASTER_BTC] [CLOSE] [6029993769] FILLED 0.001 @ 0
2025-10-10 11:49:05.587 - INFO - [ASTER_BTC] [CLOSE] [6029977422] CANCELED 0.001 @ 121687.2
2025-10-10 11:49:06.309 - INFO - [ASTER_BTC] [OPEN] [6029994979] OPEN 0.001 @ 121614.6
2025-10-10 11:49:08.284 - INFO - [ASTER_BTC] [OPEN] [6029994979] FILLED 0.001 @ 121614.6
2025-10-10 11:49:08.661 - INFO - [ASTER_BTC] [CLOSE] [6029997020] OPEN 0.001 @ 121663.2
2025-10-10 11:50:00.589 - INFO - [ASTER_BTC] Current Position: 0.001 | Active closing amount: 0.001 | Order quantity: 1
2025-10-10 11:51:01.770 - INFO - [ASTER_BTC] Current Position: 0.001 | Active closing amount: 0.001 | Order quantity: 1
2025-10-10 11:52:02.889 - INFO - [ASTER_BTC] Current Position: 0.001 | Active closing amount: 0.001 | Order quantity: 1
2025-10-10 11:52:31.881 - INFO - [ASTER_BTC] [OPEN] [6030074203] OPEN 0.001 @ 121367.6
2025-10-10 11:52:37.509 - INFO - [ASTER_BTC] [OPEN] [6030074203] FILLED 0.001 @ 121367.6
2025-10-10 11:52:38.195 - INFO - [ASTER_BTC] [CLOSE] [6030075782] OPEN 0.001 @ 121416.1
2025-10-10 11:53:03.841 - INFO - [ASTER_BTC] Current Position: 0.002 | Active closing amount: 0.002 | Order quantity: 2
2025-10-10 11:54:04.718 - INFO - [ASTER_BTC] Current Position: 0.002 | Active closing amount: 0.002 | Order quantity: 2
2025-10-10 11:54:58.201 - INFO - [ASTER_BTC] WebSocket disconnected
2025-10-11 16:56:17.968 - INFO - [ASTER_BTC] === Trading Configuration ===
2025-10-11 16:56:17.969 - INFO - [ASTER_BTC] Ticker: BTC
2025-10-11 16:56:17.969 - INFO - [ASTER_BTC] Contract ID: BTCUSDT
2025-10-11 16:56:17.969 - INFO - [ASTER_BTC] Quantity: 0.001
2025-10-11 16:56:17.970 - INFO - [ASTER_BTC] Take Profit: 0.04%
2025-10-11 16:56:17.970 - INFO - [ASTER_BTC] Direction: buy
2025-10-11 16:56:17.970 - INFO - [ASTER_BTC] Max Orders: 10
2025-10-11 16:56:17.970 - INFO - [ASTER_BTC] Wait Time: 30s
2025-10-11 16:56:17.970 - INFO - [ASTER_BTC] Exchange: aster
2025-10-11 16:56:17.970 - INFO - [ASTER_BTC] Grid Step: 0.2%
2025-10-11 16:56:17.971 - INFO - [ASTER_BTC] Stop Price: -1
2025-10-11 16:56:17.971 - INFO - [ASTER_BTC] Pause Price: -1
2025-10-11 16:56:17.971 - INFO - [ASTER_BTC] Boost Mode: False
2025-10-11 16:56:17.971 - INFO - [ASTER_BTC] =============================
2025-10-11 16:56:18.491 - INFO - [ASTER_BTC] Connected to Aster WebSocket with listen key
2025-10-11 16:56:25.462 - INFO - [ASTER_BTC] Current Position: 0.000 | Active closing amount: 0 | Order quantity: 0
2025-10-11 16:56:25.737 - INFO - [ASTER_BTC] [OPEN] [6068865732] OPEN 0.001 @ 111472.8
2025-10-11 16:56:31.035 - INFO - [ASTER_BTC] [OPEN] [6068865732] FILLED 0.001 @ 111472.8
2025-10-11 16:56:31.409 - INFO - [ASTER_BTC] [CLOSE] [6068867026] OPEN 0.001 @ 111517.4
2025-10-11 16:57:26.726 - INFO - [ASTER_BTC] Current Position: 0.001 | Active closing amount: 0.001 | Order quantity: 1
2025-10-11 16:58:27.168 - INFO - [ASTER_BTC] Current Position: 0.001 | Active closing amount: 0.001 | Order quantity: 1
2025-10-11 16:59:28.388 - INFO - [ASTER_BTC] Current Position: 0.001 | Active closing amount: 0.001 | Order quantity: 1
2025-10-11 17:00:29.620 - INFO - [ASTER_BTC] Current Position: 0.001 | Active closing amount: 0.001 | Order quantity: 1
2025-10-11 17:01:30.730 - INFO - [ASTER_BTC] Current Position: 0.001 | Active closing amount: 0.001 | Order quantity: 1
2025-10-11 17:02:31.232 - INFO - [ASTER_BTC] Current Position: 0.001 | Active closing amount: 0.001 | Order quantity: 1
2025-10-11 17:03:23.851 - INFO - [ASTER_BTC] [CLOSE] [6068867026] FILLED 0.001 @ 111517.4
2025-10-11 17:03:24.971 - INFO - [ASTER_BTC] [OPEN] [6068992102] OPEN 0.001 @ 111534.9
2025-10-11 17:03:26.489 - INFO - [ASTER_BTC] [OPEN] [6068992102] FILLED 0.001 @ 111534.9
2025-10-11 17:03:27.069 - INFO - [ASTER_BTC] [CLOSE] [6068992878] OPEN 0.001 @ 111579.5
2025-10-11 17:03:32.006 - INFO - [ASTER_BTC] Current Position: 0.001 | Active closing amount: 0.001 | Order quantity: 1
2025-10-11 17:04:33.166 - INFO - [ASTER_BTC] Current Position: 0.001 | Active closing amount: 0.001 | Order quantity: 1
2025-10-11 17:04:37.351 - INFO - [ASTER_BTC] [CLOSE] [6068992878] FILLED 0.001 @ 111579.5
2025-10-11 17:04:38.507 - INFO - [ASTER_BTC] [OPEN] [6069022054] OPEN 0.001 @ 111605.6
2025-10-11 17:04:49.493 - INFO - [ASTER_BTC] [OPEN] [6069022054] FILLED 0.001 @ 111605.6
2025-10-11 17:04:49.913 - INFO - [ASTER_BTC] [CLOSE] [6069027607] OPEN 0.001 @ 111650.2
2025-10-11 17:05:34.097 - INFO - [ASTER_BTC] Current Position: 0.001 | Active closing amount: 0.001 | Order quantity: 1
2025-10-11 17:06:35.599 - INFO - [ASTER_BTC] Current Position: 0.001 | Active closing amount: 0.001 | Order quantity: 1
2025-10-11 17:06:37.716 - INFO - [ASTER_BTC] [CLOSE] [6069027607] FILLED 0.001 @ 111650.2
2025-10-11 17:06:38.644 - INFO - [ASTER_BTC] [OPEN] [6069069416] OPEN 0.001 @ 111657
2025-10-11 17:06:39.619 - INFO - [ASTER_BTC] [OPEN] [6069069416] FILLED 0.001 @ 111657
2025-10-11 17:06:40.023 - INFO - [ASTER_BTC] [CLOSE] [6069069865] OPEN 0.001 @ 111701.7
2025-10-11 17:07:37.070 - INFO - [ASTER_BTC] Current Position: 0.001 | Active closing amount: 0.001 | Order quantity: 1
2025-10-11 17:08:37.744 - INFO - [ASTER_BTC] Current Position: 0.001 | Active closing amount: 0.001 | Order quantity: 1
2025-10-11 17:09:39.082 - INFO - [ASTER_BTC] Current Position: 0.001 | Active closing amount: 0.001 | Order quantity: 1
2025-10-11 17:10:40.356 - INFO - [ASTER_BTC] Current Position: 0.001 | Active closing amount: 0.001 | Order quantity: 1
2025-10-11 17:11:41.403 - INFO - [ASTER_BTC] Current Position: 0.001 | Active closing amount: 0.001 | Order quantity: 1
2025-10-11 17:12:42.646 - INFO - [ASTER_BTC] Current Position: 0.001 | Active closing amount: 0.001 | Order quantity: 1
2025-10-11 17:13:43.317 - INFO - [ASTER_BTC] Current Position: 0.001 | Active closing amount: 0.001 | Order quantity: 1
2025-10-11 17:14:17.029 - INFO - [ASTER_BTC] [OPEN] [6069231271] OPEN 0.001 @ 111428.6
2025-10-11 17:14:17.574 - INFO - [ASTER_BTC] [OPEN] [6069231271] FILLED 0.001 @ 111428.6
2025-10-11 17:14:18.228 - INFO - [ASTER_BTC] [CLOSE] [6069231760] OPEN 0.001 @ 111473.2
2025-10-11 17:14:34.532 - INFO - [ASTER_BTC] [CLOSE] [6069231760] FILLED 0.001 @ 111473.2
2025-10-11 17:14:44.278 - INFO - [ASTER_BTC] Current Position: 0.001 | Active closing amount: 0.001 | Order quantity: 1
2025-10-11 17:15:45.250 - INFO - [ASTER_BTC] Current Position: 0.001 | Active closing amount: 0.001 | Order quantity: 1
2025-10-11 17:16:45.505 - INFO - [ASTER_BTC] Current Position: 0.001 | Active closing amount: 0.001 | Order quantity: 1
2025-10-11 17:17:46.392 - INFO - [ASTER_BTC] Current Position: 0.001 | Active closing amount: 0.001 | Order quantity: 1
2025-10-11 17:18:47.824 - INFO - [ASTER_BTC] Current Position: 0.001 | Active closing amount: 0.001 | Order quantity: 1
2025-10-11 17:19:49.146 - INFO - [ASTER_BTC] Current Position: 0.001 | Active closing amount: 0.001 | Order quantity: 1
2025-10-11 17:19:49.391 - INFO - [ASTER_BTC] [CLOSE] [6069069865] FILLED 0.001 @ 111701.7
2025-10-11 17:19:51.109 - INFO - [ASTER_BTC] [OPEN] [6069343836] OPEN 0.001 @ 111716.8
2025-10-11 17:19:51.109 - INFO - [ASTER_BTC] [OPEN] [6069343836] EXPIRED 0.001 @ 111716.8
2025-10-11 17:19:51.713 - INFO - [ASTER_BTC] [OPEN] [6069343994] OPEN 0.001 @ 111712.7
2025-10-11 17:20:04.036 - INFO - [ASTER_BTC] [OPEN] [6069343994] Cancelling order and placing a new order
2025-10-11 17:20:04.161 - INFO - [ASTER_BTC] [OPEN] [6069343994] CANCELED 0.001 @ 111712.7
2025-10-11 17:20:05.088 - INFO - [ASTER_BTC] [OPEN] [6069350848] OPEN 0.001 @ 111679.8
2025-10-11 17:20:05.089 - INFO - [ASTER_BTC] [OPEN] [6069350848] EXPIRED 0.001 @ 111679.8
2025-10-11 17:20:05.635 - INFO - [ASTER_BTC] [OPEN] [6069351323] OPEN 0.001 @ 111634.8
2025-10-11 17:20:05.636 - INFO - [ASTER_BTC] [OPEN] [6069351323] EXPIRED 0.001 @ 111634.8
2025-10-11 17:20:06.102 - INFO - [ASTER_BTC] [OPEN] [6069351718] OPEN 0.001 @ 111631.5
2025-10-11 17:20:10.777 - INFO - [ASTER_BTC] [OPEN] [6069351718] FILLED 0.001 @ 111631.5
2025-10-11 17:20:11.348 - INFO - [ASTER_BTC] [CLOSE] [6069354405] OPEN 0.001 @ 111676.2
2025-10-11 17:20:19.271 - INFO - [ASTER_BTC] [CLOSE] [6069354405] FILLED 0.001 @ 111676.2
2025-10-11 17:20:19.935 - INFO - [ASTER_BTC] [OPEN] [6069358718] OPEN 0.001 @ 111684.4
2025-10-11 17:20:32.204 - INFO - [ASTER_BTC] [OPEN] [6069358718] Cancelling order and placing a new order
2025-10-11 17:20:32.306 - INFO - [ASTER_BTC] [OPEN] [6069358718] CANCELED 0.001 @ 111684.4
2025-10-11 17:20:32.734 - INFO - [ASTER_BTC] [OPEN] [6069364711] OPEN 0.001 @ 111775.9
2025-10-11 17:20:33.285 - INFO - [ASTER_BTC] [OPEN] [6069364711] FILLED 0.001 @ 111775.9
2025-10-11 17:20:33.793 - INFO - [ASTER_BTC] [CLOSE] [6069365375] OPEN 0.001 @ 111820.6
2025-10-11 17:20:50.443 - INFO - [ASTER_BTC] Current Position: 0.001 | Active closing amount: 0.001 | Order quantity: 1
2025-10-11 17:21:51.496 - INFO - [ASTER_BTC] Current Position: 0.001 | Active closing amount: 0.001 | Order quantity: 1
2025-10-11 17:22:52.288 - INFO - [ASTER_BTC] Current Position: 0.001 | Active closing amount: 0.001 | Order quantity: 1
2025-10-11 17:23:53.408 - INFO - [ASTER_BTC] Current Position: 0.001 | Active closing amount: 0.001 | Order quantity: 1
2025-10-11 17:24:54.266 - INFO - [ASTER_BTC] Current Position: 0.001 | Active closing amount: 0.001 | Order quantity: 1
2025-10-11 17:25:55.610 - INFO - [ASTER_BTC] Current Position: 0.001 | Active closing amount: 0.001 | Order quantity: 1
2025-10-11 17:26:55.907 - INFO - [ASTER_BTC] Current Position: 0.001 | Active closing amount: 0.001 | Order quantity: 1
2025-10-11 17:27:56.690 - INFO - [ASTER_BTC] Current Position: 0.001 | Active closing amount: 0.001 | Order quantity: 1
2025-10-11 17:28:58.094 - INFO - [ASTER_BTC] Current Position: 0.001 | Active closing amount: 0.001 | Order quantity: 1
2025-10-11 17:29:47.077 - INFO - [ASTER_BTC] WebSocket disconnected
