2025-09-27 11:39:52.848 - INFO - [ASTER_HYPE] === Trading Configuration ===
2025-09-27 11:39:52.848 - INFO - [ASTER_HYPE] Ticker: HYPE
2025-09-27 11:39:52.848 - INFO - [ASTER_HYPE] Contract ID: HYPEUSDT
2025-09-27 11:39:52.848 - INFO - [ASTER_HYPE] Quantity: 2
2025-09-27 11:39:52.848 - INFO - [ASTER_HYPE] Take Profit: 0.04%
2025-09-27 11:39:52.848 - INFO - [ASTER_HYPE] Direction: buy
2025-09-27 11:39:52.848 - INFO - [ASTER_HYPE] Max Orders: 10
2025-09-27 11:39:52.848 - INFO - [ASTER_HYPE] Wait Time: 30s
2025-09-27 11:39:52.848 - INFO - [ASTER_HYPE] Exchange: aster
2025-09-27 11:39:52.848 - INFO - [ASTER_HYPE] Grid Step: 0.2%
2025-09-27 11:39:52.848 - INFO - [ASTER_HYPE] Stop Price: -1
2025-09-27 11:39:52.848 - INFO - [ASTER_HYPE] Pause Price: -1
2025-09-27 11:39:52.848 - INFO - [ASTER_HYPE] Aster Boost: False
2025-09-27 11:39:52.848 - INFO - [ASTER_HYPE] =============================
2025-09-27 11:39:54.237 - INFO - [ASTER_HYPE] Connected to Aster WebSocket with listen key
2025-09-27 11:39:55.253 - INFO - [ASTER_HYPE] Current Position: 0.00 | Active closing amount: 0 | Order quantity: 0
2025-09-27 11:39:55.521 - INFO - [ASTER_HYPE] [OPEN] [33743400] OPEN 2 @ 44.50800
2025-09-27 11:40:01.582 - INFO - [ASTER_HYPE] [OPEN] [33743400] FILLED 2 @ 44.50800
2025-09-27 11:40:01.994 - INFO - [ASTER_HYPE] [CLOSE] [33743877] OPEN 2 @ 44.52600
2025-09-27 11:40:55.670 - INFO - [ASTER_HYPE] Current Position: 2.00 | Active closing amount: 2 | Order quantity: 1
2025-09-27 11:41:56.894 - INFO - [ASTER_HYPE] Current Position: 2.00 | Active closing amount: 2 | Order quantity: 1
2025-09-27 11:41:57.311 - INFO - [ASTER_HYPE] [OPEN] [33752787] OPEN 2 @ 44.41700
2025-09-27 11:41:57.374 - INFO - [ASTER_HYPE] [OPEN] [33752787] FILLED 2 @ 44.41700
2025-09-27 11:41:58.187 - INFO - [ASTER_HYPE] [CLOSE] [33752868] OPEN 2 @ 44.43500
2025-09-27 11:42:18.058 - INFO - [ASTER_HYPE] [CLOSE] [33752868] PARTIALLY_FILLED 0.77 @ 44.43500
2025-09-27 11:42:18.378 - INFO - [ASTER_HYPE] [CLOSE] [33752868] FILLED 2 @ 44.43500
2025-09-27 11:42:57.690 - INFO - [ASTER_HYPE] Current Position: 2.00 | Active closing amount: 2 | Order quantity: 1
2025-09-27 11:43:48.715 - INFO - [ASTER_HYPE] [OPEN] [33761837] OPEN 2 @ 44.42000
2025-09-27 11:43:48.715 - INFO - [ASTER_HYPE] [OPEN] [33761837] EXPIRED 2 @ 44.42000
2025-09-27 11:43:49.467 - INFO - [ASTER_HYPE] [OPEN] [33761908] OPEN 2 @ 44.40900
2025-09-27 11:44:00.826 - INFO - [ASTER_HYPE] [OPEN] [33761908] FILLED 2 @ 44.40900
2025-09-27 11:44:01.315 - INFO - [ASTER_HYPE] [CLOSE] [33762800] OPEN 2 @ 44.42700
2025-09-27 11:44:03.829 - INFO - [ASTER_HYPE] Current Position: 4.00 | Active closing amount: 4 | Order quantity: 2
2025-09-27 11:45:04.106 - INFO - [ASTER_HYPE] Current Position: 4.00 | Active closing amount: 4 | Order quantity: 2
2025-09-27 11:46:04.603 - INFO - [ASTER_HYPE] Current Position: 4.00 | Active closing amount: 4 | Order quantity: 2
2025-09-27 11:47:05.468 - INFO - [ASTER_HYPE] Current Position: 4.00 | Active closing amount: 4 | Order quantity: 2
2025-09-27 11:48:06.805 - INFO - [ASTER_HYPE] Current Position: 4.00 | Active closing amount: 4 | Order quantity: 2
2025-09-27 11:48:42.330 - INFO - [ASTER_HYPE] [OPEN] [33785362] OPEN 2 @ 44.28900
2025-09-27 11:48:42.330 - INFO - [ASTER_HYPE] [OPEN] [33785362] PARTIALLY_FILLED 0.28 @ 44.28900
2025-09-27 11:48:42.424 - INFO - [ASTER_HYPE] [OPEN] [33785362] FILLED 2 @ 44.28900
2025-09-27 11:48:42.938 - INFO - [ASTER_HYPE] [CLOSE] [33785468] OPEN 2 @ 44.30700
2025-09-27 11:48:57.924 - INFO - [ASTER_HYPE] [OPEN] [33787793] OPEN 2 @ 44.13700
2025-09-27 11:49:09.106 - INFO - [ASTER_HYPE] [OPEN] [33787793] FILLED 2 @ 44.13700
2025-09-27 11:49:09.519 - INFO - [ASTER_HYPE] [CLOSE] [33788959] OPEN 2 @ 44.15500
2025-09-27 11:49:11.957 - INFO - [ASTER_HYPE] Current Position: 8.00 | Active closing amount: 8 | Order quantity: 4
2025-09-27 11:49:26.517 - INFO - [ASTER_HYPE] [CLOSE] [33788959] PARTIALLY_FILLED 1.72 @ 44.15500
2025-09-27 11:50:06.790 - INFO - [ASTER_HYPE] [CLOSE] [33788959] FILLED 2 @ 44.15500
2025-09-27 11:50:08.116 - INFO - [ASTER_HYPE] [OPEN] [33793967] OPEN 2 @ 44.17200
2025-09-27 11:50:09.533 - INFO - [ASTER_HYPE] [OPEN] [33793967] FILLED 2 @ 44.17200
2025-09-27 11:50:09.929 - INFO - [ASTER_HYPE] [CLOSE] [33794115] OPEN 2 @ 44.19000
2025-09-27 11:50:12.349 - INFO - [ASTER_HYPE] Current Position: 8.00 | Active closing amount: 8 | Order quantity: 4
2025-09-27 11:50:37.687 - INFO - [ASTER_HYPE] [CLOSE] [33794115] PARTIALLY_FILLED 1.91 @ 44.19000
2025-09-27 11:50:38.629 - INFO - [ASTER_HYPE] [CLOSE] [33794115] FILLED 2 @ 44.19000
2025-09-27 11:50:40.382 - INFO - [ASTER_HYPE] [OPEN] [33796527] OPEN 2 @ 44.19400
2025-09-27 11:50:40.382 - INFO - [ASTER_HYPE] [OPEN] [33796527] EXPIRED 2 @ 44.19400
2025-09-27 11:50:40.954 - INFO - [ASTER_HYPE] [OPEN] [33796566] OPEN 2 @ 44.18900
2025-09-27 11:50:49.963 - INFO - [ASTER_HYPE] [OPEN] [33796566] FILLED 2 @ 44.18900
2025-09-27 11:50:50.291 - INFO - [ASTER_HYPE] [CLOSE] [33797394] OPEN 2 @ 44.20700
2025-09-27 11:51:13.339 - INFO - [ASTER_HYPE] Current Position: 8.00 | Active closing amount: 8 | Order quantity: 4
2025-09-27 11:51:13.779 - INFO - [ASTER_HYPE] [CLOSE] [33797394] FILLED 2 @ 44.20700
2025-09-27 11:51:19.877 - INFO - [ASTER_HYPE] [OPEN] [33799500] OPEN 2 @ 44.19900
2025-09-27 11:51:32.099 - INFO - [ASTER_HYPE] [OPEN] [33799500] Cancelling order and placing a new order
2025-09-27 11:51:32.321 - INFO - [ASTER_HYPE] [OPEN] [33799500] CANCELED 2 @ 44.19900
2025-09-27 11:52:14.782 - INFO - [ASTER_HYPE] Current Position: 6.00 | Active closing amount: 6 | Order quantity: 3
2025-09-27 11:53:15.898 - INFO - [ASTER_HYPE] Current Position: 6.00 | Active closing amount: 6 | Order quantity: 3
2025-09-27 11:54:16.485 - INFO - [ASTER_HYPE] Current Position: 6.00 | Active closing amount: 6 | Order quantity: 3
2025-09-27 11:54:56.931 - INFO - [ASTER_HYPE] [CLOSE] [33785468] FILLED 2 @ 44.30700
2025-09-27 11:54:57.790 - INFO - [ASTER_HYPE] [OPEN] [33815707] OPEN 2 @ 44.30700
2025-09-27 11:55:00.614 - INFO - [ASTER_HYPE] [OPEN] [33815707] FILLED 2 @ 44.30700
2025-09-27 11:55:00.979 - INFO - [ASTER_HYPE] [CLOSE] [33815962] OPEN 2 @ 44.32500
2025-09-27 11:55:17.563 - INFO - [ASTER_HYPE] Current Position: 6.00 | Active closing amount: 6 | Order quantity: 3
2025-09-27 11:55:21.839 - INFO - [ASTER_HYPE] [CLOSE] [33815962] PARTIALLY_FILLED 1.48 @ 44.32500
2025-09-27 11:56:18.261 - INFO - [ASTER_HYPE] Current Position: 4.52 | Active closing amount: 4.52 | Order quantity: 3
2025-09-27 11:57:03.926 - INFO - [ASTER_HYPE] [OPEN] [33825195] OPEN 2 @ 44.21700
2025-09-27 11:57:05.581 - INFO - [ASTER_HYPE] [OPEN] [33825195] FILLED 2 @ 44.21700
2025-09-27 11:57:06.264 - INFO - [ASTER_HYPE] [CLOSE] [33825379] OPEN 2 @ 44.23500
2025-09-27 11:57:19.015 - INFO - [ASTER_HYPE] Current Position: 6.52 | Active closing amount: 6.52 | Order quantity: 4
2025-09-27 11:58:20.080 - INFO - [ASTER_HYPE] Current Position: 6.52 | Active closing amount: 6.52 | Order quantity: 4
2025-09-27 11:58:24.455 - INFO - [ASTER_HYPE] [OPEN] [33831421] OPEN 2 @ 44.12500
2025-09-27 11:58:25.042 - INFO - [ASTER_HYPE] [OPEN] [33831421] FILLED 2 @ 44.12500
2025-09-27 11:58:25.909 - INFO - [ASTER_HYPE] [CLOSE] [33831511] OPEN 2 @ 44.14300
2025-09-27 11:58:32.086 - INFO - [ASTER_HYPE] [CLOSE] [33831511] FILLED 2 @ 44.14300
2025-09-27 11:58:56.188 - INFO - [ASTER_HYPE] [OPEN] [33834158] OPEN 2 @ 44.10900
2025-09-27 11:58:57.168 - INFO - [ASTER_HYPE] [OPEN] [33834158] FILLED 2 @ 44.10900
2025-09-27 11:58:57.998 - INFO - [ASTER_HYPE] [CLOSE] [33834320] OPEN 2 @ 44.12700
2025-09-27 11:59:21.341 - INFO - [ASTER_HYPE] Current Position: 8.52 | Active closing amount: 8.52 | Order quantity: 5
2025-09-27 11:59:33.913 - INFO - [ASTER_HYPE] [OPEN] [33837544] OPEN 2 @ 44.01300
2025-09-27 11:59:33.913 - INFO - [ASTER_HYPE] [OPEN] [33837544] EXPIRED 2 @ 44.01300
2025-09-27 11:59:34.350 - INFO - [ASTER_HYPE] [OPEN] [33837622] OPEN 2 @ 43.99200
2025-09-27 11:59:36.322 - INFO - [ASTER_HYPE] [OPEN] [33837622] FILLED 2 @ 43.99200
2025-09-27 11:59:36.936 - INFO - [ASTER_HYPE] [CLOSE] [33837953] OPEN 2 @ 44.01000
2025-09-27 12:00:08.148 - INFO - [ASTER_HYPE] [OPEN] [33841687] OPEN 2 @ 43.85500
2025-09-27 12:00:08.148 - INFO - [ASTER_HYPE] [OPEN] [33841687] EXPIRED 2 @ 43.85500
2025-09-27 12:00:08.600 - INFO - [ASTER_HYPE] [OPEN] [33841743] OPEN 2 @ 43.85500
2025-09-27 12:00:09.114 - INFO - [ASTER_HYPE] [OPEN] [33841743] PARTIALLY_FILLED 1.62 @ 43.85500
2025-09-27 12:00:09.863 - INFO - [ASTER_HYPE] [OPEN] [33841743] FILLED 2 @ 43.85500
2025-09-27 12:00:10.276 - INFO - [ASTER_HYPE] [CLOSE] [33841987] OPEN 2 @ 43.87300
2025-09-27 12:00:21.877 - INFO - [ASTER_HYPE] Current Position: 12.52 | Active closing amount: 12.52 | Order quantity: 7
2025-09-27 12:01:22.618 - INFO - [ASTER_HYPE] Current Position: 12.52 | Active closing amount: 12.52 | Order quantity: 7
2025-09-27 12:01:50.963 - INFO - [ASTER_HYPE] [CLOSE] [33841987] PARTIALLY_FILLED 0.47 @ 43.87300
2025-09-27 12:01:51.327 - INFO - [ASTER_HYPE] [CLOSE] [33841987] FILLED 2 @ 43.87300
2025-09-27 12:01:52.613 - INFO - [ASTER_HYPE] [OPEN] [33852271] OPEN 2 @ 43.87900
2025-09-27 12:02:02.681 - INFO - [ASTER_HYPE] [CLOSE] [33837953] FILLED 2 @ 44.01000
2025-09-27 12:02:04.695 - INFO - [ASTER_HYPE] [OPEN] [33852271] Cancelling order and placing a new order
2025-09-27 12:02:04.822 - INFO - [ASTER_HYPE] [OPEN] [33852271] CANCELED 2 @ 43.87900
2025-09-27 12:02:05.827 - INFO - [ASTER_HYPE] [OPEN] [33853803] OPEN 2 @ 44.01300
2025-09-27 12:02:06.468 - INFO - [ASTER_HYPE] [OPEN] [33853803] FILLED 2 @ 44.01300
2025-09-27 12:02:07.082 - INFO - [ASTER_HYPE] [CLOSE] [33853908] OPEN 2 @ 44.03100
2025-09-27 12:02:23.277 - INFO - [ASTER_HYPE] Current Position: 10.52 | Active closing amount: 10.52 | Order quantity: 6
2025-09-27 12:02:41.894 - INFO - [ASTER_HYPE] [CLOSE] [33853908] FILLED 2 @ 44.03100
2025-09-27 12:03:06.448 - INFO - [ASTER_HYPE] [OPEN] [33859339] OPEN 2 @ 44.01600
2025-09-27 12:03:06.448 - INFO - [ASTER_HYPE] [OPEN] [33859339] EXPIRED 2 @ 44.01600
2025-09-27 12:03:06.901 - INFO - [ASTER_HYPE] [OPEN] [33859372] OPEN 2 @ 44.00400
2025-09-27 12:03:07.279 - INFO - [ASTER_HYPE] [OPEN] [33859372] FILLED 2 @ 44.00400
2025-09-27 12:03:07.698 - INFO - [ASTER_HYPE] [CLOSE] [33859468] OPEN 2 @ 44.02200
2025-09-27 12:03:23.891 - INFO - [ASTER_HYPE] Current Position: 10.52 | Active closing amount: 10.52 | Order quantity: 6
2025-09-27 12:03:39.090 - INFO - [ASTER_HYPE] [CLOSE] [33859468] FILLED 2 @ 44.02200
2025-09-27 12:03:40.262 - INFO - [ASTER_HYPE] [OPEN] [33862516] OPEN 2 @ 44.03200
2025-09-27 12:03:40.262 - INFO - [ASTER_HYPE] [OPEN] [33862516] EXPIRED 2 @ 44.03200
2025-09-27 12:03:40.770 - INFO - [ASTER_HYPE] [OPEN] [33862588] OPEN 2 @ 44.01600
2025-09-27 12:03:42.750 - INFO - [ASTER_HYPE] [OPEN] [33862588] FILLED 2 @ 44.01600
2025-09-27 12:03:43.385 - INFO - [ASTER_HYPE] [CLOSE] [33862819] OPEN 2 @ 44.03400
2025-09-27 12:04:24.668 - INFO - [ASTER_HYPE] Current Position: 10.52 | Active closing amount: 10.52 | Order quantity: 6
2025-09-27 12:04:40.644 - INFO - [ASTER_HYPE] [CLOSE] [33862819] FILLED 2 @ 44.03400
2025-09-27 12:04:47.920 - INFO - [ASTER_HYPE] [OPEN] [33867985] OPEN 2 @ 44.01500
2025-09-27 12:05:00.094 - INFO - [ASTER_HYPE] [OPEN] [33867985] Cancelling order and placing a new order
2025-09-27 12:05:00.275 - INFO - [ASTER_HYPE] [OPEN] [33867985] CANCELED 2 @ 44.01500
2025-09-27 12:05:19.791 - INFO - [ASTER_HYPE] [OPEN] [33870570] OPEN 2 @ 44.01500
2025-09-27 12:05:19.791 - INFO - [ASTER_HYPE] [OPEN] [33870570] EXPIRED 2 @ 44.01500
2025-09-27 12:05:20.394 - INFO - [ASTER_HYPE] [OPEN] [33870612] OPEN 2 @ 44.01300
2025-09-27 12:05:29.311 - INFO - [ASTER_HYPE] [OPEN] [33870612] FILLED 2 @ 44.01300
2025-09-27 12:05:29.709 - INFO - [ASTER_HYPE] [CLOSE] [33871392] OPEN 2 @ 44.03100
2025-09-27 12:05:32.143 - INFO - [ASTER_HYPE] Current Position: 10.52 | Active closing amount: 10.52 | Order quantity: 6
2025-09-27 12:06:33.086 - INFO - [ASTER_HYPE] Current Position: 10.52 | Active closing amount: 10.52 | Order quantity: 6
2025-09-27 12:07:07.448 - INFO - [ASTER_HYPE] [OPEN] [33878952] OPEN 2 @ 43.92500
2025-09-27 12:07:08.713 - INFO - [ASTER_HYPE] [OPEN] [33878952] FILLED 2 @ 43.92500
2025-09-27 12:07:09.299 - INFO - [ASTER_HYPE] [CLOSE] [33879108] OPEN 2 @ 43.94300
2025-09-27 12:07:29.872 - INFO - [ASTER_HYPE] [CLOSE] [33879108] PARTIALLY_FILLED 0.98 @ 43.94300
2025-09-27 12:07:29.872 - INFO - [ASTER_HYPE] [CLOSE] [33879108] PARTIALLY_FILLED 1.86 @ 43.94300
2025-09-27 12:07:29.872 - INFO - [ASTER_HYPE] [CLOSE] [33879108] FILLED 2 @ 43.94300
2025-09-27 12:07:33.565 - INFO - [ASTER_HYPE] Current Position: 10.52 | Active closing amount: 10.52 | Order quantity: 6
2025-09-27 12:07:48.917 - INFO - [ASTER_HYPE] [OPEN] [33882729] OPEN 2 @ 43.89300
2025-09-27 12:07:50.404 - INFO - [ASTER_HYPE] [OPEN] [33882729] FILLED 2 @ 43.89300
2025-09-27 12:07:50.757 - INFO - [ASTER_HYPE] [CLOSE] [33882963] OPEN 2 @ 43.91100
2025-09-27 12:08:22.079 - INFO - [ASTER_HYPE] [CLOSE] [33882963] FILLED 2 @ 43.91100
2025-09-27 12:08:22.786 - INFO - [ASTER_HYPE] [OPEN] [33886076] OPEN 2 @ 43.91100
2025-09-27 12:08:34.876 - INFO - [ASTER_HYPE] [OPEN] [33886076] Cancelling order and placing a new order
2025-09-27 12:08:36.115 - INFO - [ASTER_HYPE] [OPEN] [33886076] CANCELED 2 @ 43.91100
2025-09-27 12:08:36.470 - INFO - [ASTER_HYPE] Current Position: 10.52 | Active closing amount: 10.52 | Order quantity: 6
2025-09-27 12:08:36.826 - INFO - [ASTER_HYPE] [OPEN] [33887151] OPEN 2 @ 43.91600
2025-09-27 12:08:42.145 - INFO - [ASTER_HYPE] [OPEN] [33887151] FILLED 2 @ 43.91600
2025-09-27 12:08:42.523 - INFO - [ASTER_HYPE] [CLOSE] [33887595] OPEN 2 @ 43.93400
2025-09-27 12:09:14.081 - INFO - [ASTER_HYPE] [CLOSE] [33887595] FILLED 2 @ 43.93400
2025-09-27 12:09:19.657 - INFO - [ASTER_HYPE] [OPEN] [33890139] OPEN 2 @ 43.92400
2025-09-27 12:09:31.978 - INFO - [ASTER_HYPE] [OPEN] [33890139] Cancelling order and placing a new order
2025-09-27 12:09:32.100 - INFO - [ASTER_HYPE] [OPEN] [33890139] CANCELED 2 @ 43.92400
2025-09-27 12:09:33.844 - INFO - [ASTER_HYPE] [OPEN] [33891173] OPEN 2 @ 43.92300
2025-09-27 12:09:38.850 - INFO - [ASTER_HYPE] [OPEN] [33891173] FILLED 2 @ 43.92300
2025-09-27 12:09:39.295 - INFO - [ASTER_HYPE] [CLOSE] [33891637] OPEN 2 @ 43.94100
2025-09-27 12:09:41.649 - INFO - [ASTER_HYPE] Current Position: 12.52 | Active closing amount: 12.52 | Order quantity: 7
2025-09-27 12:10:39.310 - INFO - [ASTER_HYPE] [OPEN] [33898537] OPEN 2 @ 43.72100
2025-09-27 12:10:51.399 - INFO - [ASTER_HYPE] [OPEN] [33898537] Cancelling order and placing a new order
2025-09-27 12:10:51.527 - INFO - [ASTER_HYPE] [OPEN] [33898537] CANCELED 2 @ 43.72100
2025-09-27 12:10:52.004 - INFO - [ASTER_HYPE] Current Position: 12.52 | Active closing amount: 12.52 | Order quantity: 7
2025-09-27 12:10:52.388 - INFO - [ASTER_HYPE] [OPEN] [33899697] OPEN 2 @ 43.73600
2025-09-27 12:11:04.509 - INFO - [ASTER_HYPE] [OPEN] [33899697] Cancelling order and placing a new order
2025-09-27 12:11:04.665 - INFO - [ASTER_HYPE] [OPEN] [33899697] CANCELED 2 @ 43.73600
2025-09-27 12:11:05.165 - INFO - [ASTER_HYPE] [OPEN] [33900665] OPEN 2 @ 43.73600
2025-09-27 12:11:17.340 - INFO - [ASTER_HYPE] [OPEN] [33900665] Cancelling order and placing a new order
2025-09-27 12:11:17.544 - INFO - [ASTER_HYPE] [OPEN] [33900665] CANCELED 2 @ 43.73600
2025-09-27 12:11:18.064 - INFO - [ASTER_HYPE] [OPEN] [33901643] OPEN 2 @ 43.73600
2025-09-27 12:11:30.179 - INFO - [ASTER_HYPE] [OPEN] [33901643] Cancelling order and placing a new order
2025-09-27 12:11:30.329 - INFO - [ASTER_HYPE] [OPEN] [33901643] CANCELED 2 @ 43.73600
2025-09-27 12:11:30.833 - INFO - [ASTER_HYPE] [OPEN] [33902532] OPEN 2 @ 43.73600
2025-09-27 12:11:42.879 - INFO - [ASTER_HYPE] [OPEN] [33902532] Cancelling order and placing a new order
2025-09-27 12:11:43.085 - INFO - [ASTER_HYPE] [OPEN] [33902532] CANCELED 2 @ 43.73600
2025-09-27 12:11:43.556 - INFO - [ASTER_HYPE] [OPEN] [33903639] OPEN 2 @ 43.75200
2025-09-27 12:11:49.374 - INFO - [ASTER_HYPE] [OPEN] [33903639] FILLED 2 @ 43.75200
2025-09-27 12:11:49.872 - INFO - [ASTER_HYPE] [CLOSE] [33904062] OPEN 2 @ 43.77000
2025-09-27 12:11:52.598 - INFO - [ASTER_HYPE] Current Position: 14.52 | Active closing amount: 14.52 | Order quantity: 8
2025-09-27 12:12:15.457 - INFO - [ASTER_HYPE] [CLOSE] [33904062] FILLED 2 @ 43.77000
2025-09-27 12:12:16.293 - INFO - [ASTER_HYPE] [OPEN] [33906038] OPEN 2 @ 43.76400
2025-09-27 12:12:28.354 - INFO - [ASTER_HYPE] [OPEN] [33906038] Cancelling order and placing a new order
2025-09-27 12:12:28.529 - INFO - [ASTER_HYPE] [OPEN] [33906038] CANCELED 2 @ 43.76400
2025-09-27 12:12:29.528 - INFO - [ASTER_HYPE] [OPEN] [33906977] OPEN 2 @ 43.77500
2025-09-27 12:12:29.530 - INFO - [ASTER_HYPE] [OPEN] [33906977] EXPIRED 2 @ 43.77500
2025-09-27 12:12:30.494 - INFO - [ASTER_HYPE] [OPEN] [33907045] OPEN 2 @ 43.76800
2025-09-27 12:12:30.494 - INFO - [ASTER_HYPE] [OPEN] [33907045] EXPIRED 2 @ 43.76800
2025-09-27 12:12:31.431 - INFO - [ASTER_HYPE] [OPEN] [33907118] OPEN 2 @ 43.76600
2025-09-27 12:12:31.431 - INFO - [ASTER_HYPE] [OPEN] [33907118] EXPIRED 2 @ 43.76600
2025-09-27 12:12:32.103 - INFO - [ASTER_HYPE] [OPEN] [33907171] OPEN 2 @ 43.76500
2025-09-27 12:12:44.223 - INFO - [ASTER_HYPE] [OPEN] [33907171] Cancelling order and placing a new order
2025-09-27 12:12:44.525 - INFO - [ASTER_HYPE] [OPEN] [33907171] CANCELED 2 @ 43.76500
2025-09-27 12:12:45.274 - INFO - [ASTER_HYPE] [OPEN] [33908141] OPEN 2 @ 43.78700
2025-09-27 12:12:57.304 - INFO - [ASTER_HYPE] [OPEN] [33908141] Cancelling order and placing a new order
2025-09-27 12:12:57.495 - INFO - [ASTER_HYPE] [OPEN] [33908141] CANCELED 2 @ 43.78700
2025-09-27 12:12:58.099 - INFO - [ASTER_HYPE] Current Position: 12.52 | Active closing amount: 12.52 | Order quantity: 7
2025-09-27 12:12:58.641 - INFO - [ASTER_HYPE] [OPEN] [33908959] OPEN 2 @ 43.78400
2025-09-27 12:13:00.649 - INFO - [ASTER_HYPE] [OPEN] [33908959] FILLED 2 @ 43.78400
2025-09-27 12:13:01.737 - INFO - [ASTER_HYPE] [CLOSE] [33909224] OPEN 2 @ 43.80200
2025-09-27 12:13:59.655 - INFO - [ASTER_HYPE] Current Position: 14.52 | Active closing amount: 14.52 | Order quantity: 8
2025-09-27 12:15:00.032 - INFO - [ASTER_HYPE] Current Position: 14.52 | Active closing amount: 14.52 | Order quantity: 8
2025-09-27 12:15:45.587 - INFO - [ASTER_HYPE] [CLOSE] [33909224] PARTIALLY_FILLED 0.62 @ 43.80200
2025-09-27 12:16:01.726 - INFO - [ASTER_HYPE] Current Position: 13.90 | Active closing amount: 13.90 | Order quantity: 8
2025-09-27 12:16:08.487 - INFO - [ASTER_HYPE] [CLOSE] [33909224] FILLED 2 @ 43.80200
2025-09-27 12:16:09.156 - INFO - [ASTER_HYPE] [OPEN] [33922981] OPEN 2 @ 43.79900
2025-09-27 12:16:09.268 - INFO - [ASTER_HYPE] [OPEN] [33922981] FILLED 2 @ 43.79900
2025-09-27 12:16:09.967 - INFO - [ASTER_HYPE] [CLOSE] [33923087] OPEN 2 @ 43.81700
2025-09-27 12:17:00.134 - INFO - [ASTER_HYPE] [CLOSE] [33923087] FILLED 2 @ 43.81700
2025-09-27 12:17:02.900 - INFO - [ASTER_HYPE] Current Position: 12.52 | Active closing amount: 12.52 | Order quantity: 7
2025-09-27 12:17:21.862 - INFO - [ASTER_HYPE] [OPEN] [33929623] OPEN 2 @ 43.83400
2025-09-27 12:17:21.906 - INFO - [ASTER_HYPE] [OPEN] [33929623] PARTIALLY_FILLED 1.52 @ 43.83400
2025-09-27 12:17:21.938 - INFO - [ASTER_HYPE] [OPEN] [33929623] FILLED 2 @ 43.83400
2025-09-27 12:17:22.668 - INFO - [ASTER_HYPE] [CLOSE] [33929704] OPEN 2 @ 43.85200
2025-09-27 12:17:35.952 - INFO - [ASTER_HYPE] [CLOSE] [33929704] PARTIALLY_FILLED 0.97 @ 43.85200
2025-09-27 12:18:04.269 - INFO - [ASTER_HYPE] Current Position: 13.55 | Active closing amount: 13.55 | Order quantity: 8
2025-09-27 12:18:48.465 - INFO - [ASTER_HYPE] [CLOSE] [33929704] FILLED 2 @ 43.85200
2025-09-27 12:19:05.571 - INFO - [ASTER_HYPE] Current Position: 12.52 | Active closing amount: 12.52 | Order quantity: 7
2025-09-27 12:19:22.711 - INFO - [ASTER_HYPE] [CLOSE] [33891637] FILLED 2 @ 43.94100
2025-09-27 12:19:33.908 - INFO - [ASTER_HYPE] [OPEN] [33940029] OPEN 2 @ 43.92200
2025-09-27 12:19:46.026 - INFO - [ASTER_HYPE] [OPEN] [33940029] Cancelling order and placing a new order
2025-09-27 12:19:46.220 - INFO - [ASTER_HYPE] [OPEN] [33940029] CANCELED 2 @ 43.92200
2025-09-27 12:20:06.485 - INFO - [ASTER_HYPE] Current Position: 10.52 | Active closing amount: 10.52 | Order quantity: 6
2025-09-27 12:21:08.033 - INFO - [ASTER_HYPE] Current Position: 10.52 | Active closing amount: 10.52 | Order quantity: 6
2025-09-27 12:22:09.602 - INFO - [ASTER_HYPE] Current Position: 10.52 | Active closing amount: 10.52 | Order quantity: 6
2025-09-27 12:23:10.027 - INFO - [ASTER_HYPE] Current Position: 10.52 | Active closing amount: 10.52 | Order quantity: 6
2025-09-27 12:23:20.087 - INFO - [ASTER_HYPE] [CLOSE] [33871392] PARTIALLY_FILLED 1.20 @ 44.03100
2025-09-27 12:23:20.182 - INFO - [ASTER_HYPE] [CLOSE] [33871392] FILLED 2 @ 44.03100
2025-09-27 12:24:10.918 - INFO - [ASTER_HYPE] Current Position: 8.52 | Active closing amount: 8.52 | Order quantity: 5
2025-09-27 12:25:11.347 - INFO - [ASTER_HYPE] Current Position: 8.52 | Active closing amount: 8.52 | Order quantity: 5
2025-09-27 12:26:12.775 - INFO - [ASTER_HYPE] Current Position: 8.52 | Active closing amount: 8.52 | Order quantity: 5
2025-09-27 12:27:13.138 - INFO - [ASTER_HYPE] Current Position: 8.52 | Active closing amount: 8.52 | Order quantity: 5
2025-09-27 12:28:14.784 - INFO - [ASTER_HYPE] Current Position: 8.52 | Active closing amount: 8.52 | Order quantity: 5
2025-09-27 12:28:49.133 - INFO - [ASTER_HYPE] [CLOSE] [33834320] FILLED 2 @ 44.12700
2025-09-27 12:29:16.038 - INFO - [ASTER_HYPE] Current Position: 6.52 | Active closing amount: 6.52 | Order quantity: 4
2025-09-27 12:30:17.765 - INFO - [ASTER_HYPE] Current Position: 6.52 | Active closing amount: 6.52 | Order quantity: 4
2025-09-27 12:30:23.410 - INFO - [ASTER_HYPE] [CLOSE] [33825379] FILLED 2 @ 44.23500
2025-09-27 12:30:38.879 - INFO - [ASTER_HYPE] [OPEN] [33989896] OPEN 2 @ 44.21500
2025-09-27 12:30:50.924 - INFO - [ASTER_HYPE] [OPEN] [33989896] Cancelling order and placing a new order
2025-09-27 12:30:51.332 - INFO - [ASTER_HYPE] [OPEN] [33989896] CANCELED 2 @ 44.21500
2025-09-27 12:30:55.022 - INFO - [ASTER_HYPE] [OPEN] [33991203] OPEN 2 @ 44.18600
2025-09-27 12:30:56.891 - INFO - [ASTER_HYPE] [OPEN] [33991203] FILLED 2 @ 44.18600
2025-09-27 12:30:57.527 - INFO - [ASTER_HYPE] [CLOSE] [33991503] OPEN 2 @ 44.20400
2025-09-27 12:31:18.280 - INFO - [ASTER_HYPE] Current Position: 6.52 | Active closing amount: 6.52 | Order quantity: 4
2025-09-27 12:32:19.811 - INFO - [ASTER_HYPE] Current Position: 6.52 | Active closing amount: 6.52 | Order quantity: 4
2025-09-27 12:33:21.230 - INFO - [ASTER_HYPE] Current Position: 6.52 | Active closing amount: 6.52 | Order quantity: 4
2025-09-27 12:34:22.118 - INFO - [ASTER_HYPE] Current Position: 6.52 | Active closing amount: 6.52 | Order quantity: 4
2025-09-27 12:34:52.851 - INFO - [ASTER_HYPE] [CLOSE] [33991503] FILLED 2 @ 44.20400
2025-09-27 12:34:53.409 - INFO - [ASTER_HYPE] [OPEN] [34009429] OPEN 2 @ 44.21200
2025-09-27 12:34:57.625 - INFO - [ASTER_HYPE] [OPEN] [34009429] FILLED 2 @ 44.21200
2025-09-27 12:34:58.133 - INFO - [ASTER_HYPE] [CLOSE] [34009830] OPEN 2 @ 44.23000
2025-09-27 12:35:23.673 - INFO - [ASTER_HYPE] Current Position: 6.52 | Active closing amount: 6.52 | Order quantity: 4
2025-09-27 12:35:28.970 - INFO - [ASTER_HYPE] [OPEN] [34012346] OPEN 2 @ 44.10700
2025-09-27 12:35:32.744 - INFO - [ASTER_HYPE] [OPEN] [34012346] FILLED 2 @ 44.10700
2025-09-27 12:35:33.243 - INFO - [ASTER_HYPE] [CLOSE] [34012665] OPEN 2 @ 44.12500
2025-09-27 12:36:15.698 - INFO - [ASTER_HYPE] [CLOSE] [34012665] FILLED 2 @ 44.12500
2025-09-27 12:36:24.024 - INFO - [ASTER_HYPE] Current Position: 6.52 | Active closing amount: 6.52 | Order quantity: 4
2025-09-27 12:36:55.265 - INFO - [ASTER_HYPE] [OPEN] [34018794] OPEN 2 @ 44.11900
2025-09-27 12:36:55.265 - INFO - [ASTER_HYPE] [OPEN] [34018794] EXPIRED 2 @ 44.11900
2025-09-27 12:36:55.900 - INFO - [ASTER_HYPE] [OPEN] [34018834] OPEN 2 @ 44.10000
2025-09-27 12:37:08.011 - INFO - [ASTER_HYPE] [OPEN] [34018834] Cancelling order and placing a new order
2025-09-27 12:37:08.251 - INFO - [ASTER_HYPE] [OPEN] [34018834] CANCELED 2 @ 44.10000
2025-09-27 12:37:08.948 - INFO - [ASTER_HYPE] [OPEN] [34019713] OPEN 2 @ 44.11900
2025-09-27 12:37:20.992 - INFO - [ASTER_HYPE] [OPEN] [34019713] Cancelling order and placing a new order
2025-09-27 12:37:22.143 - INFO - [ASTER_HYPE] [OPEN] [34019713] CANCELED 2 @ 44.11900
2025-09-27 12:37:25.422 - INFO - [ASTER_HYPE] Current Position: 6.52 | Active closing amount: 6.52 | Order quantity: 4
2025-09-27 12:38:04.846 - INFO - [ASTER_HYPE] [OPEN] [34023610] OPEN 2 @ 44.12200
2025-09-27 12:38:05.039 - INFO - [ASTER_HYPE] [OPEN] [34023610] FILLED 2 @ 44.12200
2025-09-27 12:38:05.649 - INFO - [ASTER_HYPE] [CLOSE] [34023670] OPEN 2 @ 44.14000
2025-09-27 12:38:25.974 - INFO - [ASTER_HYPE] Current Position: 8.52 | Active closing amount: 8.52 | Order quantity: 5
2025-09-27 12:39:26.530 - INFO - [ASTER_HYPE] Current Position: 8.52 | Active closing amount: 8.52 | Order quantity: 5
2025-09-27 12:39:41.772 - INFO - [ASTER_HYPE] [OPEN] [34030541] OPEN 2 @ 44.01600
2025-09-27 12:39:53.890 - INFO - [ASTER_HYPE] [OPEN] [34030541] Cancelling order and placing a new order
2025-09-27 12:39:54.065 - INFO - [ASTER_HYPE] [OPEN] [34030541] CANCELED 2 @ 44.01600
2025-09-27 12:40:00.173 - INFO - [ASTER_HYPE] [OPEN] [34031920] OPEN 2 @ 44.03300
2025-09-27 12:40:09.431 - INFO - [ASTER_HYPE] [OPEN] [34031920] FILLED 2 @ 44.03300
2025-09-27 12:40:10.035 - INFO - [ASTER_HYPE] [CLOSE] [34032530] OPEN 2 @ 44.05100
2025-09-27 12:40:17.520 - INFO - [ASTER_HYPE] [CLOSE] [34032530] FILLED 2 @ 44.05100
2025-09-27 12:40:28.425 - INFO - [ASTER_HYPE] Current Position: 8.52 | Active closing amount: 8.52 | Order quantity: 5
2025-09-27 12:41:14.571 - INFO - [ASTER_HYPE] [CLOSE] [34023670] FILLED 2 @ 44.14000
2025-09-27 12:41:28.887 - INFO - [ASTER_HYPE] Current Position: 6.52 | Active closing amount: 6.52 | Order quantity: 4
2025-09-27 12:42:20.587 - INFO - [ASTER_HYPE] [OPEN] [34042208] OPEN 2 @ 44.10200
2025-09-27 12:42:20.587 - INFO - [ASTER_HYPE] [OPEN] [34042208] EXPIRED 2 @ 44.10200
2025-09-27 12:42:21.221 - INFO - [ASTER_HYPE] [OPEN] [34042278] OPEN 2 @ 44.06600
2025-09-27 12:42:21.746 - INFO - [ASTER_HYPE] [OPEN] [34042278] PARTIALLY_FILLED 0.72 @ 44.06600
2025-09-27 12:42:21.962 - INFO - [ASTER_HYPE] [OPEN] [34042278] FILLED 2 @ 44.06600
2025-09-27 12:42:22.446 - INFO - [ASTER_HYPE] [CLOSE] [34042389] OPEN 2 @ 44.08400
2025-09-27 12:42:29.751 - INFO - [ASTER_HYPE] Current Position: 8.52 | Active closing amount: 8.52 | Order quantity: 5
2025-09-27 12:42:58.813 - INFO - [ASTER_HYPE] [OPEN] [34046579] OPEN 2 @ 43.97400
2025-09-27 12:43:06.392 - INFO - [ASTER_HYPE] [OPEN] [34046579] FILLED 2 @ 43.97400
2025-09-27 12:43:06.872 - INFO - [ASTER_HYPE] [CLOSE] [34047270] OPEN 2 @ 43.99200
2025-09-27 12:43:29.630 - INFO - [ASTER_HYPE] [CLOSE] [34047270] FILLED 2 @ 43.99200
2025-09-27 12:43:30.376 - INFO - [ASTER_HYPE] Current Position: 8.52 | Active closing amount: 8.52 | Order quantity: 5
2025-09-27 12:43:30.915 - INFO - [ASTER_HYPE] [OPEN] [34048871] OPEN 2 @ 43.96900
2025-09-27 12:43:41.787 - INFO - [ASTER_HYPE] [OPEN] [34048871] FILLED 2 @ 43.96900
2025-09-27 12:43:42.355 - INFO - [ASTER_HYPE] [CLOSE] [34049673] OPEN 2 @ 43.98700
2025-09-27 12:44:31.477 - INFO - [ASTER_HYPE] Current Position: 10.52 | Active closing amount: 10.52 | Order quantity: 6
2025-09-27 12:45:31.880 - INFO - [ASTER_HYPE] Current Position: 10.52 | Active closing amount: 10.52 | Order quantity: 6
2025-09-27 12:46:33.158 - INFO - [ASTER_HYPE] Current Position: 10.52 | Active closing amount: 10.52 | Order quantity: 6
2025-09-27 12:47:34.535 - INFO - [ASTER_HYPE] Current Position: 10.52 | Active closing amount: 10.52 | Order quantity: 6
2025-09-27 12:48:36.061 - INFO - [ASTER_HYPE] Current Position: 10.52 | Active closing amount: 10.52 | Order quantity: 6
2025-09-27 12:49:37.244 - INFO - [ASTER_HYPE] Current Position: 10.52 | Active closing amount: 10.52 | Order quantity: 6
2025-09-27 12:50:05.279 - INFO - [ASTER_HYPE] [CLOSE] [34049673] PARTIALLY_FILLED 0.30 @ 43.98700
2025-09-27 12:50:05.279 - INFO - [ASTER_HYPE] [CLOSE] [34049673] FILLED 2 @ 43.98700
2025-09-27 12:50:37.595 - INFO - [ASTER_HYPE] Current Position: 8.52 | Active closing amount: 8.52 | Order quantity: 5
2025-09-27 12:51:37.204 - INFO - [ASTER_HYPE] [CLOSE] [34042389] FILLED 2 @ 44.08400
2025-09-27 12:51:38.178 - INFO - [ASTER_HYPE] Current Position: 6.52 | Active closing amount: 6.52 | Order quantity: 4
2025-09-27 12:51:38.682 - INFO - [ASTER_HYPE] [OPEN] [34085312] OPEN 2 @ 44.08000
2025-09-27 12:51:50.726 - INFO - [ASTER_HYPE] [OPEN] [34085312] Cancelling order and placing a new order
2025-09-27 12:51:50.984 - INFO - [ASTER_HYPE] [OPEN] [34085312] CANCELED 2 @ 44.08000
2025-09-27 12:51:51.706 - INFO - [ASTER_HYPE] [OPEN] [34086117] OPEN 2 @ 44.09200
2025-09-27 12:52:04.011 - INFO - [ASTER_HYPE] [OPEN] [34086117] Cancelling order and placing a new order
2025-09-27 12:52:04.205 - INFO - [ASTER_HYPE] [OPEN] [34086117] CANCELED 2 @ 44.09200
2025-09-27 12:52:04.967 - INFO - [ASTER_HYPE] [OPEN] [34087024] OPEN 2 @ 44.12000
2025-09-27 12:52:08.970 - INFO - [ASTER_HYPE] [OPEN] [34087024] FILLED 2 @ 44.12000
2025-09-27 12:52:09.512 - INFO - [ASTER_HYPE] [CLOSE] [34087312] OPEN 2 @ 44.13800
2025-09-27 12:52:38.929 - INFO - [ASTER_HYPE] Current Position: 8.52 | Active closing amount: 8.52 | Order quantity: 5
2025-09-27 12:53:39.809 - INFO - [ASTER_HYPE] Current Position: 8.52 | Active closing amount: 8.52 | Order quantity: 5
2025-09-27 12:53:51.892 - INFO - [ASTER_HYPE] [CLOSE] [34087312] PARTIALLY_FILLED 1.86 @ 44.13800
2025-09-27 12:54:04.044 - INFO - [ASTER_HYPE] [CLOSE] [34087312] FILLED 2 @ 44.13800
2025-09-27 12:54:40.974 - INFO - [ASTER_HYPE] Current Position: 6.52 | Active closing amount: 6.52 | Order quantity: 4
2025-09-27 12:55:18.395 - INFO - [ASTER_HYPE] [OPEN] [34100486] OPEN 2 @ 44.12300
2025-09-27 12:55:18.740 - INFO - [ASTER_HYPE] [OPEN] [34100486] FILLED 2 @ 44.12300
2025-09-27 12:55:19.487 - INFO - [ASTER_HYPE] [CLOSE] [34100657] OPEN 2 @ 44.14100
2025-09-27 12:55:35.603 - INFO - [ASTER_HYPE] [CLOSE] [34100657] FILLED 2 @ 44.14100
2025-09-27 12:55:42.505 - INFO - [ASTER_HYPE] Current Position: 6.52 | Active closing amount: 6.52 | Order quantity: 4
2025-09-27 12:56:43.930 - INFO - [ASTER_HYPE] Current Position: 6.52 | Active closing amount: 6.52 | Order quantity: 4
2025-09-27 12:57:44.982 - INFO - [ASTER_HYPE] Current Position: 6.52 | Active closing amount: 6.52 | Order quantity: 4
2025-09-27 12:58:21.240 - INFO - [ASTER_HYPE] [OPEN] [34113261] OPEN 2 @ 44.12000
2025-09-27 12:58:33.320 - INFO - [ASTER_HYPE] [OPEN] [34113261] Cancelling order and placing a new order
2025-09-27 12:58:33.510 - INFO - [ASTER_HYPE] [OPEN] [34113261] CANCELED 2 @ 44.12000
2025-09-27 12:58:46.382 - INFO - [ASTER_HYPE] Current Position: 6.52 | Active closing amount: 6.52 | Order quantity: 4
2025-09-27 12:59:47.028 - INFO - [ASTER_HYPE] Current Position: 6.52 | Active closing amount: 6.52 | Order quantity: 4
2025-09-27 13:00:47.970 - INFO - [ASTER_HYPE] Current Position: 6.52 | Active closing amount: 6.52 | Order quantity: 4
2025-09-27 13:01:49.254 - INFO - [ASTER_HYPE] Current Position: 6.52 | Active closing amount: 6.52 | Order quantity: 4
2025-09-27 13:02:17.184 - INFO - [ASTER_HYPE] [OPEN] [34130069] OPEN 2 @ 44.10900
2025-09-27 13:02:22.738 - INFO - [ASTER_HYPE] [OPEN] [34130069] FILLED 2 @ 44.10900
2025-09-27 13:02:23.217 - INFO - [ASTER_HYPE] [CLOSE] [34130518] OPEN 2 @ 44.12700
2025-09-27 13:02:49.808 - INFO - [ASTER_HYPE] Current Position: 8.52 | Active closing amount: 8.52 | Order quantity: 5
2025-09-27 13:03:01.547 - INFO - [ASTER_HYPE] [CLOSE] [34130518] PARTIALLY_FILLED 0.73 @ 44.12700
2025-09-27 13:03:04.718 - INFO - [ASTER_HYPE] [CLOSE] [34130518] FILLED 2 @ 44.12700
2025-09-27 13:03:36.521 - INFO - [ASTER_HYPE] [OPEN] [34136091] OPEN 2 @ 44.08400
2025-09-27 13:03:48.673 - INFO - [ASTER_HYPE] [OPEN] [34136091] Cancelling order and placing a new order
2025-09-27 13:03:48.830 - INFO - [ASTER_HYPE] [OPEN] [34136091] CANCELED 2 @ 44.08400
2025-09-27 13:03:49.488 - INFO - [ASTER_HYPE] [OPEN] [34137103] OPEN 2 @ 44.09800
2025-09-27 13:03:53.948 - INFO - [ASTER_HYPE] [OPEN] [34137103] FILLED 2 @ 44.09800
2025-09-27 13:03:54.458 - INFO - [ASTER_HYPE] [CLOSE] [34137537] OPEN 2 @ 44.11600
2025-09-27 13:03:57.258 - INFO - [ASTER_HYPE] Current Position: 8.52 | Active closing amount: 8.52 | Order quantity: 5
2025-09-27 13:04:58.041 - INFO - [ASTER_HYPE] Current Position: 8.52 | Active closing amount: 8.52 | Order quantity: 5
2025-09-27 13:05:25.997 - INFO - [ASTER_HYPE] [CLOSE] [34137537] FILLED 2 @ 44.11600
2025-09-27 13:05:26.400 - INFO - [ASTER_HYPE] [OPEN] [34143802] OPEN 2 @ 44.11800
2025-09-27 13:05:26.916 - INFO - [ASTER_HYPE] [OPEN] [34143802] FILLED 2 @ 44.11800
2025-09-27 13:05:27.391 - INFO - [ASTER_HYPE] [CLOSE] [34143907] OPEN 2 @ 44.13600
2025-09-27 13:05:59.551 - INFO - [ASTER_HYPE] Current Position: 8.52 | Active closing amount: 8.52 | Order quantity: 5
2025-09-27 13:06:09.567 - INFO - [ASTER_HYPE] [CLOSE] [34143907] FILLED 2 @ 44.13600
2025-09-27 13:07:00.329 - INFO - [ASTER_HYPE] Current Position: 6.52 | Active closing amount: 6.52 | Order quantity: 4
2025-09-27 13:07:05.668 - INFO - [ASTER_HYPE] [OPEN] [34150573] OPEN 2 @ 44.12000
2025-09-27 13:07:08.356 - INFO - [ASTER_HYPE] [OPEN] [34150573] FILLED 2 @ 44.12000
2025-09-27 13:07:08.708 - INFO - [ASTER_HYPE] [CLOSE] [34150830] OPEN 2 @ 44.13800
2025-09-27 13:08:01.785 - INFO - [ASTER_HYPE] Current Position: 8.52 | Active closing amount: 8.52 | Order quantity: 5
2025-09-27 13:09:02.028 - INFO - [ASTER_HYPE] Current Position: 8.52 | Active closing amount: 8.52 | Order quantity: 5
2025-09-27 13:10:02.768 - INFO - [ASTER_HYPE] Current Position: 8.52 | Active closing amount: 8.52 | Order quantity: 5
2025-09-27 13:10:37.392 - INFO - [ASTER_HYPE] [OPEN] [34164953] OPEN 2 @ 44.03000
2025-09-27 13:10:49.433 - INFO - [ASTER_HYPE] [OPEN] [34164953] Cancelling order and placing a new order
2025-09-27 13:10:49.561 - INFO - [ASTER_HYPE] [OPEN] [34164953] CANCELED 2 @ 44.03000
2025-09-27 13:11:03.688 - INFO - [ASTER_HYPE] Current Position: 8.52 | Active closing amount: 8.52 | Order quantity: 5
2025-09-27 13:12:04.488 - INFO - [ASTER_HYPE] Current Position: 8.52 | Active closing amount: 8.52 | Order quantity: 5
2025-09-27 13:12:28.588 - INFO - [ASTER_HYPE] [CLOSE] [34150830] PARTIALLY_FILLED 1.79 @ 44.13800
2025-09-27 13:13:05.631 - INFO - [ASTER_HYPE] Current Position: 6.73 | Active closing amount: 6.73 | Order quantity: 5
2025-09-27 13:14:06.822 - INFO - [ASTER_HYPE] Current Position: 6.73 | Active closing amount: 6.73 | Order quantity: 5
2025-09-27 13:15:08.125 - INFO - [ASTER_HYPE] Current Position: 6.73 | Active closing amount: 6.73 | Order quantity: 5
2025-09-27 13:15:25.044 - INFO - [ASTER_HYPE] [CLOSE] [34150830] FILLED 2 @ 44.13800
2025-09-27 13:16:08.423 - INFO - [ASTER_HYPE] Current Position: 6.52 | Active closing amount: 6.52 | Order quantity: 4
2025-09-27 13:16:31.266 - INFO - [ASTER_HYPE] [CLOSE] [34009830] FILLED 2 @ 44.23000
2025-09-27 13:17:03.851 - INFO - [ASTER_HYPE] [OPEN] [34192164] OPEN 2 @ 44.20100
2025-09-27 13:17:16.023 - INFO - [ASTER_HYPE] [OPEN] [34192164] Cancelling order and placing a new order
2025-09-27 13:17:16.128 - INFO - [ASTER_HYPE] [OPEN] [34192164] CANCELED 2 @ 44.20100
2025-09-27 13:17:16.537 - INFO - [ASTER_HYPE] Current Position: 4.52 | Active closing amount: 4.52 | Order quantity: 3
2025-09-27 13:17:17.418 - INFO - [ASTER_HYPE] [OPEN] [34193053] OPEN 2 @ 44.20800
2025-09-27 13:17:29.834 - INFO - [ASTER_HYPE] [OPEN] [34193053] Cancelling order and placing a new order
2025-09-27 13:17:29.952 - INFO - [ASTER_HYPE] [OPEN] [34193053] CANCELED 2 @ 44.20800
2025-09-27 13:17:39.181 - INFO - [ASTER_HYPE] [OPEN] [34194501] OPEN 2 @ 44.20200
2025-09-27 13:17:41.508 - INFO - [ASTER_HYPE] [OPEN] [34194501] FILLED 2 @ 44.20200
2025-09-27 13:17:41.883 - INFO - [ASTER_HYPE] [CLOSE] [34194680] OPEN 2 @ 44.22000
2025-09-27 13:18:05.726 - INFO - [ASTER_HYPE] [CLOSE] [34194680] FILLED 2 @ 44.22000
2025-09-27 13:18:16.950 - INFO - [ASTER_HYPE] Current Position: 4.52 | Active closing amount: 4.52 | Order quantity: 3
2025-09-27 13:19:17.265 - INFO - [ASTER_HYPE] Current Position: 4.52 | Active closing amount: 4.52 | Order quantity: 3
2025-09-27 13:19:30.448 - INFO - [ASTER_HYPE] [OPEN] [34201953] OPEN 2 @ 44.21300
2025-09-27 13:19:30.458 - INFO - [ASTER_HYPE] [OPEN] [34201953] EXPIRED 2 @ 44.21300
2025-09-27 13:19:30.890 - INFO - [ASTER_HYPE] [OPEN] [34202029] OPEN 2 @ 44.21300
2025-09-27 13:19:33.885 - INFO - [ASTER_HYPE] [OPEN] [34202029] FILLED 2 @ 44.21300
2025-09-27 13:19:34.312 - INFO - [ASTER_HYPE] [CLOSE] [34202290] OPEN 2 @ 44.23100
2025-09-27 13:20:05.309 - INFO - [ASTER_HYPE] [OPEN] [34205276] OPEN 2 @ 44.02800
2025-09-27 13:20:13.724 - INFO - [ASTER_HYPE] [OPEN] [34205276] FILLED 2 @ 44.02800
2025-09-27 13:20:14.164 - INFO - [ASTER_HYPE] [CLOSE] [34205847] OPEN 2 @ 44.04600
2025-09-27 13:20:17.765 - INFO - [ASTER_HYPE] Current Position: 8.52 | Active closing amount: 8.52 | Order quantity: 5
2025-09-27 13:21:16.804 - INFO - [ASTER_HYPE] [CLOSE] [34205847] FILLED 2 @ 44.04600
2025-09-27 13:21:18.013 - INFO - [ASTER_HYPE] [OPEN] [34210106] OPEN 2 @ 44.05100
2025-09-27 13:21:30.099 - INFO - [ASTER_HYPE] [OPEN] [34210106] Cancelling order and placing a new order
2025-09-27 13:21:30.236 - INFO - [ASTER_HYPE] [OPEN] [34210106] CANCELED 2 @ 44.05100
2025-09-27 13:21:30.587 - INFO - [ASTER_HYPE] Current Position: 6.52 | Active closing amount: 6.52 | Order quantity: 4
2025-09-27 13:21:30.929 - INFO - [ASTER_HYPE] [OPEN] [34210928] OPEN 2 @ 44.06000
2025-09-27 13:21:43.013 - INFO - [ASTER_HYPE] [OPEN] [34210928] Cancelling order and placing a new order
2025-09-27 13:21:43.208 - INFO - [ASTER_HYPE] [OPEN] [34210928] CANCELED 2 @ 44.06000
2025-09-27 13:21:43.739 - INFO - [ASTER_HYPE] [OPEN] [34211740] OPEN 2 @ 44.06500
2025-09-27 13:21:55.798 - INFO - [ASTER_HYPE] [OPEN] [34211740] Cancelling order and placing a new order
2025-09-27 13:21:55.975 - INFO - [ASTER_HYPE] [OPEN] [34211740] CANCELED 2 @ 44.06500
2025-09-27 13:21:56.688 - INFO - [ASTER_HYPE] [OPEN] [34212574] OPEN 2 @ 44.07600
2025-09-27 13:22:08.804 - INFO - [ASTER_HYPE] [OPEN] [34212574] Cancelling order and placing a new order
2025-09-27 13:22:08.978 - INFO - [ASTER_HYPE] [OPEN] [34212574] CANCELED 2 @ 44.07600
2025-09-27 13:22:09.624 - INFO - [ASTER_HYPE] [OPEN] [34213352] OPEN 2 @ 44.07600
2025-09-27 13:22:10.040 - INFO - [ASTER_HYPE] [OPEN] [34213352] FILLED 2 @ 44.07600
2025-09-27 13:22:10.641 - INFO - [ASTER_HYPE] [CLOSE] [34213491] OPEN 2 @ 44.09400
2025-09-27 13:22:31.441 - INFO - [ASTER_HYPE] Current Position: 8.52 | Active closing amount: 8.52 | Order quantity: 5
2025-09-27 13:23:32.645 - INFO - [ASTER_HYPE] Current Position: 8.52 | Active closing amount: 8.52 | Order quantity: 5
2025-09-27 13:24:33.781 - INFO - [ASTER_HYPE] Current Position: 8.52 | Active closing amount: 8.52 | Order quantity: 5
2025-09-27 13:25:35.051 - INFO - [ASTER_HYPE] Current Position: 8.52 | Active closing amount: 8.52 | Order quantity: 5
2025-09-27 13:26:23.815 - INFO - [ASTER_HYPE] [CLOSE] [34213491] FILLED 2 @ 44.09400
2025-09-27 13:26:25.107 - INFO - [ASTER_HYPE] [OPEN] [34231448] OPEN 2 @ 44.08800
2025-09-27 13:26:37.144 - INFO - [ASTER_HYPE] [OPEN] [34231448] Cancelling order and placing a new order
2025-09-27 13:26:37.271 - INFO - [ASTER_HYPE] [OPEN] [34231448] CANCELED 2 @ 44.08800
2025-09-27 13:26:37.616 - INFO - [ASTER_HYPE] Current Position: 6.52 | Active closing amount: 6.52 | Order quantity: 4
2025-09-27 13:26:38.101 - INFO - [ASTER_HYPE] [OPEN] [34232221] OPEN 2 @ 44.08600
2025-09-27 13:26:50.116 - INFO - [ASTER_HYPE] [OPEN] [34232221] Cancelling order and placing a new order
2025-09-27 13:26:50.237 - INFO - [ASTER_HYPE] [OPEN] [34232221] CANCELED 2 @ 44.08600
2025-09-27 13:26:50.746 - INFO - [ASTER_HYPE] [OPEN] [34233099] OPEN 2 @ 44.10500
2025-09-27 13:26:51.791 - INFO - [ASTER_HYPE] [OPEN] [34233099] FILLED 2 @ 44.10500
2025-09-27 13:26:52.285 - INFO - [ASTER_HYPE] [CLOSE] [34233232] OPEN 2 @ 44.12300
2025-09-27 13:27:02.256 - INFO - [ASTER_HYPE] [CLOSE] [34233232] FILLED 2 @ 44.12300
2025-09-27 13:27:38.639 - INFO - [ASTER_HYPE] Current Position: 6.52 | Active closing amount: 6.52 | Order quantity: 4
2025-09-27 13:27:59.562 - INFO - [ASTER_HYPE] [CLOSE] [34202290] FILLED 2 @ 44.23100
2025-09-27 13:28:20.518 - INFO - [ASTER_HYPE] [OPEN] [34239926] OPEN 2 @ 44.15600
2025-09-27 13:28:20.518 - INFO - [ASTER_HYPE] [OPEN] [34239926] EXPIRED 2 @ 44.15600
2025-09-27 13:28:21.227 - INFO - [ASTER_HYPE] [OPEN] [34240022] OPEN 2 @ 44.14800
2025-09-27 13:28:21.228 - INFO - [ASTER_HYPE] [OPEN] [34240022] EXPIRED 2 @ 44.14800
2025-09-27 13:28:21.727 - INFO - [ASTER_HYPE] [OPEN] [34240077] OPEN 2 @ 44.14200
2025-09-27 13:28:23.806 - INFO - [ASTER_HYPE] [OPEN] [34240077] FILLED 2 @ 44.14200
2025-09-27 13:28:24.164 - INFO - [ASTER_HYPE] [CLOSE] [34240364] OPEN 2 @ 44.16000
2025-09-27 13:28:39.158 - INFO - [ASTER_HYPE] Current Position: 6.52 | Active closing amount: 6.52 | Order quantity: 4
2025-09-27 13:29:06.528 - INFO - [ASTER_HYPE] [CLOSE] [34240364] FILLED 2 @ 44.16000
2025-09-27 13:29:08.071 - INFO - [ASTER_HYPE] [OPEN] [34243776] OPEN 2 @ 44.15700
2025-09-27 13:29:10.900 - INFO - [ASTER_HYPE] [OPEN] [34243776] FILLED 2 @ 44.15700
2025-09-27 13:29:11.226 - INFO - [ASTER_HYPE] [CLOSE] [34244011] OPEN 2 @ 44.17500
2025-09-27 13:29:39.780 - INFO - [ASTER_HYPE] Current Position: 6.52 | Active closing amount: 6.52 | Order quantity: 4
2025-09-27 13:30:09.481 - INFO - [ASTER_HYPE] [CLOSE] [34244011] FILLED 2 @ 44.17500
2025-09-27 13:30:09.965 - INFO - [ASTER_HYPE] [OPEN] [34249031] OPEN 2 @ 44.18600
2025-09-27 13:30:15.001 - INFO - [ASTER_HYPE] [OPEN] [34249031] FILLED 2 @ 44.18600
2025-09-27 13:30:15.416 - INFO - [ASTER_HYPE] [CLOSE] [34249391] OPEN 2 @ 44.20400
2025-09-27 13:30:40.589 - INFO - [ASTER_HYPE] Current Position: 6.52 | Active closing amount: 6.52 | Order quantity: 4
2025-09-27 13:30:49.966 - INFO - [ASTER_HYPE] [CLOSE] [34249391] PARTIALLY_FILLED 1.05 @ 44.20400
2025-09-27 13:30:49.966 - INFO - [ASTER_HYPE] [CLOSE] [34249391] FILLED 2 @ 44.20400
2025-09-27 13:30:50.559 - INFO - [ASTER_HYPE] [OPEN] [34252106] OPEN 2 @ 44.19800
2025-09-27 13:31:02.592 - INFO - [ASTER_HYPE] [OPEN] [34252106] Cancelling order and placing a new order
2025-09-27 13:31:02.728 - INFO - [ASTER_HYPE] [OPEN] [34252106] CANCELED 2 @ 44.19800
2025-09-27 13:31:04.487 - INFO - [ASTER_HYPE] [OPEN] [34253346] OPEN 2 @ 44.21100
2025-09-27 13:31:06.946 - INFO - [ASTER_HYPE] [OPEN] [34253346] FILLED 2 @ 44.21100
2025-09-27 13:31:07.373 - INFO - [ASTER_HYPE] [CLOSE] [34253593] OPEN 2 @ 44.22900
2025-09-27 13:31:27.782 - INFO - [ASTER_HYPE] [CLOSE] [34253593] FILLED 2 @ 44.22900
2025-09-27 13:31:41.888 - INFO - [ASTER_HYPE] Current Position: 4.52 | Active closing amount: 4.52 | Order quantity: 3
2025-09-27 13:32:42.957 - INFO - [ASTER_HYPE] Current Position: 4.52 | Active closing amount: 4.52 | Order quantity: 3
2025-09-27 13:33:27.281 - INFO - [ASTER_HYPE] [CLOSE] [33815962] FILLED 2 @ 44.32500
2025-09-27 13:33:44.408 - INFO - [ASTER_HYPE] Current Position: 4.00 | Active closing amount: 4 | Order quantity: 2
2025-09-27 13:33:48.479 - INFO - [ASTER_HYPE] [OPEN] [34266405] OPEN 2 @ 44.31900
2025-09-27 13:34:00.626 - INFO - [ASTER_HYPE] [OPEN] [34266405] Cancelling order and placing a new order
2025-09-27 13:34:00.752 - INFO - [ASTER_HYPE] [OPEN] [34266405] CANCELED 2 @ 44.31900
2025-09-27 13:34:45.517 - INFO - [ASTER_HYPE] Current Position: 4.00 | Active closing amount: 4 | Order quantity: 2
2025-09-27 13:35:46.144 - INFO - [ASTER_HYPE] Current Position: 4.00 | Active closing amount: 4 | Order quantity: 2
2025-09-27 13:36:47.660 - INFO - [ASTER_HYPE] Current Position: 4.00 | Active closing amount: 4 | Order quantity: 2
2025-09-27 13:37:05.457 - INFO - [ASTER_HYPE] [OPEN] [34281850] OPEN 2 @ 44.31500
2025-09-27 13:37:17.661 - INFO - [ASTER_HYPE] [OPEN] [34281850] Cancelling order and placing a new order
2025-09-27 13:37:17.785 - INFO - [ASTER_HYPE] [OPEN] [34281850] CANCELED 2 @ 44.31500
2025-09-27 13:37:26.827 - INFO - [ASTER_HYPE] [OPEN] [34283399] OPEN 2 @ 44.31800
2025-09-27 13:37:38.911 - INFO - [ASTER_HYPE] [OPEN] [34283399] Cancelling order and placing a new order
2025-09-27 13:37:39.028 - INFO - [ASTER_HYPE] [OPEN] [34283399] CANCELED 2 @ 44.31800
2025-09-27 13:37:48.441 - INFO - [ASTER_HYPE] Current Position: 4.00 | Active closing amount: 4 | Order quantity: 2
2025-09-27 13:38:49.864 - INFO - [ASTER_HYPE] Current Position: 4.00 | Active closing amount: 4 | Order quantity: 2
2025-09-27 13:39:51.285 - INFO - [ASTER_HYPE] Current Position: 4.00 | Active closing amount: 4 | Order quantity: 2
2025-09-27 13:40:52.238 - INFO - [ASTER_HYPE] Current Position: 4.00 | Active closing amount: 4 | Order quantity: 2
2025-09-27 13:41:12.942 - INFO - [ASTER_HYPE] [CLOSE] [33762800] FILLED 2 @ 44.42700
2025-09-27 13:41:52.810 - INFO - [ASTER_HYPE] Current Position: 2.00 | Active closing amount: 2 | Order quantity: 1
2025-09-27 13:42:53.829 - INFO - [ASTER_HYPE] Current Position: 2.00 | Active closing amount: 2 | Order quantity: 1
2025-09-27 13:43:31.766 - INFO - [ASTER_HYPE] [CLOSE] [33743877] PARTIALLY_FILLED 1.60 @ 44.52600
2025-09-27 13:43:31.767 - INFO - [ASTER_HYPE] [CLOSE] [33743877] FILLED 2 @ 44.52600
2025-09-27 13:43:33.055 - INFO - [ASTER_HYPE] [OPEN] [34308368] OPEN 2 @ 44.53000
2025-09-27 13:43:35.457 - INFO - [ASTER_HYPE] [OPEN] [34308368] FILLED 2 @ 44.53000
2025-09-27 13:43:35.801 - INFO - [ASTER_HYPE] [CLOSE] [34308598] OPEN 2 @ 44.54800
2025-09-27 13:43:54.051 - INFO - [ASTER_HYPE] Current Position: 2.00 | Active closing amount: 2 | Order quantity: 1
2025-09-27 13:44:54.817 - INFO - [ASTER_HYPE] Current Position: 2.00 | Active closing amount: 2 | Order quantity: 1
2025-09-27 13:45:03.895 - INFO - [ASTER_HYPE] [OPEN] [34314848] OPEN 2 @ 44.44000
2025-09-27 13:45:03.973 - INFO - [ASTER_HYPE] [OPEN] [34314848] FILLED 2 @ 44.44000
2025-09-27 13:45:04.462 - INFO - [ASTER_HYPE] [CLOSE] [34314895] OPEN 2 @ 44.45800
2025-09-27 13:45:36.992 - INFO - [ASTER_HYPE] [CLOSE] [34314895] PARTIALLY_FILLED 1.08 @ 44.45800
2025-09-27 13:45:52.238 - INFO - [ASTER_HYPE] [CLOSE] [34314895] FILLED 2 @ 44.45800
2025-09-27 13:45:55.691 - INFO - [ASTER_HYPE] Current Position: 2.00 | Active closing amount: 2 | Order quantity: 1
2025-09-27 13:46:43.301 - INFO - [ASTER_HYPE] [CLOSE] [34308598] FILLED 2 @ 44.54800
2025-09-27 13:46:43.831 - INFO - [ASTER_HYPE] [OPEN] [34321983] OPEN 2 @ 44.54400
2025-09-27 13:46:43.973 - INFO - [ASTER_HYPE] [OPEN] [34321983] FILLED 2 @ 44.54400
2025-09-27 13:46:44.488 - INFO - [ASTER_HYPE] [CLOSE] [34322050] OPEN 2 @ 44.56200
2025-09-27 13:46:51.739 - INFO - [ASTER_HYPE] [CLOSE] [34322050] FILLED 2 @ 44.56200
2025-09-27 13:46:52.740 - INFO - [ASTER_HYPE] [OPEN] [34322683] OPEN 2 @ 44.55800
2025-09-27 13:46:52.910 - INFO - [ASTER_HYPE] [OPEN] [34322683] FILLED 2 @ 44.55800
2025-09-27 13:46:53.395 - INFO - [ASTER_HYPE] [CLOSE] [34322754] OPEN 2 @ 44.57600
2025-09-27 13:46:56.925 - INFO - [ASTER_HYPE] Current Position: 2.00 | Active closing amount: 2 | Order quantity: 1
2025-09-27 13:47:05.313 - INFO - [ASTER_HYPE] [CLOSE] [34322754] FILLED 2 @ 44.57600
2025-09-27 13:47:05.539 - INFO - [ASTER_HYPE] [OPEN] [34323766] OPEN 2 @ 44.56000
2025-09-27 13:47:05.539 - INFO - [ASTER_HYPE] [OPEN] [34323766] EXPIRED 2 @ 44.56000
2025-09-27 13:47:05.988 - INFO - [ASTER_HYPE] [OPEN] [34323804] OPEN 2 @ 44.55900
2025-09-27 13:47:08.442 - INFO - [ASTER_HYPE] [OPEN] [34323804] FILLED 2 @ 44.55900
2025-09-27 13:47:08.847 - INFO - [ASTER_HYPE] [CLOSE] [34323992] OPEN 2 @ 44.57700
2025-09-27 13:47:39.464 - INFO - [ASTER_HYPE] [CLOSE] [34323992] FILLED 2 @ 44.57700
2025-09-27 13:47:39.925 - INFO - [ASTER_HYPE] [OPEN] [34326187] OPEN 2 @ 44.57600
2025-09-27 13:47:52.160 - INFO - [ASTER_HYPE] [OPEN] [34326187] Cancelling order and placing a new order
2025-09-27 13:47:52.209 - INFO - [ASTER_HYPE] [OPEN] [34326187] FILLED 2 @ 44.57600
2025-09-27 13:47:52.285 - ERROR - [ASTER_HYPE] [CLOSE] Failed to cancel order 34326187: API request failed: {'code': -2011, 'msg': 'Unknown order sent.'}
2025-09-27 13:47:52.628 - INFO - [ASTER_HYPE] [CLOSE] [34326917] OPEN 2 @ 44.59400
2025-09-27 13:47:57.254 - INFO - [ASTER_HYPE] Current Position: 2.00 | Active closing amount: 2 | Order quantity: 1
2025-09-27 13:48:17.412 - INFO - [ASTER_HYPE] [CLOSE] [34326917] FILLED 2 @ 44.59400
2025-09-27 13:48:18.707 - INFO - [ASTER_HYPE] [OPEN] [34328714] OPEN 2 @ 44.59900
2025-09-27 13:48:30.722 - INFO - [ASTER_HYPE] [OPEN] [34328714] Cancelling order and placing a new order
2025-09-27 13:48:30.863 - INFO - [ASTER_HYPE] [OPEN] [34328714] CANCELED 2 @ 44.59900
2025-09-27 13:48:31.223 - INFO - [ASTER_HYPE] [OPEN] [34329611] OPEN 2 @ 44.62300
2025-09-27 13:48:31.395 - INFO - [ASTER_HYPE] [OPEN] [34329611] FILLED 2 @ 44.62300
2025-09-27 13:48:31.906 - INFO - [ASTER_HYPE] [CLOSE] [34329659] OPEN 2 @ 44.64100
2025-09-27 13:48:57.723 - INFO - [ASTER_HYPE] Current Position: 2.00 | Active closing amount: 2 | Order quantity: 1
2025-09-27 13:49:33.193 - INFO - [ASTER_HYPE] [OPEN] [34334376] OPEN 2 @ 44.52800
2025-09-27 13:49:35.706 - INFO - [ASTER_HYPE] [OPEN] [34334376] FILLED 2 @ 44.52800
2025-09-27 13:49:36.082 - INFO - [ASTER_HYPE] [CLOSE] [34334571] OPEN 2 @ 44.54600
2025-09-27 13:49:58.801 - INFO - [ASTER_HYPE] Current Position: 4.00 | Active closing amount: 4 | Order quantity: 2
2025-09-27 13:50:56.425 - INFO - [ASTER_HYPE] [CLOSE] [34334571] FILLED 2 @ 44.54600
2025-09-27 13:50:59.160 - INFO - [ASTER_HYPE] Current Position: 2.00 | Active closing amount: 2 | Order quantity: 1
2025-09-27 13:51:06.988 - INFO - [ASTER_HYPE] [OPEN] [34341317] OPEN 2 @ 44.52900
2025-09-27 13:51:19.082 - INFO - [ASTER_HYPE] [OPEN] [34341317] Cancelling order and placing a new order
2025-09-27 13:51:19.207 - INFO - [ASTER_HYPE] [OPEN] [34341317] CANCELED 2 @ 44.52900
2025-09-27 13:51:37.071 - INFO - [ASTER_HYPE] [OPEN] [34343301] OPEN 2 @ 44.52300
2025-09-27 13:51:49.114 - INFO - [ASTER_HYPE] [OPEN] [34343301] Cancelling order and placing a new order
2025-09-27 13:51:49.291 - INFO - [ASTER_HYPE] [OPEN] [34343301] CANCELED 2 @ 44.52300
2025-09-27 13:51:59.534 - INFO - [ASTER_HYPE] Current Position: 2.00 | Active closing amount: 2 | Order quantity: 1
2025-09-27 13:52:30.615 - INFO - [ASTER_HYPE] [CLOSE] [34329659] FILLED 2 @ 44.64100
2025-09-27 13:52:30.972 - INFO - [ASTER_HYPE] [OPEN] [34347766] OPEN 2 @ 44.63800
2025-09-27 13:52:35.920 - INFO - [ASTER_HYPE] [OPEN] [34347766] FILLED 2 @ 44.63800
2025-09-27 13:52:36.380 - INFO - [ASTER_HYPE] [CLOSE] [34348108] OPEN 2 @ 44.65600
2025-09-27 13:53:00.926 - INFO - [ASTER_HYPE] Current Position: 2.00 | Active closing amount: 2 | Order quantity: 1
2025-09-27 13:53:13.994 - INFO - [ASTER_HYPE] [CLOSE] [34348108] FILLED 2 @ 44.65600
2025-09-27 13:53:14.957 - INFO - [ASTER_HYPE] [OPEN] [34351246] OPEN 2 @ 44.66800
2025-09-27 13:53:17.316 - INFO - [ASTER_HYPE] [OPEN] [34351246] FILLED 2 @ 44.66800
2025-09-27 13:53:17.692 - INFO - [ASTER_HYPE] [CLOSE] [34351449] OPEN 2 @ 44.68600
2025-09-27 13:53:33.775 - INFO - [ASTER_HYPE] [CLOSE] [34351449] FILLED 2 @ 44.68600
2025-09-27 13:53:34.548 - INFO - [ASTER_HYPE] [OPEN] [34352679] OPEN 2 @ 44.68700
2025-09-27 13:53:37.613 - INFO - [ASTER_HYPE] [OPEN] [34352679] FILLED 2 @ 44.68700
2025-09-27 13:53:37.956 - INFO - [ASTER_HYPE] [CLOSE] [34352942] OPEN 2 @ 44.70500
2025-09-27 13:54:02.286 - INFO - [ASTER_HYPE] Current Position: 2.00 | Active closing amount: 2 | Order quantity: 1
2025-09-27 13:54:09.724 - INFO - [ASTER_HYPE] [CLOSE] [34352942] FILLED 2 @ 44.70500
2025-09-27 13:54:10.003 - INFO - [ASTER_HYPE] [OPEN] [34355486] OPEN 2 @ 44.70900
2025-09-27 13:54:11.911 - INFO - [ASTER_HYPE] [OPEN] [34355486] PARTIALLY_FILLED 1.09 @ 44.70900
2025-09-27 13:54:12.228 - INFO - [ASTER_HYPE] [OPEN] [34355486] PARTIALLY_FILLED 1.47 @ 44.70900
2025-09-27 13:54:15.467 - INFO - [ASTER_HYPE] [OPEN] [34355486] FILLED 2 @ 44.70900
2025-09-27 13:54:15.834 - INFO - [ASTER_HYPE] [CLOSE] [34355875] OPEN 2 @ 44.72700
2025-09-27 13:54:50.010 - INFO - [ASTER_HYPE] [CLOSE] [34355875] PARTIALLY_FILLED 0.11 @ 44.72700
2025-09-27 13:54:50.010 - INFO - [ASTER_HYPE] [CLOSE] [34355875] PARTIALLY_FILLED 0.81 @ 44.72700
2025-09-27 13:54:50.277 - INFO - [ASTER_HYPE] [CLOSE] [34355875] FILLED 2 @ 44.72700
2025-09-27 13:54:51.193 - INFO - [ASTER_HYPE] [OPEN] [34359071] OPEN 2 @ 44.73600
2025-09-27 13:54:54.946 - INFO - [ASTER_HYPE] [OPEN] [34359071] FILLED 2 @ 44.73600
2025-09-27 13:54:55.394 - INFO - [ASTER_HYPE] [CLOSE] [34359482] OPEN 2 @ 44.75400
2025-09-27 13:55:03.473 - INFO - [ASTER_HYPE] Current Position: 2.00 | Active closing amount: 2 | Order quantity: 1
2025-09-27 13:55:10.175 - INFO - [ASTER_HYPE] [OPEN] [34360887] OPEN 2 @ 44.64400
2025-09-27 13:55:11.317 - INFO - [ASTER_HYPE] [OPEN] [34360887] FILLED 2 @ 44.64400
2025-09-27 13:55:11.700 - INFO - [ASTER_HYPE] [CLOSE] [34361026] OPEN 2 @ 44.66200
2025-09-27 13:55:18.378 - INFO - [ASTER_HYPE] [CLOSE] [34361026] PARTIALLY_FILLED 1.81 @ 44.66200
2025-09-27 13:56:01.473 - INFO - [ASTER_HYPE] [CLOSE] [34361026] FILLED 2 @ 44.66200
2025-09-27 13:56:04.199 - INFO - [ASTER_HYPE] Current Position: 2.00 | Active closing amount: 2 | Order quantity: 1
2025-09-27 13:56:52.453 - INFO - [ASTER_HYPE] [OPEN] [34369202] OPEN 2 @ 44.63900
2025-09-27 13:56:52.597 - INFO - [ASTER_HYPE] [OPEN] [34369202] FILLED 2 @ 44.63900
2025-09-27 13:56:53.020 - INFO - [ASTER_HYPE] [CLOSE] [34369247] OPEN 2 @ 44.65700
2025-09-27 13:56:59.927 - INFO - [ASTER_HYPE] [CLOSE] [34369247] FILLED 2 @ 44.65700
2025-09-27 13:57:04.962 - INFO - [ASTER_HYPE] Current Position: 2.00 | Active closing amount: 2 | Order quantity: 1
2025-09-27 13:57:31.776 - INFO - [ASTER_HYPE] [OPEN] [34372462] OPEN 2 @ 44.64400
2025-09-27 13:57:32.326 - INFO - [ASTER_HYPE] [OPEN] [34372462] FILLED 2 @ 44.64400
2025-09-27 13:57:32.824 - INFO - [ASTER_HYPE] [CLOSE] [34372547] OPEN 2 @ 44.66200
2025-09-27 13:57:38.648 - INFO - [ASTER_HYPE] [CLOSE] [34372547] FILLED 2 @ 44.66200
2025-09-27 13:58:06.269 - INFO - [ASTER_HYPE] Current Position: 2.00 | Active closing amount: 2 | Order quantity: 1
2025-09-27 13:59:06.929 - INFO - [ASTER_HYPE] Current Position: 2.00 | Active closing amount: 2 | Order quantity: 1
2025-09-27 13:59:32.973 - INFO - [ASTER_HYPE] [OPEN] [34382386] OPEN 2 @ 44.64300
2025-09-27 13:59:45.031 - INFO - [ASTER_HYPE] [OPEN] [34382386] Cancelling order and placing a new order
2025-09-27 13:59:45.238 - INFO - [ASTER_HYPE] [OPEN] [34382386] CANCELED 2 @ 44.64300
2025-09-27 14:00:08.332 - INFO - [ASTER_HYPE] Current Position: 2.00 | Active closing amount: 2 | Order quantity: 1
2025-09-27 14:00:55.350 - INFO - [ASTER_HYPE] [OPEN] [34389471] OPEN 2 @ 44.64000
2025-09-27 14:00:58.598 - INFO - [ASTER_HYPE] [OPEN] [34389471] FILLED 2 @ 44.64000
2025-09-27 14:00:59.098 - INFO - [ASTER_HYPE] [CLOSE] [34389751] OPEN 2 @ 44.65800
2025-09-27 14:01:09.676 - INFO - [ASTER_HYPE] Current Position: 4.00 | Active closing amount: 4 | Order quantity: 2
2025-09-27 14:01:41.359 - INFO - [ASTER_HYPE] [CLOSE] [34389751] PARTIALLY_FILLED 1.51 @ 44.65800
2025-09-27 14:02:10.301 - INFO - [ASTER_HYPE] Current Position: 2.49 | Active closing amount: 2.49 | Order quantity: 2
2025-09-27 14:03:11.467 - INFO - [ASTER_HYPE] Current Position: 2.49 | Active closing amount: 2.49 | Order quantity: 2
2025-09-27 14:03:12.363 - INFO - [ASTER_HYPE] [CLOSE] [34389751] FILLED 2 @ 44.65800
2025-09-27 14:04:12.442 - INFO - [ASTER_HYPE] Current Position: 2.00 | Active closing amount: 2 | Order quantity: 1
2025-09-27 14:04:53.028 - INFO - [ASTER_HYPE] [CLOSE] [34359482] FILLED 2 @ 44.75400
2025-09-27 14:04:54.178 - INFO - [ASTER_HYPE] [OPEN] [34407440] OPEN 2 @ 44.74500
2025-09-27 14:05:06.238 - INFO - [ASTER_HYPE] [OPEN] [34407440] Cancelling order and placing a new order
2025-09-27 14:05:06.363 - INFO - [ASTER_HYPE] [OPEN] [34407440] CANCELED 2 @ 44.74500
2025-09-27 14:05:06.972 - INFO - [ASTER_HYPE] [OPEN] [34408238] OPEN 2 @ 44.75300
2025-09-27 14:05:10.690 - INFO - [ASTER_HYPE] [OPEN] [34408238] FILLED 2 @ 44.75300
2025-09-27 14:05:11.138 - INFO - [ASTER_HYPE] [CLOSE] [34408518] OPEN 2 @ 44.77100
2025-09-27 14:05:13.598 - INFO - [ASTER_HYPE] Current Position: 2.00 | Active closing amount: 2 | Order quantity: 1
2025-09-27 14:06:14.232 - INFO - [ASTER_HYPE] Current Position: 2.00 | Active closing amount: 2 | Order quantity: 1
2025-09-27 14:07:15.606 - INFO - [ASTER_HYPE] Current Position: 2.00 | Active closing amount: 2 | Order quantity: 1
2025-09-27 14:07:58.932 - INFO - [ASTER_HYPE] [OPEN] [34421233] OPEN 2 @ 44.62800
2025-09-27 14:07:58.933 - INFO - [ASTER_HYPE] [OPEN] [34421233] EXPIRED 2 @ 44.62800
2025-09-27 14:07:59.966 - INFO - [ASTER_HYPE] [OPEN] [34421355] OPEN 2 @ 44.60900
2025-09-27 14:08:12.106 - INFO - [ASTER_HYPE] [OPEN] [34421355] Cancelling order and placing a new order
2025-09-27 14:08:12.312 - INFO - [ASTER_HYPE] [OPEN] [34421355] CANCELED 2 @ 44.60900
2025-09-27 14:08:12.737 - INFO - [ASTER_HYPE] [OPEN] [34422319] OPEN 2 @ 44.61600
2025-09-27 14:08:21.437 - INFO - [ASTER_HYPE] [OPEN] [34422319] FILLED 2 @ 44.61600
2025-09-27 14:08:21.816 - INFO - [ASTER_HYPE] [CLOSE] [34423018] OPEN 2 @ 44.63400
2025-09-27 14:08:24.160 - INFO - [ASTER_HYPE] Current Position: 4.00 | Active closing amount: 4 | Order quantity: 2
2025-09-27 14:08:59.315 - INFO - [ASTER_HYPE] [CLOSE] [34423018] PARTIALLY_FILLED 0.30 @ 44.63400
2025-09-27 14:09:24.446 - INFO - [ASTER_HYPE] Current Position: 3.70 | Active closing amount: 3.70 | Order quantity: 2
2025-09-27 14:10:25.676 - INFO - [ASTER_HYPE] Current Position: 3.70 | Active closing amount: 3.70 | Order quantity: 2
2025-09-27 14:10:59.250 - INFO - [ASTER_HYPE] [CLOSE] [34423018] FILLED 2 @ 44.63400
2025-09-27 14:10:59.839 - INFO - [ASTER_HYPE] [OPEN] [34434730] OPEN 2 @ 44.63000
2025-09-27 14:11:09.902 - INFO - [ASTER_HYPE] [OPEN] [34434730] FILLED 2 @ 44.63000
2025-09-27 14:11:10.249 - INFO - [ASTER_HYPE] [CLOSE] [34435426] OPEN 2 @ 44.64800
2025-09-27 14:11:26.455 - INFO - [ASTER_HYPE] Current Position: 4.00 | Active closing amount: 4 | Order quantity: 2
2025-09-27 14:12:26.989 - INFO - [ASTER_HYPE] Current Position: 4.00 | Active closing amount: 4 | Order quantity: 2
2025-09-27 14:12:53.019 - INFO - [ASTER_HYPE] [CLOSE] [34435426] FILLED 2 @ 44.64800
2025-09-27 14:12:54.280 - INFO - [ASTER_HYPE] [OPEN] [34442644] OPEN 2 @ 44.65000
2025-09-27 14:13:00.823 - INFO - [ASTER_HYPE] [OPEN] [34442644] FILLED 2 @ 44.65000
2025-09-27 14:13:01.229 - INFO - [ASTER_HYPE] [CLOSE] [34443134] OPEN 2 @ 44.66800
2025-09-27 14:13:27.879 - INFO - [ASTER_HYPE] Current Position: 4.00 | Active closing amount: 4 | Order quantity: 2
2025-09-27 14:13:29.367 - INFO - [ASTER_HYPE] [CLOSE] [34443134] PARTIALLY_FILLED 0.96 @ 44.66800
2025-09-27 14:13:43.394 - INFO - [ASTER_HYPE] [CLOSE] [34443134] FILLED 2 @ 44.66800
2025-09-27 14:14:29.387 - INFO - [ASTER_HYPE] Current Position: 2.00 | Active closing amount: 2 | Order quantity: 1
2025-09-27 14:15:30.676 - INFO - [ASTER_HYPE] Current Position: 2.00 | Active closing amount: 2 | Order quantity: 1
2025-09-27 14:15:31.172 - INFO - [ASTER_HYPE] [OPEN] [34454067] OPEN 2 @ 44.65700
2025-09-27 14:15:31.442 - INFO - [ASTER_HYPE] [OPEN] [34454067] FILLED 2 @ 44.65700
2025-09-27 14:15:32.082 - INFO - [ASTER_HYPE] [CLOSE] [34454145] OPEN 2 @ 44.67500
2025-09-27 14:16:31.140 - INFO - [ASTER_HYPE] Current Position: 4.00 | Active closing amount: 4 | Order quantity: 2
2025-09-27 14:17:32.445 - INFO - [ASTER_HYPE] Current Position: 4.00 | Active closing amount: 4 | Order quantity: 2
2025-09-27 14:17:41.991 - INFO - [ASTER_HYPE] [OPEN] [34463617] OPEN 2 @ 44.56300
2025-09-27 14:17:45.539 - INFO - [ASTER_HYPE] [OPEN] [34463617] FILLED 2 @ 44.56300
2025-09-27 14:17:45.944 - INFO - [ASTER_HYPE] [CLOSE] [34463952] OPEN 2 @ 44.58100
2025-09-27 14:18:33.181 - INFO - [ASTER_HYPE] Current Position: 6.00 | Active closing amount: 6 | Order quantity: 3
2025-09-27 14:18:36.109 - INFO - [ASTER_HYPE] [OPEN] [34467944] OPEN 2 @ 44.47000
2025-09-27 14:18:40.244 - INFO - [ASTER_HYPE] [OPEN] [34467944] FILLED 2 @ 44.47000
2025-09-27 14:18:40.601 - INFO - [ASTER_HYPE] [CLOSE] [34468251] OPEN 2 @ 44.48800
2025-09-27 14:19:34.167 - INFO - [ASTER_HYPE] Current Position: 8.00 | Active closing amount: 8 | Order quantity: 4
2025-09-27 14:19:44.276 - INFO - [ASTER_HYPE] [CLOSE] [34468251] FILLED 2 @ 44.48800
2025-09-27 14:20:34.997 - INFO - [ASTER_HYPE] Current Position: 6.00 | Active closing amount: 6 | Order quantity: 3
2025-09-27 14:21:35.649 - INFO - [ASTER_HYPE] Current Position: 6.00 | Active closing amount: 6 | Order quantity: 3
2025-09-27 14:22:33.395 - INFO - [ASTER_HYPE] [CLOSE] [34463952] PARTIALLY_FILLED 0.95 @ 44.58100
2025-09-27 14:22:33.397 - INFO - [ASTER_HYPE] [CLOSE] [34463952] FILLED 2 @ 44.58100
2025-09-27 14:22:36.330 - INFO - [ASTER_HYPE] Current Position: 4.00 | Active closing amount: 4 | Order quantity: 2
2025-09-27 14:23:17.454 - INFO - [ASTER_HYPE] [OPEN] [34487945] OPEN 2 @ 44.55500
2025-09-27 14:23:18.155 - INFO - [ASTER_HYPE] [OPEN] [34487945] FILLED 2 @ 44.55500
2025-09-27 14:23:18.776 - INFO - [ASTER_HYPE] [CLOSE] [34488053] OPEN 2 @ 44.57300
2025-09-27 14:23:37.479 - INFO - [ASTER_HYPE] Current Position: 6.00 | Active closing amount: 6 | Order quantity: 3
2025-09-27 14:23:45.508 - INFO - [ASTER_HYPE] [CLOSE] [34488053] FILLED 2 @ 44.57300
2025-09-27 14:23:50.178 - INFO - [ASTER_HYPE] [CLOSE] [34454145] FILLED 2 @ 44.67500
2025-09-27 14:23:50.786 - INFO - [ASTER_HYPE] [OPEN] [34490753] OPEN 2 @ 44.63600
2025-09-27 14:23:50.991 - INFO - [ASTER_HYPE] [OPEN] [34490753] FILLED 2 @ 44.63600
2025-09-27 14:23:51.527 - INFO - [ASTER_HYPE] [CLOSE] [34490840] OPEN 2 @ 44.65400
2025-09-27 14:24:01.549 - INFO - [ASTER_HYPE] [CLOSE] [34490840] FILLED 2 @ 44.65400
2025-09-27 14:24:02.192 - INFO - [ASTER_HYPE] [OPEN] [34491731] OPEN 2 @ 44.65900
2025-09-27 14:24:02.899 - INFO - [ASTER_HYPE] [OPEN] [34491731] FILLED 2 @ 44.65900
2025-09-27 14:24:03.400 - INFO - [ASTER_HYPE] [CLOSE] [34491852] OPEN 2 @ 44.67700
2025-09-27 14:24:07.307 - INFO - [ASTER_HYPE] [CLOSE] [34491852] FILLED 2 @ 44.67700
2025-09-27 14:24:31.520 - INFO - [ASTER_HYPE] [OPEN] [34493888] OPEN 2 @ 44.66000
2025-09-27 14:24:35.885 - INFO - [ASTER_HYPE] [OPEN] [34493888] FILLED 2 @ 44.66000
2025-09-27 14:24:36.352 - INFO - [ASTER_HYPE] [CLOSE] [34494231] OPEN 2 @ 44.67800
2025-09-27 14:24:38.797 - INFO - [ASTER_HYPE] Current Position: 4.00 | Active closing amount: 4 | Order quantity: 2
2025-09-27 14:25:36.050 - INFO - [ASTER_HYPE] [CLOSE] [34494231] PARTIALLY_FILLED 1.25 @ 44.67800
2025-09-27 14:25:36.050 - INFO - [ASTER_HYPE] [CLOSE] [34494231] FILLED 2 @ 44.67800
2025-09-27 14:25:40.122 - INFO - [ASTER_HYPE] Current Position: 2.00 | Active closing amount: 2 | Order quantity: 1
2025-09-27 14:25:45.744 - INFO - [ASTER_HYPE] [OPEN] [34499470] OPEN 2 @ 44.65700
2025-09-27 14:25:56.526 - INFO - [ASTER_HYPE] [OPEN] [34499470] FILLED 2 @ 44.65700
2025-09-27 14:25:56.910 - INFO - [ASTER_HYPE] [CLOSE] [34500241] OPEN 2 @ 44.67500
2025-09-27 14:26:29.129 - INFO - [ASTER_HYPE] [CLOSE] [34500241] FILLED 2 @ 44.67500
2025-09-27 14:26:41.223 - INFO - [ASTER_HYPE] Current Position: 2.00 | Active closing amount: 2 | Order quantity: 1
2025-09-27 14:27:31.128 - INFO - [ASTER_HYPE] [CLOSE] [34408518] FILLED 2 @ 44.77100
2025-09-27 14:27:32.144 - INFO - [ASTER_HYPE] [OPEN] [34507648] OPEN 2 @ 44.77600
2025-09-27 14:27:44.333 - INFO - [ASTER_HYPE] [OPEN] [34507648] Cancelling order and placing a new order
2025-09-27 14:27:44.442 - INFO - [ASTER_HYPE] [OPEN] [34507648] CANCELED 2 @ 44.77600
2025-09-27 14:27:44.847 - INFO - [ASTER_HYPE] Current Position: 0.00 | Active closing amount: 0 | Order quantity: 0
2025-09-27 14:27:45.182 - INFO - [ASTER_HYPE] [OPEN] [34508595] OPEN 2 @ 44.78900
2025-09-27 14:27:53.567 - INFO - [ASTER_HYPE] [OPEN] [34508595] FILLED 2 @ 44.78900
2025-09-27 14:27:53.992 - INFO - [ASTER_HYPE] [CLOSE] [34509219] OPEN 2 @ 44.80700
2025-09-27 14:28:46.192 - INFO - [ASTER_HYPE] Current Position: 2.00 | Active closing amount: 2 | Order quantity: 1
2025-09-27 14:29:47.782 - INFO - [ASTER_HYPE] Current Position: 2.00 | Active closing amount: 2 | Order quantity: 1
2025-09-27 14:29:59.114 - INFO - [ASTER_HYPE] [CLOSE] [34509219] FILLED 2 @ 44.80700
2025-09-27 14:30:00.552 - INFO - [ASTER_HYPE] [OPEN] [34518206] OPEN 2 @ 44.79600
2025-09-27 14:30:00.645 - INFO - [ASTER_HYPE] [OPEN] [34518206] FILLED 2 @ 44.79600
2025-09-27 14:30:01.101 - INFO - [ASTER_HYPE] [CLOSE] [34518288] OPEN 2 @ 44.81400
2025-09-27 14:30:33.761 - INFO - [ASTER_HYPE] [OPEN] [34521031] OPEN 2 @ 44.69300
2025-09-27 14:30:34.878 - INFO - [ASTER_HYPE] [OPEN] [34521031] FILLED 2 @ 44.69300
2025-09-27 14:30:35.444 - INFO - [ASTER_HYPE] [CLOSE] [34521213] OPEN 2 @ 44.71100
2025-09-27 14:30:48.192 - INFO - [ASTER_HYPE] Current Position: 4.00 | Active closing amount: 4 | Order quantity: 2
2025-09-27 14:31:48.635 - INFO - [ASTER_HYPE] Current Position: 4.00 | Active closing amount: 4 | Order quantity: 2
2025-09-27 14:32:32.416 - INFO - [ASTER_HYPE] [CLOSE] [34521213] PARTIALLY_FILLED 0.02 @ 44.71100
2025-09-27 14:32:32.967 - INFO - [ASTER_HYPE] [CLOSE] [34521213] FILLED 2 @ 44.71100
2025-09-27 14:32:36.245 - INFO - [ASTER_HYPE] [OPEN] [34529541] OPEN 2 @ 44.70400
2025-09-27 14:32:36.246 - INFO - [ASTER_HYPE] [OPEN] [34529541] EXPIRED 2 @ 44.70400
2025-09-27 14:32:36.833 - INFO - [ASTER_HYPE] [OPEN] [34529583] OPEN 2 @ 44.70000
2025-09-27 14:32:48.861 - INFO - [ASTER_HYPE] [OPEN] [34529583] Cancelling order and placing a new order
2025-09-27 14:32:48.986 - INFO - [ASTER_HYPE] [OPEN] [34529583] CANCELED 2 @ 44.70000
2025-09-27 14:32:49.354 - INFO - [ASTER_HYPE] Current Position: 2.00 | Active closing amount: 2 | Order quantity: 1
2025-09-27 14:32:53.431 - INFO - [ASTER_HYPE] [OPEN] [34530932] OPEN 2 @ 44.70400
2025-09-27 14:32:53.456 - INFO - [ASTER_HYPE] [OPEN] [34530932] FILLED 2 @ 44.70400
2025-09-27 14:32:54.156 - INFO - [ASTER_HYPE] [CLOSE] [34530980] OPEN 2 @ 44.72200
2025-09-27 14:33:04.469 - INFO - [ASTER_HYPE] [CLOSE] [34530980] FILLED 2 @ 44.72200
2025-09-27 14:33:06.250 - INFO - [ASTER_HYPE] [OPEN] [34531875] OPEN 2 @ 44.69700
2025-09-27 14:33:06.357 - INFO - [ASTER_HYPE] [OPEN] [34531875] FILLED 2 @ 44.69700
2025-09-27 14:33:06.870 - INFO - [ASTER_HYPE] [CLOSE] [34531917] OPEN 2 @ 44.71500
2025-09-27 14:33:50.007 - INFO - [ASTER_HYPE] Current Position: 4.00 | Active closing amount: 4 | Order quantity: 2
2025-09-27 14:34:30.854 - INFO - [ASTER_HYPE] [CLOSE] [34531917] FILLED 2 @ 44.71500
2025-09-27 14:34:31.944 - INFO - [ASTER_HYPE] [OPEN] [34538394] OPEN 2 @ 44.70500
2025-09-27 14:34:33.792 - INFO - [ASTER_HYPE] [OPEN] [34538394] FILLED 2 @ 44.70500
2025-09-27 14:34:34.240 - INFO - [ASTER_HYPE] [CLOSE] [34538593] OPEN 2 @ 44.72300
2025-09-27 14:34:50.517 - INFO - [ASTER_HYPE] Current Position: 4.00 | Active closing amount: 4 | Order quantity: 2
2025-09-27 14:35:22.168 - INFO - [ASTER_HYPE] [CLOSE] [34538593] PARTIALLY_FILLED 0.81 @ 44.72300
2025-09-27 14:35:22.169 - INFO - [ASTER_HYPE] [CLOSE] [34538593] PARTIALLY_FILLED 1.89 @ 44.72300
2025-09-27 14:35:22.173 - INFO - [ASTER_HYPE] [CLOSE] [34538593] FILLED 2 @ 44.72300
2025-09-27 14:35:51.384 - INFO - [ASTER_HYPE] Current Position: 2.00 | Active closing amount: 2 | Order quantity: 1
2025-09-27 14:36:52.171 - INFO - [ASTER_HYPE] Current Position: 2.00 | Active closing amount: 2 | Order quantity: 1
2025-09-27 14:37:40.727 - INFO - [ASTER_HYPE] [CLOSE] [34518288] FILLED 2 @ 44.81400
2025-09-27 14:37:42.118 - INFO - [ASTER_HYPE] [OPEN] [34554075] OPEN 2 @ 44.80400
2025-09-27 14:37:42.388 - INFO - [ASTER_HYPE] [OPEN] [34554075] FILLED 2 @ 44.80400
2025-09-27 14:37:42.889 - INFO - [ASTER_HYPE] [CLOSE] [34554141] OPEN 2 @ 44.82200
2025-09-27 14:37:52.577 - INFO - [ASTER_HYPE] Current Position: 2.00 | Active closing amount: 2 | Order quantity: 1
2025-09-27 14:38:14.406 - INFO - [ASTER_HYPE] [CLOSE] [34554141] FILLED 2 @ 44.82200
2025-09-27 14:38:15.860 - INFO - [ASTER_HYPE] [OPEN] [34556618] OPEN 2 @ 44.82200
2025-09-27 14:38:16.117 - INFO - [ASTER_HYPE] [OPEN] [34556618] FILLED 2 @ 44.82200
2025-09-27 14:38:16.729 - INFO - [ASTER_HYPE] [CLOSE] [34556706] OPEN 2 @ 44.84000
2025-09-27 14:38:53.783 - INFO - [ASTER_HYPE] Current Position: 2.00 | Active closing amount: 2 | Order quantity: 1
2025-09-27 14:39:54.757 - INFO - [ASTER_HYPE] Current Position: 2.00 | Active closing amount: 2 | Order quantity: 1
2025-09-27 14:40:09.182 - INFO - [ASTER_HYPE] [OPEN] [34565125] OPEN 2 @ 44.72900
2025-09-27 14:40:09.846 - INFO - [ASTER_HYPE] [OPEN] [34565125] FILLED 2 @ 44.72900
2025-09-27 14:40:10.267 - INFO - [ASTER_HYPE] [CLOSE] [34565208] OPEN 2 @ 44.74700
2025-09-27 14:40:28.392 - INFO - [ASTER_HYPE] [CLOSE] [34565208] FILLED 2 @ 44.74700
2025-09-27 14:40:56.122 - INFO - [ASTER_HYPE] Current Position: 2.00 | Active closing amount: 2 | Order quantity: 1
2025-09-27 14:41:56.762 - INFO - [ASTER_HYPE] Current Position: 2.00 | Active closing amount: 2 | Order quantity: 1
2025-09-27 14:42:57.114 - INFO - [ASTER_HYPE] Current Position: 2.00 | Active closing amount: 2 | Order quantity: 1
2025-09-27 14:42:57.521 - INFO - [ASTER_HYPE] [OPEN] [34578038] OPEN 2 @ 44.73000
2025-09-27 14:43:01.743 - INFO - [ASTER_HYPE] [OPEN] [34578038] FILLED 2 @ 44.73000
2025-09-27 14:43:02.136 - INFO - [ASTER_HYPE] [CLOSE] [34578342] OPEN 2 @ 44.74800
2025-09-27 14:43:24.837 - INFO - [ASTER_HYPE] [CLOSE] [34578342] FILLED 2 @ 44.74800
2025-09-27 14:43:27.166 - INFO - [ASTER_HYPE] [OPEN] [34580274] OPEN 2 @ 44.72100
2025-09-27 14:43:27.726 - INFO - [ASTER_HYPE] [OPEN] [34580274] FILLED 2 @ 44.72100
2025-09-27 14:43:28.382 - INFO - [ASTER_HYPE] [CLOSE] [34580422] OPEN 2 @ 44.73900
2025-09-27 14:43:57.979 - INFO - [ASTER_HYPE] Current Position: 4.00 | Active closing amount: 4 | Order quantity: 2
2025-09-27 14:44:06.418 - INFO - [ASTER_HYPE] [CLOSE] [34580422] FILLED 2 @ 44.73900
2025-09-27 14:44:41.545 - INFO - [ASTER_HYPE] [OPEN] [34585771] OPEN 2 @ 44.72800
2025-09-27 14:44:44.560 - INFO - [ASTER_HYPE] [OPEN] [34585771] FILLED 2 @ 44.72800
2025-09-27 14:44:44.953 - INFO - [ASTER_HYPE] [CLOSE] [34585986] OPEN 2 @ 44.74600
2025-09-27 14:44:58.978 - INFO - [ASTER_HYPE] Current Position: 4.00 | Active closing amount: 4 | Order quantity: 2
2025-09-27 14:45:55.655 - INFO - [ASTER_HYPE] [OPEN] [34591117] OPEN 2 @ 44.63600
2025-09-27 14:45:58.465 - INFO - [ASTER_HYPE] [OPEN] [34591117] PARTIALLY_FILLED 0.40 @ 44.63600
2025-09-27 14:46:03.377 - INFO - [ASTER_HYPE] [OPEN] [34591117] FILLED 2 @ 44.63600
2025-09-27 14:46:03.888 - INFO - [ASTER_HYPE] [CLOSE] [34591671] OPEN 2 @ 44.65400
2025-09-27 14:46:06.425 - INFO - [ASTER_HYPE] Current Position: 6.00 | Active closing amount: 6 | Order quantity: 3
2025-09-27 14:46:28.509 - INFO - [ASTER_HYPE] [CLOSE] [34591671] PARTIALLY_FILLED 0.87 @ 44.65400
2025-09-27 14:46:28.654 - INFO - [ASTER_HYPE] [CLOSE] [34591671] PARTIALLY_FILLED 1.17 @ 44.65400
2025-09-27 14:46:28.721 - INFO - [ASTER_HYPE] [CLOSE] [34591671] FILLED 2 @ 44.65400
2025-09-27 14:47:06.931 - INFO - [ASTER_HYPE] Current Position: 4.00 | Active closing amount: 4 | Order quantity: 2
2025-09-27 14:47:33.692 - INFO - [ASTER_HYPE] [CLOSE] [34585986] FILLED 2 @ 44.74600
2025-09-27 14:48:07.401 - INFO - [ASTER_HYPE] Current Position: 2.00 | Active closing amount: 2 | Order quantity: 1
2025-09-27 14:49:08.661 - INFO - [ASTER_HYPE] Current Position: 2.00 | Active closing amount: 2 | Order quantity: 1
2025-09-27 14:50:09.268 - INFO - [ASTER_HYPE] Current Position: 2.00 | Active closing amount: 2 | Order quantity: 1
2025-09-27 14:51:10.196 - INFO - [ASTER_HYPE] Current Position: 2.00 | Active closing amount: 2 | Order quantity: 1
2025-09-27 14:52:10.650 - INFO - [ASTER_HYPE] Current Position: 2.00 | Active closing amount: 2 | Order quantity: 1
2025-09-27 14:53:04.612 - INFO - [ASTER_HYPE] [OPEN] [34621836] OPEN 2 @ 44.73100
2025-09-27 14:53:06.338 - INFO - [ASTER_HYPE] [OPEN] [34621836] FILLED 2 @ 44.73100
2025-09-27 14:53:06.924 - INFO - [ASTER_HYPE] [CLOSE] [34621982] OPEN 2 @ 44.74900
2025-09-27 14:53:11.744 - INFO - [ASTER_HYPE] Current Position: 4.00 | Active closing amount: 4 | Order quantity: 2
2025-09-27 14:53:12.411 - INFO - [ASTER_HYPE] [CLOSE] [34621982] PARTIALLY_FILLED 0.81 @ 44.74900
2025-09-27 14:53:12.411 - INFO - [ASTER_HYPE] [CLOSE] [34621982] PARTIALLY_FILLED 1.69 @ 44.74900
2025-09-27 14:53:12.411 - INFO - [ASTER_HYPE] [CLOSE] [34621982] FILLED 2 @ 44.74900
2025-09-27 14:54:12.230 - INFO - [ASTER_HYPE] Current Position: 2.00 | Active closing amount: 2 | Order quantity: 1
2025-09-27 14:54:37.721 - INFO - [ASTER_HYPE] [OPEN] [34628441] OPEN 2 @ 44.72100
2025-09-27 14:54:37.721 - INFO - [ASTER_HYPE] [OPEN] [34628441] EXPIRED 2 @ 44.72100
2025-09-27 14:54:38.229 - INFO - [ASTER_HYPE] [OPEN] [34628513] OPEN 2 @ 44.71100
2025-09-27 14:54:50.445 - INFO - [ASTER_HYPE] [OPEN] [34628513] Cancelling order and placing a new order
2025-09-27 14:54:50.569 - INFO - [ASTER_HYPE] [OPEN] [34628513] CANCELED 2 @ 44.71100
2025-09-27 14:55:12.992 - INFO - [ASTER_HYPE] Current Position: 2.00 | Active closing amount: 2 | Order quantity: 1
2025-09-27 14:56:14.272 - INFO - [ASTER_HYPE] Current Position: 2.00 | Active closing amount: 2 | Order quantity: 1
2025-09-27 14:57:15.768 - INFO - [ASTER_HYPE] Current Position: 2.00 | Active closing amount: 2 | Order quantity: 1
2025-09-27 14:58:16.495 - INFO - [ASTER_HYPE] Current Position: 2.00 | Active closing amount: 2 | Order quantity: 1
2025-09-27 14:59:17.679 - INFO - [ASTER_HYPE] Current Position: 2.00 | Active closing amount: 2 | Order quantity: 1
2025-09-27 15:00:04.949 - INFO - [ASTER_HYPE] [CLOSE] [34556706] PARTIALLY_FILLED 1.51 @ 44.84000
2025-09-27 15:00:19.010 - INFO - [ASTER_HYPE] Current Position: 0.49 | Active closing amount: 0.49 | Order quantity: 1
2025-09-27 15:00:22.480 - INFO - [ASTER_HYPE] [CLOSE] [34556706] FILLED 2 @ 44.84000
2025-09-27 15:00:23.112 - INFO - [ASTER_HYPE] [OPEN] [34652244] OPEN 2 @ 44.84600
2025-09-27 15:00:35.158 - INFO - [ASTER_HYPE] [OPEN] [34652244] Cancelling order and placing a new order
2025-09-27 15:00:35.297 - INFO - [ASTER_HYPE] [OPEN] [34652244] CANCELED 2 @ 44.84600
2025-09-27 15:00:35.757 - INFO - [ASTER_HYPE] [OPEN] [34653383] OPEN 2 @ 44.87600
2025-09-27 15:00:41.731 - INFO - [ASTER_HYPE] [OPEN] [34653383] FILLED 2 @ 44.87600
2025-09-27 15:00:42.093 - INFO - [ASTER_HYPE] [CLOSE] [34653922] OPEN 2 @ 44.89400
2025-09-27 15:01:19.910 - INFO - [ASTER_HYPE] Current Position: 2.00 | Active closing amount: 2 | Order quantity: 1
2025-09-27 15:01:51.153 - INFO - [ASTER_HYPE] [CLOSE] [34653922] PARTIALLY_FILLED 1.56 @ 44.89400
2025-09-27 15:01:54.163 - INFO - [ASTER_HYPE] [CLOSE] [34653922] FILLED 2 @ 44.89400
2025-09-27 15:01:55.357 - INFO - [ASTER_HYPE] [OPEN] [34659388] OPEN 2 @ 44.89800
2025-09-27 15:01:58.669 - INFO - [ASTER_HYPE] [OPEN] [34659388] FILLED 2 @ 44.89800
2025-09-27 15:01:59.149 - INFO - [ASTER_HYPE] [CLOSE] [34659694] OPEN 2 @ 44.91600
2025-09-27 15:02:20.440 - INFO - [ASTER_HYPE] Current Position: 2.00 | Active closing amount: 2 | Order quantity: 1
2025-09-27 15:03:21.399 - INFO - [ASTER_HYPE] Current Position: 2.00 | Active closing amount: 2 | Order quantity: 1
2025-09-27 15:04:22.201 - INFO - [ASTER_HYPE] Current Position: 2.00 | Active closing amount: 2 | Order quantity: 1
2025-09-27 15:04:44.485 - INFO - [ASTER_HYPE] [CLOSE] [34659694] FILLED 2 @ 44.91600
2025-09-27 15:04:45.241 - INFO - [ASTER_HYPE] [OPEN] [34672084] OPEN 2 @ 44.91200
2025-09-27 15:04:57.276 - INFO - [ASTER_HYPE] [OPEN] [34672084] Cancelling order and placing a new order
2025-09-27 15:04:57.427 - INFO - [ASTER_HYPE] [OPEN] [34672084] CANCELED 2 @ 44.91200
2025-09-27 15:04:57.794 - INFO - [ASTER_HYPE] [OPEN] [34673161] OPEN 2 @ 44.91200
2025-09-27 15:05:01.797 - INFO - [ASTER_HYPE] [OPEN] [34673161] FILLED 2 @ 44.91200
2025-09-27 15:05:02.257 - INFO - [ASTER_HYPE] [CLOSE] [34673501] OPEN 2 @ 44.93000
2025-09-27 15:05:22.540 - INFO - [ASTER_HYPE] Current Position: 2.00 | Active closing amount: 2 | Order quantity: 1
2025-09-27 15:05:30.466 - INFO - [ASTER_HYPE] [CLOSE] [34673501] FILLED 2 @ 44.93000
2025-09-27 15:05:30.888 - INFO - [ASTER_HYPE] [OPEN] [34675479] OPEN 2 @ 44.92600
2025-09-27 15:05:37.725 - INFO - [ASTER_HYPE] [OPEN] [34675479] PARTIALLY_FILLED 0.34 @ 44.92600
2025-09-27 15:05:37.879 - INFO - [ASTER_HYPE] [OPEN] [34675479] FILLED 2 @ 44.92600
2025-09-27 15:05:38.418 - INFO - [ASTER_HYPE] [CLOSE] [34676000] OPEN 2 @ 44.94400
2025-09-27 15:06:23.762 - INFO - [ASTER_HYPE] Current Position: 2.00 | Active closing amount: 2 | Order quantity: 1
2025-09-27 15:07:03.621 - INFO - [ASTER_HYPE] [CLOSE] [34676000] FILLED 2 @ 44.94400
2025-09-27 15:07:03.963 - INFO - [ASTER_HYPE] [OPEN] [34682047] OPEN 2 @ 44.92500
2025-09-27 15:07:05.500 - INFO - [ASTER_HYPE] [OPEN] [34682047] FILLED 2 @ 44.92500
2025-09-27 15:07:05.868 - INFO - [ASTER_HYPE] [CLOSE] [34682199] OPEN 2 @ 44.94300
2025-09-27 15:07:24.513 - INFO - [ASTER_HYPE] Current Position: 2.00 | Active closing amount: 2 | Order quantity: 1
2025-09-27 15:07:39.427 - INFO - [ASTER_HYPE] [CLOSE] [34682199] FILLED 2 @ 44.94300
2025-09-27 15:07:41.035 - INFO - [ASTER_HYPE] [OPEN] [34684587] OPEN 2 @ 44.93900
2025-09-27 15:07:41.036 - INFO - [ASTER_HYPE] [OPEN] [34684587] EXPIRED 2 @ 44.93900
2025-09-27 15:07:41.583 - INFO - [ASTER_HYPE] [OPEN] [34684621] OPEN 2 @ 44.93300
2025-09-27 15:07:44.702 - INFO - [ASTER_HYPE] [OPEN] [34684621] FILLED 2 @ 44.93300
2025-09-27 15:07:45.097 - INFO - [ASTER_HYPE] [CLOSE] [34684862] OPEN 2 @ 44.95100
2025-09-27 15:08:25.848 - INFO - [ASTER_HYPE] Current Position: 2.00 | Active closing amount: 2 | Order quantity: 1
2025-09-27 15:09:09.491 - INFO - [ASTER_HYPE] [OPEN] [34691146] OPEN 2 @ 44.84100
2025-09-27 15:09:21.800 - INFO - [ASTER_HYPE] [OPEN] [34691146] Cancelling order and placing a new order
2025-09-27 15:09:22.024 - INFO - [ASTER_HYPE] [OPEN] [34691146] CANCELED 2 @ 44.84100
2025-09-27 15:09:26.250 - INFO - [ASTER_HYPE] Current Position: 2.00 | Active closing amount: 2 | Order quantity: 1
2025-09-27 15:09:44.999 - INFO - [ASTER_HYPE] [OPEN] [34693811] OPEN 2 @ 44.83600
2025-09-27 15:09:46.040 - INFO - [ASTER_HYPE] [OPEN] [34693811] FILLED 2 @ 44.83600
2025-09-27 15:09:46.608 - INFO - [ASTER_HYPE] [CLOSE] [34693934] OPEN 2 @ 44.85400
2025-09-27 15:09:58.699 - INFO - [ASTER_HYPE] [CLOSE] [34693934] FILLED 2 @ 44.85400
2025-09-27 15:10:08.330 - INFO - [ASTER_HYPE] [OPEN] [34695844] OPEN 2 @ 44.83600
2025-09-27 15:10:08.823 - INFO - [ASTER_HYPE] [OPEN] [34695844] PARTIALLY_FILLED 1.89 @ 44.83600
2025-09-27 15:10:13.246 - INFO - [ASTER_HYPE] [OPEN] [34695844] FILLED 2 @ 44.83600
2025-09-27 15:10:13.763 - INFO - [ASTER_HYPE] [CLOSE] [34696278] OPEN 2 @ 44.85400
2025-09-27 15:10:27.223 - INFO - [ASTER_HYPE] Current Position: 4.00 | Active closing amount: 4 | Order quantity: 2
2025-09-27 15:11:28.371 - INFO - [ASTER_HYPE] Current Position: 4.00 | Active closing amount: 4 | Order quantity: 2
2025-09-27 15:12:21.677 - INFO - [ASTER_HYPE] [CLOSE] [34696278] FILLED 2 @ 44.85400
2025-09-27 15:12:29.799 - INFO - [ASTER_HYPE] Current Position: 2.00 | Active closing amount: 2 | Order quantity: 1
2025-09-27 15:13:26.410 - INFO - [ASTER_HYPE] [OPEN] [34710842] OPEN 2 @ 44.84600
2025-09-27 15:13:38.575 - INFO - [ASTER_HYPE] [OPEN] [34710842] Cancelling order and placing a new order
2025-09-27 15:13:38.694 - INFO - [ASTER_HYPE] [OPEN] [34710842] CANCELED 2 @ 44.84600
2025-09-27 15:13:39.244 - INFO - [ASTER_HYPE] Current Position: 2.00 | Active closing amount: 2 | Order quantity: 1
2025-09-27 15:14:03.295 - INFO - [ASTER_HYPE] [OPEN] [34713472] OPEN 2 @ 44.83700
2025-09-27 15:14:03.296 - INFO - [ASTER_HYPE] [OPEN] [34713472] EXPIRED 2 @ 44.83700
2025-09-27 15:14:03.957 - INFO - [ASTER_HYPE] [OPEN] [34713546] OPEN 2 @ 44.83100
2025-09-27 15:14:10.733 - INFO - [ASTER_HYPE] [OPEN] [34713546] FILLED 2 @ 44.83100
2025-09-27 15:14:11.229 - INFO - [ASTER_HYPE] [CLOSE] [34713996] OPEN 2 @ 44.84900
2025-09-27 15:14:40.618 - INFO - [ASTER_HYPE] Current Position: 4.00 | Active closing amount: 4 | Order quantity: 2
2025-09-27 15:15:40.921 - INFO - [ASTER_HYPE] Current Position: 4.00 | Active closing amount: 4 | Order quantity: 2
2025-09-27 15:16:22.910 - INFO - [ASTER_HYPE] [OPEN] [34723579] OPEN 2 @ 44.73200
2025-09-27 15:16:34.973 - INFO - [ASTER_HYPE] [OPEN] [34723579] Cancelling order and placing a new order
2025-09-27 15:16:35.097 - INFO - [ASTER_HYPE] [OPEN] [34723579] CANCELED 2 @ 44.73200
2025-09-27 15:16:35.843 - INFO - [ASTER_HYPE] [OPEN] [34724542] OPEN 2 @ 44.73000
2025-09-27 15:16:40.087 - INFO - [ASTER_HYPE] [OPEN] [34724542] FILLED 2 @ 44.73000
2025-09-27 15:16:40.558 - INFO - [ASTER_HYPE] [CLOSE] [34724922] OPEN 2 @ 44.74800
2025-09-27 15:16:43.145 - INFO - [ASTER_HYPE] Current Position: 6.00 | Active closing amount: 6 | Order quantity: 3
2025-09-27 15:17:39.176 - INFO - [ASTER_HYPE] [OPEN] [34729552] OPEN 2 @ 44.63700
2025-09-27 15:17:51.283 - INFO - [ASTER_HYPE] [OPEN] [34729552] Cancelling order and placing a new order
2025-09-27 15:17:51.506 - INFO - [ASTER_HYPE] [OPEN] [34729552] CANCELED 2 @ 44.63700
2025-09-27 15:17:52.043 - INFO - [ASTER_HYPE] Current Position: 6.00 | Active closing amount: 6 | Order quantity: 3
2025-09-27 15:18:52.519 - INFO - [ASTER_HYPE] Current Position: 6.00 | Active closing amount: 6 | Order quantity: 3
2025-09-27 15:19:53.192 - INFO - [ASTER_HYPE] Current Position: 6.00 | Active closing amount: 6 | Order quantity: 3
2025-09-27 15:20:53.575 - INFO - [ASTER_HYPE] Current Position: 6.00 | Active closing amount: 6 | Order quantity: 3
2025-09-27 15:21:30.563 - INFO - [ASTER_HYPE] [CLOSE] [34724922] FILLED 2 @ 44.74800
2025-09-27 15:21:54.080 - INFO - [ASTER_HYPE] Current Position: 4.00 | Active closing amount: 4 | Order quantity: 2
2025-09-27 15:21:59.777 - INFO - [ASTER_HYPE] [OPEN] [34748579] OPEN 2 @ 44.73800
2025-09-27 15:22:00.429 - INFO - [ASTER_HYPE] [OPEN] [34748579] FILLED 2 @ 44.73800
2025-09-27 15:22:00.826 - INFO - [ASTER_HYPE] [CLOSE] [34748653] OPEN 2 @ 44.75600
2025-09-27 15:22:54.517 - INFO - [ASTER_HYPE] Current Position: 6.00 | Active closing amount: 6 | Order quantity: 3
2025-09-27 15:23:55.623 - INFO - [ASTER_HYPE] Current Position: 6.00 | Active closing amount: 6 | Order quantity: 3
2025-09-27 15:24:56.399 - INFO - [ASTER_HYPE] Current Position: 6.00 | Active closing amount: 6 | Order quantity: 3
2025-09-27 15:25:57.407 - INFO - [ASTER_HYPE] Current Position: 6.00 | Active closing amount: 6 | Order quantity: 3
2025-09-27 15:26:04.458 - INFO - [ASTER_HYPE] [OPEN] [34765408] OPEN 2 @ 44.64700
2025-09-27 15:26:16.992 - INFO - [ASTER_HYPE] [OPEN] [34765408] Cancelling order and placing a new order
2025-09-27 15:26:17.110 - INFO - [ASTER_HYPE] [OPEN] [34765408] CANCELED 2 @ 44.64700
2025-09-27 15:26:17.636 - INFO - [ASTER_HYPE] [OPEN] [34766285] OPEN 2 @ 44.64600
2025-09-27 15:26:25.960 - INFO - [ASTER_HYPE] [OPEN] [34766285] FILLED 2 @ 44.64600
2025-09-27 15:26:26.326 - INFO - [ASTER_HYPE] [CLOSE] [34766863] OPEN 2 @ 44.66400
2025-09-27 15:26:58.766 - INFO - [ASTER_HYPE] Current Position: 8.00 | Active closing amount: 8 | Order quantity: 4
2025-09-27 15:27:59.839 - INFO - [ASTER_HYPE] Current Position: 8.00 | Active closing amount: 8 | Order quantity: 4
2025-09-27 15:28:11.814 - INFO - [ASTER_HYPE] [OPEN] [34774258] OPEN 2 @ 44.55500
2025-09-27 15:28:23.884 - INFO - [ASTER_HYPE] [OPEN] [34774258] Cancelling order and placing a new order
2025-09-27 15:28:24.118 - INFO - [ASTER_HYPE] [OPEN] [34774258] CANCELED 2 @ 44.55500
2025-09-27 15:28:24.894 - INFO - [ASTER_HYPE] [OPEN] [34775083] OPEN 2 @ 44.55500
2025-09-27 15:28:26.540 - INFO - [ASTER_HYPE] [OPEN] [34775083] FILLED 2 @ 44.55500
2025-09-27 15:28:27.195 - INFO - [ASTER_HYPE] [CLOSE] [34775294] OPEN 2 @ 44.57300
2025-09-27 15:29:00.908 - INFO - [ASTER_HYPE] Current Position: 10.00 | Active closing amount: 10 | Order quantity: 5
2025-09-27 15:30:01.362 - INFO - [ASTER_HYPE] Current Position: 10.00 | Active closing amount: 10 | Order quantity: 5
2025-09-27 15:31:02.570 - INFO - [ASTER_HYPE] Current Position: 10.00 | Active closing amount: 10 | Order quantity: 5
2025-09-27 15:32:03.474 - INFO - [ASTER_HYPE] Current Position: 10.00 | Active closing amount: 10 | Order quantity: 5
2025-09-27 15:33:04.095 - INFO - [ASTER_HYPE] Current Position: 10.00 | Active closing amount: 10 | Order quantity: 5
2025-09-27 15:34:05.192 - INFO - [ASTER_HYPE] Current Position: 10.00 | Active closing amount: 10 | Order quantity: 5
2025-09-27 15:34:13.195 - INFO - [ASTER_HYPE] [OPEN] [34799962] OPEN 2 @ 44.40100
2025-09-27 15:34:25.261 - INFO - [ASTER_HYPE] [OPEN] [34799962] Cancelling order and placing a new order
2025-09-27 15:34:25.472 - INFO - [ASTER_HYPE] [OPEN] [34799962] CANCELED 2 @ 44.40100
2025-09-27 15:34:26.152 - INFO - [ASTER_HYPE] [OPEN] [34801121] OPEN 2 @ 44.43000
2025-09-27 15:34:38.222 - INFO - [ASTER_HYPE] [OPEN] [34801121] Cancelling order and placing a new order
2025-09-27 15:34:38.363 - INFO - [ASTER_HYPE] [OPEN] [34801121] CANCELED 2 @ 44.43000
2025-09-27 15:34:38.838 - INFO - [ASTER_HYPE] [OPEN] [34801947] OPEN 2 @ 44.45900
2025-09-27 15:34:39.264 - INFO - [ASTER_HYPE] [OPEN] [34801947] FILLED 2 @ 44.45900
2025-09-27 15:34:39.686 - INFO - [ASTER_HYPE] [CLOSE] [34802043] OPEN 2 @ 44.47700
2025-09-27 15:35:03.958 - INFO - [ASTER_HYPE] [CLOSE] [34802043] FILLED 2 @ 44.47700
2025-09-27 15:35:06.338 - INFO - [ASTER_HYPE] Current Position: 10.00 | Active closing amount: 10 | Order quantity: 5
2025-09-27 15:36:06.997 - INFO - [ASTER_HYPE] Current Position: 10.00 | Active closing amount: 10 | Order quantity: 5
2025-09-27 15:37:08.349 - INFO - [ASTER_HYPE] Current Position: 10.00 | Active closing amount: 10 | Order quantity: 5
2025-09-27 15:37:11.529 - INFO - [ASTER_HYPE] [OPEN] [34812511] OPEN 2 @ 44.46200
2025-09-27 15:37:11.530 - INFO - [ASTER_HYPE] [OPEN] [34812511] EXPIRED 2 @ 44.46200
2025-09-27 15:37:12.006 - INFO - [ASTER_HYPE] [OPEN] [34812540] OPEN 2 @ 44.46000
2025-09-27 15:37:24.192 - INFO - [ASTER_HYPE] [OPEN] [34812540] Cancelling order and placing a new order
2025-09-27 15:37:24.318 - INFO - [ASTER_HYPE] [OPEN] [34812540] CANCELED 2 @ 44.46000
2025-09-27 15:38:05.888 - INFO - [ASTER_HYPE] [OPEN] [34815971] OPEN 2 @ 44.46200
2025-09-27 15:38:16.436 - INFO - [ASTER_HYPE] [OPEN] [34815971] FILLED 2 @ 44.46200
2025-09-27 15:38:16.888 - INFO - [ASTER_HYPE] [CLOSE] [34816717] OPEN 2 @ 44.48000
2025-09-27 15:38:19.317 - INFO - [ASTER_HYPE] Current Position: 12.00 | Active closing amount: 12 | Order quantity: 6
2025-09-27 15:39:20.847 - INFO - [ASTER_HYPE] Current Position: 12.00 | Active closing amount: 12 | Order quantity: 6
2025-09-27 15:40:21.229 - INFO - [ASTER_HYPE] Current Position: 12.00 | Active closing amount: 12 | Order quantity: 6
2025-09-27 15:41:22.171 - INFO - [ASTER_HYPE] Current Position: 12.00 | Active closing amount: 12 | Order quantity: 6
2025-09-27 15:41:39.920 - INFO - [ASTER_HYPE] [CLOSE] [34816717] FILLED 2 @ 44.48000
2025-09-27 15:41:43.822 - INFO - [ASTER_HYPE] [CLOSE] [34775294] PARTIALLY_FILLED 0.19 @ 44.57300
2025-09-27 15:41:45.580 - INFO - [ASTER_HYPE] [CLOSE] [34775294] FILLED 2 @ 44.57300
2025-09-27 15:41:48.359 - INFO - [ASTER_HYPE] [OPEN] [34832931] OPEN 2 @ 44.55400
2025-09-27 15:42:00.597 - INFO - [ASTER_HYPE] [OPEN] [34832931] Cancelling order and placing a new order
2025-09-27 15:42:00.739 - INFO - [ASTER_HYPE] [OPEN] [34832931] CANCELED 2 @ 44.55400
2025-09-27 15:42:02.507 - INFO - [ASTER_HYPE] [OPEN] [34834218] OPEN 2 @ 44.55000
2025-09-27 15:42:02.633 - INFO - [ASTER_HYPE] [OPEN] [34834218] FILLED 2 @ 44.55000
2025-09-27 15:42:03.137 - INFO - [ASTER_HYPE] [CLOSE] [34834314] OPEN 2 @ 44.56800
2025-09-27 15:42:14.166 - INFO - [ASTER_HYPE] [CLOSE] [34834314] PARTIALLY_FILLED 0.63 @ 44.56800
2025-09-27 15:42:14.167 - INFO - [ASTER_HYPE] [CLOSE] [34834314] PARTIALLY_FILLED 1.81 @ 44.56800
2025-09-27 15:42:14.167 - INFO - [ASTER_HYPE] [CLOSE] [34834314] FILLED 2 @ 44.56800
2025-09-27 15:42:23.107 - INFO - [ASTER_HYPE] Current Position: 8.00 | Active closing amount: 8 | Order quantity: 4
2025-09-27 15:42:33.972 - INFO - [ASTER_HYPE] [OPEN] [34837187] OPEN 2 @ 44.51100
2025-09-27 15:42:39.200 - INFO - [ASTER_HYPE] [OPEN] [34837187] PARTIALLY_FILLED 1.96 @ 44.51100
2025-09-27 15:42:46.034 - INFO - [ASTER_HYPE] [OPEN] [34837187] Cancelling order and placing a new order
2025-09-27 15:42:46.175 - INFO - [ASTER_HYPE] [OPEN] [34837187] CANCELED 2 @ 44.51100
2025-09-27 15:42:46.573 - INFO - [ASTER_HYPE] [CLOSE] [34838060] OPEN 1.96 @ 44.53000
2025-09-27 15:42:46.751 - INFO - [ASTER_HYPE] [CLOSE] [34838060] FILLED 1.96 @ 44.53000
2025-09-27 15:42:47.331 - INFO - [ASTER_HYPE] [OPEN] [34838113] OPEN 2 @ 44.52900
2025-09-27 15:42:59.331 - INFO - [ASTER_HYPE] [OPEN] [34838113] Cancelling order and placing a new order
2025-09-27 15:42:59.552 - INFO - [ASTER_HYPE] [OPEN] [34838113] CANCELED 2 @ 44.52900
2025-09-27 15:43:00.125 - INFO - [ASTER_HYPE] [OPEN] [34839001] OPEN 2 @ 44.52100
2025-09-27 15:43:04.418 - INFO - [ASTER_HYPE] [OPEN] [34839001] FILLED 2 @ 44.52100
2025-09-27 15:43:04.758 - INFO - [ASTER_HYPE] [CLOSE] [34839322] OPEN 2 @ 44.53900
2025-09-27 15:43:24.438 - INFO - [ASTER_HYPE] Current Position: 10.00 | Active closing amount: 10 | Order quantity: 5
2025-09-27 15:44:24.785 - INFO - [ASTER_HYPE] Current Position: 10.00 | Active closing amount: 10 | Order quantity: 5
2025-09-27 15:45:26.036 - INFO - [ASTER_HYPE] Current Position: 10.00 | Active closing amount: 10 | Order quantity: 5
2025-09-27 15:46:26.750 - INFO - [ASTER_HYPE] Current Position: 10.00 | Active closing amount: 10 | Order quantity: 5
2025-09-27 15:47:27.218 - INFO - [ASTER_HYPE] Current Position: 10.00 | Active closing amount: 10 | Order quantity: 5
2025-09-27 15:48:10.995 - INFO - [ASTER_HYPE] [CLOSE] [34839322] FILLED 2 @ 44.53900
2025-09-27 15:48:11.519 - INFO - [ASTER_HYPE] [OPEN] [34862143] OPEN 2 @ 44.53400
2025-09-27 15:48:23.621 - INFO - [ASTER_HYPE] [OPEN] [34862143] Cancelling order and placing a new order
2025-09-27 15:48:23.747 - INFO - [ASTER_HYPE] [OPEN] [34862143] CANCELED 2 @ 44.53400
2025-09-27 15:48:24.203 - INFO - [ASTER_HYPE] [OPEN] [34863095] OPEN 2 @ 44.54300
2025-09-27 15:48:29.795 - INFO - [ASTER_HYPE] [OPEN] [34863095] FILLED 2 @ 44.54300
2025-09-27 15:48:30.159 - INFO - [ASTER_HYPE] [CLOSE] [34863474] OPEN 2 @ 44.56100
2025-09-27 15:48:32.537 - INFO - [ASTER_HYPE] Current Position: 10.00 | Active closing amount: 10 | Order quantity: 5
2025-09-27 15:48:34.798 - INFO - [ASTER_HYPE] [CLOSE] [34863474] PARTIALLY_FILLED 1.03 @ 44.56100
2025-09-27 15:48:34.799 - INFO - [ASTER_HYPE] [CLOSE] [34863474] PARTIALLY_FILLED 1.89 @ 44.56100
2025-09-27 15:48:34.807 - INFO - [ASTER_HYPE] [CLOSE] [34863474] FILLED 2 @ 44.56100
2025-09-27 15:49:00.274 - INFO - [ASTER_HYPE] [OPEN] [34865763] OPEN 2 @ 44.55200
2025-09-27 15:49:00.417 - INFO - [ASTER_HYPE] [OPEN] [34865763] FILLED 2 @ 44.55200
2025-09-27 15:49:00.891 - INFO - [ASTER_HYPE] [CLOSE] [34865851] OPEN 2 @ 44.57000
2025-09-27 15:49:33.506 - INFO - [ASTER_HYPE] Current Position: 10.00 | Active closing amount: 10 | Order quantity: 5
2025-09-27 15:49:37.882 - INFO - [ASTER_HYPE] [OPEN] [34868770] OPEN 2 @ 44.43800
2025-09-27 15:49:37.882 - INFO - [ASTER_HYPE] [OPEN] [34868770] EXPIRED 2 @ 44.43800
2025-09-27 15:49:38.329 - INFO - [ASTER_HYPE] [OPEN] [34868822] OPEN 2 @ 44.43500
2025-09-27 15:49:50.442 - INFO - [ASTER_HYPE] [OPEN] [34868822] Cancelling order and placing a new order
2025-09-27 15:49:50.554 - INFO - [ASTER_HYPE] [OPEN] [34868822] CANCELED 2 @ 44.43500
2025-09-27 15:50:34.195 - INFO - [ASTER_HYPE] Current Position: 10.00 | Active closing amount: 10 | Order quantity: 5
2025-09-27 15:51:34.754 - INFO - [ASTER_HYPE] Current Position: 10.00 | Active closing amount: 10 | Order quantity: 5
2025-09-27 15:51:43.974 - INFO - [ASTER_HYPE] [OPEN] [34878117] OPEN 2 @ 44.46200
2025-09-27 15:51:56.064 - INFO - [ASTER_HYPE] [OPEN] [34878117] Cancelling order and placing a new order
2025-09-27 15:51:56.266 - INFO - [ASTER_HYPE] [OPEN] [34878117] CANCELED 2 @ 44.46200
2025-09-27 15:52:35.654 - INFO - [ASTER_HYPE] Current Position: 10.00 | Active closing amount: 10 | Order quantity: 5
2025-09-27 15:53:19.113 - INFO - [ASTER_HYPE] [OPEN] [34884632] OPEN 2 @ 44.46200
2025-09-27 15:53:19.113 - INFO - [ASTER_HYPE] [OPEN] [34884632] EXPIRED 2 @ 44.46200
2025-09-27 15:53:19.583 - INFO - [ASTER_HYPE] [OPEN] [34884661] OPEN 2 @ 44.45600
2025-09-27 15:53:21.846 - INFO - [ASTER_HYPE] [OPEN] [34884661] FILLED 2 @ 44.45600
2025-09-27 15:53:22.267 - INFO - [ASTER_HYPE] [CLOSE] [34884898] OPEN 2 @ 44.47400
2025-09-27 15:53:36.490 - INFO - [ASTER_HYPE] Current Position: 12.00 | Active closing amount: 12 | Order quantity: 6
2025-09-27 15:53:59.533 - INFO - [ASTER_HYPE] [CLOSE] [34884898] PARTIALLY_FILLED 0.24 @ 44.47400
2025-09-27 15:53:59.533 - INFO - [ASTER_HYPE] [CLOSE] [34884898] PARTIALLY_FILLED 1.37 @ 44.47400
2025-09-27 15:53:59.533 - INFO - [ASTER_HYPE] [CLOSE] [34884898] FILLED 2 @ 44.47400
2025-09-27 15:54:01.923 - INFO - [ASTER_HYPE] [OPEN] [34887853] OPEN 2 @ 44.45600
2025-09-27 15:54:03.113 - INFO - [ASTER_HYPE] [OPEN] [34887853] FILLED 2 @ 44.45600
2025-09-27 15:54:03.777 - INFO - [ASTER_HYPE] [CLOSE] [34888076] OPEN 2 @ 44.47400
2025-09-27 15:54:37.358 - INFO - [ASTER_HYPE] Current Position: 12.00 | Active closing amount: 12 | Order quantity: 6
2025-09-27 15:55:38.021 - INFO - [ASTER_HYPE] Current Position: 12.00 | Active closing amount: 12 | Order quantity: 6
2025-09-27 15:56:12.417 - INFO - [ASTER_HYPE] [CLOSE] [34888076] PARTIALLY_FILLED 0.16 @ 44.47400
2025-09-27 15:56:27.857 - INFO - [ASTER_HYPE] [CLOSE] [34888076] FILLED 2 @ 44.47400
2025-09-27 15:56:39.133 - INFO - [ASTER_HYPE] Current Position: 10.00 | Active closing amount: 10 | Order quantity: 5
2025-09-27 15:57:39.622 - INFO - [ASTER_HYPE] Current Position: 10.00 | Active closing amount: 10 | Order quantity: 5
2025-09-27 15:58:40.805 - INFO - [ASTER_HYPE] Current Position: 10.00 | Active closing amount: 10 | Order quantity: 5
2025-09-27 15:59:41.440 - INFO - [ASTER_HYPE] Current Position: 10.00 | Active closing amount: 10 | Order quantity: 5
2025-09-27 16:00:42.357 - INFO - [ASTER_HYPE] Current Position: 10.00 | Active closing amount: 10 | Order quantity: 5
2025-09-27 16:01:43.681 - INFO - [ASTER_HYPE] Current Position: 10.00 | Active closing amount: 10 | Order quantity: 5
2025-09-27 16:01:57.827 - INFO - [ASTER_HYPE] [CLOSE] [34865851] FILLED 2 @ 44.57000
2025-09-27 16:02:20.672 - INFO - [ASTER_HYPE] [OPEN] [34924133] OPEN 2 @ 44.54700
2025-09-27 16:02:26.915 - INFO - [ASTER_HYPE] [OPEN] [34924133] FILLED 2 @ 44.54700
2025-09-27 16:02:27.330 - INFO - [ASTER_HYPE] [CLOSE] [34924640] OPEN 2 @ 44.56500
2025-09-27 16:02:44.838 - INFO - [ASTER_HYPE] Current Position: 10.00 | Active closing amount: 10 | Order quantity: 5
2025-09-27 16:03:31.009 - INFO - [ASTER_HYPE] [CLOSE] [34924640] FILLED 2 @ 44.56500
2025-09-27 16:03:36.131 - INFO - [ASTER_HYPE] [OPEN] [34929938] OPEN 2 @ 44.55000
2025-09-27 16:03:40.873 - INFO - [ASTER_HYPE] [OPEN] [34929938] FILLED 2 @ 44.55000
2025-09-27 16:03:41.297 - INFO - [ASTER_HYPE] [CLOSE] [34930406] OPEN 2 @ 44.56800
2025-09-27 16:03:46.296 - INFO - [ASTER_HYPE] Current Position: 10.00 | Active closing amount: 10 | Order quantity: 5
2025-09-27 16:04:10.776 - INFO - [ASTER_HYPE] [CLOSE] [34930406] FILLED 2 @ 44.56800
2025-09-27 16:04:15.724 - INFO - [ASTER_HYPE] [OPEN] [34933067] OPEN 2 @ 44.55500
2025-09-27 16:04:18.650 - INFO - [ASTER_HYPE] [OPEN] [34933067] FILLED 2 @ 44.55500
2025-09-27 16:04:19.025 - INFO - [ASTER_HYPE] [CLOSE] [34933312] OPEN 2 @ 44.57300
2025-09-27 16:04:46.930 - INFO - [ASTER_HYPE] Current Position: 10.00 | Active closing amount: 10 | Order quantity: 5
2025-09-27 16:05:47.472 - INFO - [ASTER_HYPE] Current Position: 10.00 | Active closing amount: 10 | Order quantity: 5
2025-09-27 16:06:04.959 - INFO - [ASTER_HYPE] [OPEN] [34942398] OPEN 2 @ 44.45000
2025-09-27 16:06:05.667 - INFO - [ASTER_HYPE] [OPEN] [34942398] FILLED 2 @ 44.45000
2025-09-27 16:06:06.426 - INFO - [ASTER_HYPE] [CLOSE] [34942557] OPEN 2 @ 44.46800
2025-09-27 16:06:18.917 - INFO - [ASTER_HYPE] [CLOSE] [34942557] PARTIALLY_FILLED 1.19 @ 44.46800
2025-09-27 16:06:18.923 - INFO - [ASTER_HYPE] [CLOSE] [34942557] FILLED 2 @ 44.46800
2025-09-27 16:06:19.625 - INFO - [ASTER_HYPE] [OPEN] [34943731] OPEN 2 @ 44.45200
2025-09-27 16:06:31.645 - INFO - [ASTER_HYPE] [OPEN] [34943731] Cancelling order and placing a new order
2025-09-27 16:06:32.015 - INFO - [ASTER_HYPE] [OPEN] [34943731] CANCELED 2 @ 44.45200
2025-09-27 16:06:32.769 - INFO - [ASTER_HYPE] [OPEN] [34944830] OPEN 2 @ 44.44100
2025-09-27 16:06:44.994 - INFO - [ASTER_HYPE] [OPEN] [34944830] Cancelling order and placing a new order
2025-09-27 16:06:45.217 - INFO - [ASTER_HYPE] [OPEN] [34944830] CANCELED 2 @ 44.44100
2025-09-27 16:06:48.143 - INFO - [ASTER_HYPE] Current Position: 10.00 | Active closing amount: 10 | Order quantity: 5
2025-09-27 16:07:19.610 - INFO - [ASTER_HYPE] [OPEN] [34948375] OPEN 2 @ 44.46200
2025-09-27 16:07:19.610 - INFO - [ASTER_HYPE] [OPEN] [34948375] EXPIRED 2 @ 44.46200
2025-09-27 16:07:20.119 - INFO - [ASTER_HYPE] [OPEN] [34948405] OPEN 2 @ 44.46200
2025-09-27 16:07:20.119 - INFO - [ASTER_HYPE] [OPEN] [34948405] EXPIRED 2 @ 44.46200
2025-09-27 16:07:20.599 - INFO - [ASTER_HYPE] [OPEN] [34948439] OPEN 2 @ 44.45300
2025-09-27 16:07:32.722 - INFO - [ASTER_HYPE] [OPEN] [34948439] Cancelling order and placing a new order
2025-09-27 16:07:32.880 - INFO - [ASTER_HYPE] [OPEN] [34948439] CANCELED 2 @ 44.45300
2025-09-27 16:07:33.727 - INFO - [ASTER_HYPE] [OPEN] [34949313] OPEN 2 @ 44.46800
2025-09-27 16:07:33.727 - INFO - [ASTER_HYPE] [OPEN] [34949313] EXPIRED 2 @ 44.46800
2025-09-27 16:07:34.590 - INFO - [ASTER_HYPE] [OPEN] [34949382] OPEN 2 @ 44.46200
2025-09-27 16:07:36.873 - INFO - [ASTER_HYPE] [OPEN] [34949382] FILLED 2 @ 44.46200
2025-09-27 16:07:37.306 - INFO - [ASTER_HYPE] [CLOSE] [34949617] OPEN 2 @ 44.48000
2025-09-27 16:07:49.172 - INFO - [ASTER_HYPE] Current Position: 12.00 | Active closing amount: 12 | Order quantity: 6
2025-09-27 16:08:50.658 - INFO - [ASTER_HYPE] Current Position: 12.00 | Active closing amount: 12 | Order quantity: 6
2025-09-27 16:08:52.102 - INFO - [ASTER_HYPE] [CLOSE] [34949617] FILLED 2 @ 44.48000
2025-09-27 16:09:06.644 - INFO - [ASTER_HYPE] [OPEN] [34957694] OPEN 2 @ 44.46200
2025-09-27 16:09:07.259 - INFO - [ASTER_HYPE] [OPEN] [34957694] FILLED 2 @ 44.46200
2025-09-27 16:09:07.816 - INFO - [ASTER_HYPE] [CLOSE] [34957880] OPEN 2 @ 44.48000
2025-09-27 16:09:52.035 - INFO - [ASTER_HYPE] Current Position: 12.00 | Active closing amount: 12 | Order quantity: 6
2025-09-27 16:10:05.571 - INFO - [ASTER_HYPE] [OPEN] [34962517] OPEN 2 @ 44.35400
2025-09-27 16:10:05.571 - INFO - [ASTER_HYPE] [OPEN] [34962517] EXPIRED 2 @ 44.35400
2025-09-27 16:10:06.017 - INFO - [ASTER_HYPE] [OPEN] [34962585] OPEN 2 @ 44.32700
2025-09-27 16:10:06.112 - INFO - [ASTER_HYPE] [OPEN] [34962585] FILLED 2 @ 44.32700
2025-09-27 16:10:06.933 - INFO - [ASTER_HYPE] [CLOSE] [34962752] OPEN 2 @ 44.35500
2025-09-27 16:10:06.934 - INFO - [ASTER_HYPE] [CLOSE] [34962752] EXPIRED 2 @ 44.35500
2025-09-27 16:10:07.460 - INFO - [ASTER_HYPE] [CLOSE] [34962812] OPEN 2 @ 44.36200
2025-09-27 16:10:07.548 - INFO - [ASTER_HYPE] [CLOSE] [34962812] FILLED 2 @ 44.36200
2025-09-27 16:10:08.275 - INFO - [ASTER_HYPE] [OPEN] [34962922] OPEN 2 @ 44.37100
2025-09-27 16:10:10.064 - INFO - [ASTER_HYPE] [OPEN] [34962922] FILLED 2 @ 44.37100
2025-09-27 16:10:10.581 - INFO - [ASTER_HYPE] [CLOSE] [34963187] OPEN 2 @ 44.38900
2025-09-27 16:10:52.705 - INFO - [ASTER_HYPE] Current Position: 14.00 | Active closing amount: 14 | Order quantity: 7
2025-09-27 16:11:37.309 - INFO - [ASTER_HYPE] [CLOSE] [34963187] FILLED 2 @ 44.38900
2025-09-27 16:11:53.993 - INFO - [ASTER_HYPE] Current Position: 12.00 | Active closing amount: 12 | Order quantity: 6
2025-09-27 16:11:59.374 - INFO - [ASTER_HYPE] [OPEN] [34973413] OPEN 2 @ 44.36400
2025-09-27 16:12:03.041 - INFO - [ASTER_HYPE] [OPEN] [34973413] FILLED 2 @ 44.36400
2025-09-27 16:12:03.474 - INFO - [ASTER_HYPE] [CLOSE] [34973767] OPEN 2 @ 44.38200
2025-09-27 16:12:54.994 - INFO - [ASTER_HYPE] Current Position: 14.00 | Active closing amount: 14 | Order quantity: 7
2025-09-27 16:13:56.350 - INFO - [ASTER_HYPE] Current Position: 14.00 | Active closing amount: 14 | Order quantity: 7
2025-09-27 16:14:57.822 - INFO - [ASTER_HYPE] Current Position: 14.00 | Active closing amount: 14 | Order quantity: 7
2025-09-27 16:15:20.103 - INFO - [ASTER_HYPE] [CLOSE] [34973767] PARTIALLY_FILLED 0.61 @ 44.38200
2025-09-27 16:15:20.103 - INFO - [ASTER_HYPE] [CLOSE] [34973767] PARTIALLY_FILLED 1.95 @ 44.38200
2025-09-27 16:15:20.103 - INFO - [ASTER_HYPE] [CLOSE] [34973767] FILLED 2 @ 44.38200
2025-09-27 16:15:58.508 - INFO - [ASTER_HYPE] Current Position: 12.00 | Active closing amount: 12 | Order quantity: 6
2025-09-27 16:16:22.478 - INFO - [ASTER_HYPE] [OPEN] [34994215] OPEN 2 @ 44.37200
2025-09-27 16:16:22.768 - INFO - [ASTER_HYPE] [OPEN] [34994215] PARTIALLY_FILLED 0.23 @ 44.37200
2025-09-27 16:16:22.929 - INFO - [ASTER_HYPE] [OPEN] [34994215] FILLED 2 @ 44.37200
2025-09-27 16:16:23.299 - INFO - [ASTER_HYPE] [CLOSE] [34994293] OPEN 2 @ 44.39000
2025-09-27 16:16:44.566 - INFO - [ASTER_HYPE] [CLOSE] [34994293] PARTIALLY_FILLED 1.81 @ 44.39000
2025-09-27 16:16:59.178 - INFO - [ASTER_HYPE] Current Position: 12.19 | Active closing amount: 12.19 | Order quantity: 7
2025-09-27 16:17:17.047 - INFO - [ASTER_HYPE] [CLOSE] [34994293] FILLED 2 @ 44.39000
2025-09-27 16:17:59.817 - INFO - [ASTER_HYPE] Current Position: 12.00 | Active closing amount: 12 | Order quantity: 6
2025-09-27 16:18:58.381 - INFO - [ASTER_HYPE] [CLOSE] [34957880] FILLED 2 @ 44.48000
2025-09-27 16:19:00.568 - INFO - [ASTER_HYPE] Current Position: 10.00 | Active closing amount: 10 | Order quantity: 5
2025-09-27 16:19:11.146 - INFO - [ASTER_HYPE] [OPEN] [35007272] OPEN 2 @ 44.45400
2025-09-27 16:19:23.452 - INFO - [ASTER_HYPE] [OPEN] [35007272] Cancelling order and placing a new order
2025-09-27 16:19:23.785 - INFO - [ASTER_HYPE] [OPEN] [35007272] CANCELED 2 @ 44.45400
2025-09-27 16:19:24.421 - INFO - [ASTER_HYPE] [OPEN] [35008147] OPEN 2 @ 44.45400
2025-09-27 16:19:36.532 - INFO - [ASTER_HYPE] [OPEN] [35008147] Cancelling order and placing a new order
2025-09-27 16:19:36.671 - INFO - [ASTER_HYPE] [OPEN] [35008147] CANCELED 2 @ 44.45400
2025-09-27 16:19:42.335 - INFO - [ASTER_HYPE] [OPEN] [35009456] OPEN 2 @ 44.45800
2025-09-27 16:19:42.494 - INFO - [ASTER_HYPE] [OPEN] [35009456] FILLED 2 @ 44.45800
2025-09-27 16:19:43.036 - INFO - [ASTER_HYPE] [CLOSE] [35009519] OPEN 2 @ 44.47600
2025-09-27 16:20:01.854 - INFO - [ASTER_HYPE] Current Position: 12.00 | Active closing amount: 12 | Order quantity: 6
2025-09-27 16:20:42.758 - INFO - [ASTER_HYPE] [OPEN] [35014321] OPEN 2 @ 44.36000
2025-09-27 16:20:55.009 - INFO - [ASTER_HYPE] [OPEN] [35014321] Cancelling order and placing a new order
2025-09-27 16:20:55.136 - INFO - [ASTER_HYPE] [OPEN] [35014321] CANCELED 2 @ 44.36000
2025-09-27 16:21:02.179 - INFO - [ASTER_HYPE] Current Position: 12.00 | Active closing amount: 12 | Order quantity: 6
2025-09-27 16:21:10.402 - INFO - [ASTER_HYPE] [OPEN] [35016645] OPEN 2 @ 44.36000
2025-09-27 16:21:16.316 - INFO - [ASTER_HYPE] [OPEN] [35016645] PARTIALLY_FILLED 0.93 @ 44.36000
2025-09-27 16:21:16.955 - INFO - [ASTER_HYPE] [OPEN] [35016645] FILLED 2 @ 44.36000
2025-09-27 16:21:17.348 - INFO - [ASTER_HYPE] [CLOSE] [35017237] OPEN 2 @ 44.37800
2025-09-27 16:21:53.761 - INFO - [ASTER_HYPE] [CLOSE] [35017237] FILLED 2 @ 44.37800
2025-09-27 16:22:02.539 - INFO - [ASTER_HYPE] Current Position: 12.00 | Active closing amount: 12 | Order quantity: 6
2025-09-27 16:22:12.049 - INFO - [ASTER_HYPE] [OPEN] [35021373] OPEN 2 @ 44.36700
2025-09-27 16:22:24.350 - INFO - [ASTER_HYPE] [OPEN] [35021373] Cancelling order and placing a new order
2025-09-27 16:22:24.573 - INFO - [ASTER_HYPE] [OPEN] [35021373] CANCELED 2 @ 44.36700
2025-09-27 16:23:02.935 - INFO - [ASTER_HYPE] Current Position: 12.00 | Active closing amount: 12 | Order quantity: 6
2025-09-27 16:24:03.608 - INFO - [ASTER_HYPE] Current Position: 12.00 | Active closing amount: 12 | Order quantity: 6
2025-09-27 16:25:04.688 - INFO - [ASTER_HYPE] Current Position: 12.00 | Active closing amount: 12 | Order quantity: 6
2025-09-27 16:26:05.161 - INFO - [ASTER_HYPE] Current Position: 12.00 | Active closing amount: 12 | Order quantity: 6
2025-09-27 16:27:06.502 - INFO - [ASTER_HYPE] Current Position: 12.00 | Active closing amount: 12 | Order quantity: 6
2025-09-27 16:27:49.394 - INFO - [ASTER_HYPE] [OPEN] [35045138] OPEN 2 @ 44.36800
2025-09-27 16:28:01.529 - INFO - [ASTER_HYPE] [OPEN] [35045138] Cancelling order and placing a new order
2025-09-27 16:28:01.656 - INFO - [ASTER_HYPE] [OPEN] [35045138] CANCELED 2 @ 44.36800
2025-09-27 16:28:07.383 - INFO - [ASTER_HYPE] Current Position: 12.00 | Active closing amount: 12 | Order quantity: 6
2025-09-27 16:28:14.345 - INFO - [ASTER_HYPE] [OPEN] [35046934] OPEN 2 @ 44.36400
2025-09-27 16:28:15.466 - INFO - [ASTER_HYPE] [OPEN] [35046934] FILLED 2 @ 44.36400
2025-09-27 16:28:15.910 - INFO - [ASTER_HYPE] [CLOSE] [35047070] OPEN 2 @ 44.38200
2025-09-27 16:28:35.673 - INFO - [ASTER_HYPE] [CLOSE] [35047070] FILLED 2 @ 44.38200
2025-09-27 16:29:08.112 - INFO - [ASTER_HYPE] Current Position: 12.00 | Active closing amount: 12 | Order quantity: 6
2025-09-27 16:29:18.938 - INFO - [ASTER_HYPE] [OPEN] [35052236] OPEN 2 @ 44.36200
2025-09-27 16:29:31.016 - INFO - [ASTER_HYPE] [OPEN] [35052236] Cancelling order and placing a new order
2025-09-27 16:29:31.255 - INFO - [ASTER_HYPE] [OPEN] [35052236] CANCELED 2 @ 44.36200
2025-09-27 16:29:31.835 - INFO - [ASTER_HYPE] [OPEN] [35053228] OPEN 2 @ 44.36700
2025-09-27 16:29:44.013 - INFO - [ASTER_HYPE] [OPEN] [35053228] Cancelling order and placing a new order
2025-09-27 16:29:44.029 - INFO - [ASTER_HYPE] [OPEN] [35053228] PARTIALLY_FILLED 1.87 @ 44.36700
2025-09-27 16:29:44.140 - INFO - [ASTER_HYPE] [OPEN] [35053228] CANCELED 2 @ 44.36700
2025-09-27 16:29:44.536 - INFO - [ASTER_HYPE] [CLOSE] [35054037] OPEN 1.87 @ 44.38500
2025-09-27 16:29:46.094 - INFO - [ASTER_HYPE] [CLOSE] [35054037] FILLED 1.87 @ 44.38500
2025-09-27 16:30:09.117 - INFO - [ASTER_HYPE] Current Position: 12.00 | Active closing amount: 12 | Order quantity: 6
2025-09-27 16:30:17.760 - INFO - [ASTER_HYPE] [OPEN] [35056599] OPEN 2 @ 44.35000
2025-09-27 16:30:29.802 - INFO - [ASTER_HYPE] [OPEN] [35056599] Cancelling order and placing a new order
2025-09-27 16:30:29.930 - INFO - [ASTER_HYPE] [OPEN] [35056599] CANCELED 2 @ 44.35000
2025-09-27 16:30:30.469 - INFO - [ASTER_HYPE] [OPEN] [35057458] OPEN 2 @ 44.35000
2025-09-27 16:30:38.688 - INFO - [ASTER_HYPE] [OPEN] [35057458] FILLED 2 @ 44.35000
2025-09-27 16:30:39.021 - INFO - [ASTER_HYPE] [CLOSE] [35058046] OPEN 2 @ 44.36800
2025-09-27 16:31:10.559 - INFO - [ASTER_HYPE] Current Position: 14.00 | Active closing amount: 14 | Order quantity: 7
2025-09-27 16:31:40.358 - INFO - [ASTER_HYPE] [OPEN] [35063277] OPEN 2 @ 44.18700
2025-09-27 16:31:44.199 - INFO - [ASTER_HYPE] [OPEN] [35063277] FILLED 2 @ 44.18700
2025-09-27 16:31:44.529 - INFO - [ASTER_HYPE] [CLOSE] [35063747] OPEN 2 @ 44.20500
2025-09-27 16:32:11.459 - INFO - [ASTER_HYPE] Current Position: 16.00 | Active closing amount: 16 | Order quantity: 8
2025-09-27 16:32:56.136 - INFO - [ASTER_HYPE] [OPEN] [35069956] OPEN 2 @ 44.09500
2025-09-27 16:32:56.136 - INFO - [ASTER_HYPE] [OPEN] [35069956] EXPIRED 2 @ 44.09500
2025-09-27 16:32:56.601 - INFO - [ASTER_HYPE] [OPEN] [35070003] OPEN 2 @ 44.09300
2025-09-27 16:32:56.601 - INFO - [ASTER_HYPE] [OPEN] [35070003] EXPIRED 2 @ 44.09300
2025-09-27 16:32:57.109 - INFO - [ASTER_HYPE] [OPEN] [35070041] OPEN 2 @ 44.08900
2025-09-27 16:33:00.603 - INFO - [ASTER_HYPE] [OPEN] [35070041] FILLED 2 @ 44.08900
2025-09-27 16:33:00.968 - INFO - [ASTER_HYPE] [CLOSE] [35070396] OPEN 2 @ 44.10700
2025-09-27 16:33:02.915 - INFO - [ASTER_HYPE] [CLOSE] [35070396] PARTIALLY_FILLED 0.66 @ 44.10700
2025-09-27 16:33:02.966 - INFO - [ASTER_HYPE] [CLOSE] [35070396] FILLED 2 @ 44.10700
2025-09-27 16:33:12.225 - INFO - [ASTER_HYPE] Current Position: 16.00 | Active closing amount: 16 | Order quantity: 8
2025-09-27 16:34:01.415 - INFO - [ASTER_HYPE] [OPEN] [35076283] OPEN 2 @ 44.06000
2025-09-27 16:34:01.415 - INFO - [ASTER_HYPE] [OPEN] [35076283] EXPIRED 2 @ 44.06000
2025-09-27 16:34:01.892 - INFO - [ASTER_HYPE] [OPEN] [35076320] OPEN 2 @ 44.04200
2025-09-27 16:34:02.398 - INFO - [ASTER_HYPE] [OPEN] [35076320] FILLED 2 @ 44.04200
2025-09-27 16:34:02.953 - INFO - [ASTER_HYPE] [CLOSE] [35076439] OPEN 2 @ 44.06000
2025-09-27 16:34:13.335 - INFO - [ASTER_HYPE] Current Position: 18.00 | Active closing amount: 18 | Order quantity: 9
2025-09-27 16:34:34.752 - INFO - [ASTER_HYPE] [CLOSE] [35076439] PARTIALLY_FILLED 0.86 @ 44.06000
2025-09-27 16:34:34.752 - INFO - [ASTER_HYPE] [CLOSE] [35076439] FILLED 2 @ 44.06000
2025-09-27 16:34:36.080 - INFO - [ASTER_HYPE] [OPEN] [35078966] OPEN 2 @ 44.08300
2025-09-27 16:34:36.651 - INFO - [ASTER_HYPE] [OPEN] [35078966] PARTIALLY_FILLED 0.64 @ 44.08300
2025-09-27 16:34:36.715 - INFO - [ASTER_HYPE] [OPEN] [35078966] FILLED 2 @ 44.08300
2025-09-27 16:34:37.129 - INFO - [ASTER_HYPE] [CLOSE] [35079124] OPEN 2 @ 44.10100
2025-09-27 16:34:45.709 - INFO - [ASTER_HYPE] [CLOSE] [35079124] FILLED 2 @ 44.10100
2025-09-27 16:34:46.551 - INFO - [ASTER_HYPE] [OPEN] [35079864] OPEN 2 @ 44.09100
2025-09-27 16:34:58.664 - INFO - [ASTER_HYPE] [OPEN] [35079864] Cancelling order and placing a new order
2025-09-27 16:34:58.822 - INFO - [ASTER_HYPE] [OPEN] [35079864] CANCELED 2 @ 44.09100
2025-09-27 16:34:59.282 - INFO - [ASTER_HYPE] [OPEN] [35080881] OPEN 2 @ 44.09100
2025-09-27 16:34:59.727 - INFO - [ASTER_HYPE] [OPEN] [35080881] FILLED 2 @ 44.09100
2025-09-27 16:35:00.350 - INFO - [ASTER_HYPE] [CLOSE] [35080979] OPEN 2 @ 44.10900
2025-09-27 16:35:13.678 - INFO - [ASTER_HYPE] Current Position: 18.00 | Active closing amount: 18 | Order quantity: 9
2025-09-27 16:36:14.578 - INFO - [ASTER_HYPE] Current Position: 18.00 | Active closing amount: 18 | Order quantity: 9
2025-09-27 16:37:15.488 - INFO - [ASTER_HYPE] Current Position: 18.00 | Active closing amount: 18 | Order quantity: 9
2025-09-27 16:37:46.747 - INFO - [ASTER_HYPE] [OPEN] [35093003] OPEN 2 @ 44.00100
2025-09-27 16:37:58.769 - INFO - [ASTER_HYPE] [OPEN] [35093003] Cancelling order and placing a new order
2025-09-27 16:37:58.999 - INFO - [ASTER_HYPE] [OPEN] [35093003] CANCELED 2 @ 44.00100
2025-09-27 16:38:15.827 - INFO - [ASTER_HYPE] Current Position: 18.00 | Active closing amount: 18 | Order quantity: 9
2025-09-27 16:38:37.929 - INFO - [ASTER_HYPE] [OPEN] [35096422] OPEN 2 @ 44
2025-09-27 16:38:50.062 - INFO - [ASTER_HYPE] [OPEN] [35096422] Cancelling order and placing a new order
2025-09-27 16:38:50.320 - INFO - [ASTER_HYPE] [OPEN] [35096422] CANCELED 2 @ 44
2025-09-27 16:38:50.919 - INFO - [ASTER_HYPE] [OPEN] [35097252] OPEN 2 @ 44
2025-09-27 16:38:55.383 - INFO - [ASTER_HYPE] [OPEN] [35097252] FILLED 2 @ 44
2025-09-27 16:38:55.796 - INFO - [ASTER_HYPE] [CLOSE] [35097566] OPEN 2 @ 44.01800
2025-09-27 16:38:56.367 - INFO - [ASTER_HYPE] [CLOSE] [35097566] PARTIALLY_FILLED 0.95 @ 44.01800
2025-09-27 16:38:56.367 - INFO - [ASTER_HYPE] [CLOSE] [35097566] FILLED 2 @ 44.01800
2025-09-27 16:39:16.833 - INFO - [ASTER_HYPE] Current Position: 18.00 | Active closing amount: 18 | Order quantity: 9
2025-09-27 16:39:56.860 - INFO - [ASTER_HYPE] [OPEN] [35102309] OPEN 2 @ 43.96600
2025-09-27 16:40:09.047 - INFO - [ASTER_HYPE] [OPEN] [35102309] Cancelling order and placing a new order
2025-09-27 16:40:09.238 - INFO - [ASTER_HYPE] [OPEN] [35102309] CANCELED 2 @ 43.96600
2025-09-27 16:40:09.714 - INFO - [ASTER_HYPE] [OPEN] [35103482] OPEN 2 @ 43.98300
2025-09-27 16:40:12.919 - INFO - [ASTER_HYPE] [OPEN] [35103482] FILLED 2 @ 43.98300
2025-09-27 16:40:13.364 - INFO - [ASTER_HYPE] [CLOSE] [35103735] OPEN 2 @ 44.00100
2025-09-27 16:40:17.964 - INFO - [ASTER_HYPE] Current Position: 20.00 | Active closing amount: 20 | Order quantity: 10
2025-09-27 16:40:50.966 - INFO - [ASTER_HYPE] [CLOSE] [35103735] FILLED 2 @ 44.00100
2025-09-27 16:41:13.802 - INFO - [ASTER_HYPE] [OPEN] [35107815] OPEN 2 @ 43.99500
2025-09-27 16:41:25.845 - INFO - [ASTER_HYPE] [OPEN] [35107815] Cancelling order and placing a new order
2025-09-27 16:41:25.972 - INFO - [ASTER_HYPE] [OPEN] [35107815] CANCELED 2 @ 43.99500
2025-09-27 16:41:26.353 - INFO - [ASTER_HYPE] Current Position: 18.00 | Active closing amount: 18 | Order quantity: 9
2025-09-27 16:41:26.746 - INFO - [ASTER_HYPE] [OPEN] [35108594] OPEN 2 @ 44.00200
2025-09-27 16:41:38.882 - INFO - [ASTER_HYPE] [OPEN] [35108594] Cancelling order and placing a new order
2025-09-27 16:41:39.199 - INFO - [ASTER_HYPE] [OPEN] [35108594] CANCELED 2 @ 44.00200
2025-09-27 16:41:56.144 - INFO - [ASTER_HYPE] [OPEN] [35110568] OPEN 2 @ 43.98600
2025-09-27 16:42:05.390 - INFO - [ASTER_HYPE] [OPEN] [35110568] FILLED 2 @ 43.98600
2025-09-27 16:42:05.803 - INFO - [ASTER_HYPE] [CLOSE] [35111235] OPEN 2 @ 44.00400
2025-09-27 16:42:27.655 - INFO - [ASTER_HYPE] Current Position: 20.00 | Active closing amount: 20 | Order quantity: 10
2025-09-27 16:43:20.909 - WARNING - [ASTER_HYPE] WebSocket connection closed
2025-09-27 16:43:34.143 - ERROR - [ASTER_HYPE] Failed to place order: Invalid bid/ask prices
2025-09-27 16:44:33.589 - INFO - [ASTER_HYPE] Current Position: None | Active closing amount: 0 | Order quantity: 0
2025-09-27 16:44:33.589 - ERROR - [ASTER_HYPE] Error in periodic status check: unsupported operand type(s) for -: 'NoneType' and 'int'
2025-09-27 16:44:33.589 - ERROR - [ASTER_HYPE] Traceback: Traceback (most recent call last):
  File "C:\Users\user\PyCharmMiscProject\predex\trading_bot.py", line 343, in _log_status_periodically
    if abs(position_amt - active_close_amount) > (2 * self.config.quantity):
           ~~~~~~~~~~~~~^~~~~~~~~~~~~~~~~~~~~
TypeError: unsupported operand type(s) for -: 'NoneType' and 'int'

2025-09-27 16:44:48.623 - ERROR - [ASTER_HYPE] Failed to place order: Invalid bid/ask prices
2025-09-27 16:45:18.691 - ERROR - [ASTER_HYPE] Failed to place order: Invalid bid/ask prices
2025-09-27 16:46:03.799 - INFO - [ASTER_HYPE] Current Position: None | Active closing amount: 0 | Order quantity: 0
2025-09-27 16:46:03.799 - ERROR - [ASTER_HYPE] Error in periodic status check: unsupported operand type(s) for -: 'NoneType' and 'int'
2025-09-27 16:46:03.799 - ERROR - [ASTER_HYPE] Traceback: Traceback (most recent call last):
  File "C:\Users\user\PyCharmMiscProject\predex\trading_bot.py", line 343, in _log_status_periodically
    if abs(position_amt - active_close_amount) > (2 * self.config.quantity):
           ~~~~~~~~~~~~~^~~~~~~~~~~~~~~~~~~~~
TypeError: unsupported operand type(s) for -: 'NoneType' and 'int'

2025-09-27 16:46:18.814 - ERROR - [ASTER_HYPE] Failed to place order: Invalid bid/ask prices
2025-09-27 16:46:48.875 - ERROR - [ASTER_HYPE] Failed to place order: Invalid bid/ask prices
2025-09-27 16:47:33.981 - INFO - [ASTER_HYPE] Current Position: None | Active closing amount: 0 | Order quantity: 0
2025-09-27 16:47:33.981 - ERROR - [ASTER_HYPE] Error in periodic status check: unsupported operand type(s) for -: 'NoneType' and 'int'
2025-09-27 16:47:33.981 - ERROR - [ASTER_HYPE] Traceback: Traceback (most recent call last):
  File "C:\Users\user\PyCharmMiscProject\predex\trading_bot.py", line 343, in _log_status_periodically
    if abs(position_amt - active_close_amount) > (2 * self.config.quantity):
           ~~~~~~~~~~~~~^~~~~~~~~~~~~~~~~~~~~
TypeError: unsupported operand type(s) for -: 'NoneType' and 'int'

2025-09-27 16:47:49.018 - ERROR - [ASTER_HYPE] Failed to place order: Invalid bid/ask prices
2025-09-27 16:48:19.087 - ERROR - [ASTER_HYPE] Failed to place order: Invalid bid/ask prices
2025-09-27 16:49:04.193 - INFO - [ASTER_HYPE] Current Position: None | Active closing amount: 0 | Order quantity: 0
2025-09-27 16:49:04.193 - ERROR - [ASTER_HYPE] Error in periodic status check: unsupported operand type(s) for -: 'NoneType' and 'int'
2025-09-27 16:49:04.193 - ERROR - [ASTER_HYPE] Traceback: Traceback (most recent call last):
  File "C:\Users\user\PyCharmMiscProject\predex\trading_bot.py", line 343, in _log_status_periodically
    if abs(position_amt - active_close_amount) > (2 * self.config.quantity):
           ~~~~~~~~~~~~~^~~~~~~~~~~~~~~~~~~~~
TypeError: unsupported operand type(s) for -: 'NoneType' and 'int'

2025-09-27 16:49:19.220 - ERROR - [ASTER_HYPE] Failed to place order: Invalid bid/ask prices
2025-09-27 16:49:49.292 - ERROR - [ASTER_HYPE] Failed to place order: Invalid bid/ask prices
2025-09-27 16:50:34.389 - INFO - [ASTER_HYPE] Current Position: None | Active closing amount: 0 | Order quantity: 0
2025-09-27 16:50:34.389 - ERROR - [ASTER_HYPE] Error in periodic status check: unsupported operand type(s) for -: 'NoneType' and 'int'
2025-09-27 16:50:34.389 - ERROR - [ASTER_HYPE] Traceback: Traceback (most recent call last):
  File "C:\Users\user\PyCharmMiscProject\predex\trading_bot.py", line 343, in _log_status_periodically
    if abs(position_amt - active_close_amount) > (2 * self.config.quantity):
           ~~~~~~~~~~~~~^~~~~~~~~~~~~~~~~~~~~
TypeError: unsupported operand type(s) for -: 'NoneType' and 'int'

2025-09-27 16:50:49.430 - ERROR - [ASTER_HYPE] Failed to place order: Invalid bid/ask prices
2025-09-27 16:51:19.479 - ERROR - [ASTER_HYPE] Failed to place order: Invalid bid/ask prices
2025-09-27 16:52:04.597 - INFO - [ASTER_HYPE] Current Position: None | Active closing amount: 0 | Order quantity: 0
2025-09-27 16:52:04.597 - ERROR - [ASTER_HYPE] Error in periodic status check: unsupported operand type(s) for -: 'NoneType' and 'int'
2025-09-27 16:52:04.597 - ERROR - [ASTER_HYPE] Traceback: Traceback (most recent call last):
  File "C:\Users\user\PyCharmMiscProject\predex\trading_bot.py", line 343, in _log_status_periodically
    if abs(position_amt - active_close_amount) > (2 * self.config.quantity):
           ~~~~~~~~~~~~~^~~~~~~~~~~~~~~~~~~~~
TypeError: unsupported operand type(s) for -: 'NoneType' and 'int'

2025-09-27 16:52:19.632 - ERROR - [ASTER_HYPE] Failed to place order: Invalid bid/ask prices
2025-09-27 16:52:49.672 - ERROR - [ASTER_HYPE] Failed to place order: Invalid bid/ask prices
2025-09-27 16:53:34.776 - INFO - [ASTER_HYPE] Current Position: None | Active closing amount: 0 | Order quantity: 0
2025-09-27 16:53:34.776 - ERROR - [ASTER_HYPE] Error in periodic status check: unsupported operand type(s) for -: 'NoneType' and 'int'
2025-09-27 16:53:34.776 - ERROR - [ASTER_HYPE] Traceback: Traceback (most recent call last):
  File "C:\Users\user\PyCharmMiscProject\predex\trading_bot.py", line 343, in _log_status_periodically
    if abs(position_amt - active_close_amount) > (2 * self.config.quantity):
           ~~~~~~~~~~~~~^~~~~~~~~~~~~~~~~~~~~
TypeError: unsupported operand type(s) for -: 'NoneType' and 'int'

2025-09-27 16:53:49.808 - ERROR - [ASTER_HYPE] Failed to place order: Invalid bid/ask prices
2025-09-27 16:54:19.872 - ERROR - [ASTER_HYPE] Failed to place order: Invalid bid/ask prices
2025-09-27 16:54:55.540 - ERROR - [ASTER_HYPE] Error keeping alive listen key: Cannot connect to host fapi.asterdex.com:443 ssl:default [getaddrinfo failed]
2025-09-27 16:54:55.540 - WARNING - [ASTER_HYPE] Listen key keepalive failed, reconnecting...
2025-09-27 16:54:55.540 - ERROR - [ASTER_HYPE] WebSocket connection error: Cannot connect to host fapi.asterdex.com:443 ssl:default [getaddrinfo failed]
2025-09-27 16:54:55.540 - ERROR - [ASTER_HYPE] Reconnection failed: Cannot connect to host fapi.asterdex.com:443 ssl:default [getaddrinfo failed]
2025-09-27 16:55:04.967 - INFO - [ASTER_HYPE] Current Position: None | Active closing amount: 0 | Order quantity: 0
2025-09-27 16:55:04.967 - ERROR - [ASTER_HYPE] Error in periodic status check: unsupported operand type(s) for -: 'NoneType' and 'int'
2025-09-27 16:55:04.967 - ERROR - [ASTER_HYPE] Traceback: Traceback (most recent call last):
  File "C:\Users\user\PyCharmMiscProject\predex\trading_bot.py", line 343, in _log_status_periodically
    if abs(position_amt - active_close_amount) > (2 * self.config.quantity):
           ~~~~~~~~~~~~~^~~~~~~~~~~~~~~~~~~~~
TypeError: unsupported operand type(s) for -: 'NoneType' and 'int'

2025-09-27 16:55:20.001 - ERROR - [ASTER_HYPE] Failed to place order: Invalid bid/ask prices
2025-09-27 16:55:50.069 - ERROR - [ASTER_HYPE] Failed to place order: Invalid bid/ask prices
2025-09-27 16:56:35.139 - INFO - [ASTER_HYPE] Current Position: None | Active closing amount: 0 | Order quantity: 0
2025-09-27 16:56:35.139 - ERROR - [ASTER_HYPE] Error in periodic status check: unsupported operand type(s) for -: 'NoneType' and 'int'
2025-09-27 16:56:35.139 - ERROR - [ASTER_HYPE] Traceback: Traceback (most recent call last):
  File "C:\Users\user\PyCharmMiscProject\predex\trading_bot.py", line 343, in _log_status_periodically
    if abs(position_amt - active_close_amount) > (2 * self.config.quantity):
           ~~~~~~~~~~~~~^~~~~~~~~~~~~~~~~~~~~
TypeError: unsupported operand type(s) for -: 'NoneType' and 'int'

2025-09-27 16:56:50.161 - ERROR - [ASTER_HYPE] Failed to place order: Invalid bid/ask prices
2025-09-27 16:57:20.226 - ERROR - [ASTER_HYPE] Failed to place order: Invalid bid/ask prices
2025-09-27 16:58:05.345 - INFO - [ASTER_HYPE] Current Position: None | Active closing amount: 0 | Order quantity: 0
2025-09-27 16:58:05.345 - ERROR - [ASTER_HYPE] Error in periodic status check: unsupported operand type(s) for -: 'NoneType' and 'int'
2025-09-27 16:58:05.345 - ERROR - [ASTER_HYPE] Traceback: Traceback (most recent call last):
  File "C:\Users\user\PyCharmMiscProject\predex\trading_bot.py", line 343, in _log_status_periodically
    if abs(position_amt - active_close_amount) > (2 * self.config.quantity):
           ~~~~~~~~~~~~~^~~~~~~~~~~~~~~~~~~~~
TypeError: unsupported operand type(s) for -: 'NoneType' and 'int'

2025-09-27 16:58:20.368 - ERROR - [ASTER_HYPE] Failed to place order: Invalid bid/ask prices
2025-09-27 16:58:50.410 - ERROR - [ASTER_HYPE] Failed to place order: Invalid bid/ask prices
2025-09-27 16:59:35.491 - INFO - [ASTER_HYPE] Current Position: None | Active closing amount: 0 | Order quantity: 0
2025-09-27 16:59:35.491 - ERROR - [ASTER_HYPE] Error in periodic status check: unsupported operand type(s) for -: 'NoneType' and 'int'
2025-09-27 16:59:35.491 - ERROR - [ASTER_HYPE] Traceback: Traceback (most recent call last):
  File "C:\Users\user\PyCharmMiscProject\predex\trading_bot.py", line 343, in _log_status_periodically
    if abs(position_amt - active_close_amount) > (2 * self.config.quantity):
           ~~~~~~~~~~~~~^~~~~~~~~~~~~~~~~~~~~
TypeError: unsupported operand type(s) for -: 'NoneType' and 'int'

2025-09-27 16:59:50.521 - ERROR - [ASTER_HYPE] Failed to place order: Invalid bid/ask prices
2025-09-27 17:00:20.580 - ERROR - [ASTER_HYPE] Failed to place order: Invalid bid/ask prices
2025-09-27 17:01:05.646 - INFO - [ASTER_HYPE] Current Position: None | Active closing amount: 0 | Order quantity: 0
2025-09-27 17:01:05.646 - ERROR - [ASTER_HYPE] Error in periodic status check: unsupported operand type(s) for -: 'NoneType' and 'int'
2025-09-27 17:01:05.646 - ERROR - [ASTER_HYPE] Traceback: Traceback (most recent call last):
  File "C:\Users\user\PyCharmMiscProject\predex\trading_bot.py", line 343, in _log_status_periodically
    if abs(position_amt - active_close_amount) > (2 * self.config.quantity):
           ~~~~~~~~~~~~~^~~~~~~~~~~~~~~~~~~~~
TypeError: unsupported operand type(s) for -: 'NoneType' and 'int'

2025-09-27 17:01:20.677 - ERROR - [ASTER_HYPE] Failed to place order: Invalid bid/ask prices
2025-09-27 17:01:50.748 - ERROR - [ASTER_HYPE] Failed to place order: Invalid bid/ask prices
2025-09-27 17:02:35.813 - INFO - [ASTER_HYPE] Current Position: None | Active closing amount: 0 | Order quantity: 0
2025-09-27 17:02:35.813 - ERROR - [ASTER_HYPE] Error in periodic status check: unsupported operand type(s) for -: 'NoneType' and 'int'
2025-09-27 17:02:35.813 - ERROR - [ASTER_HYPE] Traceback: Traceback (most recent call last):
  File "C:\Users\user\PyCharmMiscProject\predex\trading_bot.py", line 343, in _log_status_periodically
    if abs(position_amt - active_close_amount) > (2 * self.config.quantity):
           ~~~~~~~~~~~~~^~~~~~~~~~~~~~~~~~~~~
TypeError: unsupported operand type(s) for -: 'NoneType' and 'int'

2025-09-27 17:02:50.846 - ERROR - [ASTER_HYPE] Failed to place order: Invalid bid/ask prices
2025-09-27 17:03:20.903 - ERROR - [ASTER_HYPE] Failed to place order: Invalid bid/ask prices
2025-09-27 17:04:05.978 - INFO - [ASTER_HYPE] Current Position: None | Active closing amount: 0 | Order quantity: 0
2025-09-27 17:04:05.978 - ERROR - [ASTER_HYPE] Error in periodic status check: unsupported operand type(s) for -: 'NoneType' and 'int'
2025-09-27 17:04:05.978 - ERROR - [ASTER_HYPE] Traceback: Traceback (most recent call last):
  File "C:\Users\user\PyCharmMiscProject\predex\trading_bot.py", line 343, in _log_status_periodically
    if abs(position_amt - active_close_amount) > (2 * self.config.quantity):
           ~~~~~~~~~~~~~^~~~~~~~~~~~~~~~~~~~~
TypeError: unsupported operand type(s) for -: 'NoneType' and 'int'

2025-09-27 17:04:21.017 - ERROR - [ASTER_HYPE] Failed to place order: Invalid bid/ask prices
2025-09-27 17:04:51.082 - ERROR - [ASTER_HYPE] Failed to place order: Invalid bid/ask prices
2025-09-27 17:05:36.173 - INFO - [ASTER_HYPE] Current Position: None | Active closing amount: 0 | Order quantity: 0
2025-09-27 17:05:36.173 - ERROR - [ASTER_HYPE] Error in periodic status check: unsupported operand type(s) for -: 'NoneType' and 'int'
2025-09-27 17:05:36.173 - ERROR - [ASTER_HYPE] Traceback: Traceback (most recent call last):
  File "C:\Users\user\PyCharmMiscProject\predex\trading_bot.py", line 343, in _log_status_periodically
    if abs(position_amt - active_close_amount) > (2 * self.config.quantity):
           ~~~~~~~~~~~~~^~~~~~~~~~~~~~~~~~~~~
TypeError: unsupported operand type(s) for -: 'NoneType' and 'int'

2025-09-27 17:05:51.203 - ERROR - [ASTER_HYPE] Failed to place order: Invalid bid/ask prices
2025-09-27 17:06:21.254 - ERROR - [ASTER_HYPE] Failed to place order: Invalid bid/ask prices
2025-09-27 17:06:36.822 - INFO - [ASTER_HYPE] Current Position: 20.00 | Active closing amount: 20 | Order quantity: 10
2025-09-27 17:07:37.488 - INFO - [ASTER_HYPE] Current Position: 20.00 | Active closing amount: 20 | Order quantity: 10
2025-09-27 17:08:38.615 - INFO - [ASTER_HYPE] Current Position: 20.00 | Active closing amount: 20 | Order quantity: 10
2025-09-27 17:09:04.688 - INFO - [ASTER_HYPE] WebSocket disconnected
2025-09-29 22:38:10.759 - INFO - [ASTER_HYPE] === Trading Configuration ===
2025-09-29 22:38:10.759 - INFO - [ASTER_HYPE] Ticker: HYPE
2025-09-29 22:38:10.759 - INFO - [ASTER_HYPE] Contract ID: HYPEUSDT
2025-09-29 22:38:10.775 - INFO - [ASTER_HYPE] Quantity: 4
2025-09-29 22:38:10.775 - INFO - [ASTER_HYPE] Take Profit: 0.04%
2025-09-29 22:38:10.775 - INFO - [ASTER_HYPE] Direction: buy
2025-09-29 22:38:10.775 - INFO - [ASTER_HYPE] Max Orders: 10
2025-09-29 22:38:10.775 - INFO - [ASTER_HYPE] Wait Time: 30s
2025-09-29 22:38:10.775 - INFO - [ASTER_HYPE] Exchange: aster
2025-09-29 22:38:10.775 - INFO - [ASTER_HYPE] Grid Step: 0.2%
2025-09-29 22:38:10.775 - INFO - [ASTER_HYPE] Stop Price: -1
2025-09-29 22:38:10.775 - INFO - [ASTER_HYPE] Pause Price: -1
2025-09-29 22:38:10.775 - INFO - [ASTER_HYPE] Aster Boost: False
2025-09-29 22:38:10.775 - INFO - [ASTER_HYPE] =============================
2025-09-29 22:38:11.269 - INFO - [ASTER_HYPE] Connected to Aster WebSocket with listen key
2025-09-29 22:38:13.140 - INFO - [ASTER_HYPE] Current Position: 0.00 | Active closing amount: 0 | Order quantity: 0
2025-09-29 22:38:13.379 - INFO - [ASTER_HYPE] [OPEN] [51006849] OPEN 4 @ 47.05700
2025-09-29 22:38:13.737 - INFO - [ASTER_HYPE] [OPEN] [51006849] PARTIALLY_FILLED 0.31 @ 47.05700
2025-09-29 22:38:14.106 - INFO - [ASTER_HYPE] [OPEN] [51006849] FILLED 4 @ 47.05700
2025-09-29 22:38:14.449 - INFO - [ASTER_HYPE] [CLOSE] [51006957] OPEN 4 @ 47.07600
2025-09-29 22:38:20.650 - INFO - [ASTER_HYPE] [CLOSE] [51006957] PARTIALLY_FILLED 1.58 @ 47.07600
2025-09-29 22:38:21.310 - INFO - [ASTER_HYPE] [CLOSE] [51006957] PARTIALLY_FILLED 2.04 @ 47.07600
2025-09-29 22:38:22.536 - INFO - [ASTER_HYPE] [CLOSE] [51006957] FILLED 4 @ 47.07600
2025-09-29 22:38:24.291 - INFO - [ASTER_HYPE] [OPEN] [51008174] OPEN 4 @ 47.08200
2025-09-29 22:38:24.291 - INFO - [ASTER_HYPE] [OPEN] [51008174] EXPIRED 4 @ 47.08200
2025-09-29 22:38:24.951 - INFO - [ASTER_HYPE] [OPEN] [51008284] OPEN 4 @ 47.07300
2025-09-29 22:38:24.951 - INFO - [ASTER_HYPE] [OPEN] [51008284] EXPIRED 4 @ 47.07300
2025-09-29 22:38:25.397 - INFO - [ASTER_HYPE] [OPEN] [51008366] OPEN 4 @ 47.06100
2025-09-29 22:38:26.142 - INFO - [ASTER_HYPE] [OPEN] [51008366] FILLED 4 @ 47.06100
2025-09-29 22:38:26.700 - INFO - [ASTER_HYPE] [CLOSE] [51008629] OPEN 4 @ 47.08000
2025-09-29 22:38:29.249 - INFO - [ASTER_HYPE] [CLOSE] [51008629] FILLED 4 @ 47.08000
2025-09-29 22:38:30.537 - INFO - [ASTER_HYPE] [OPEN] [51008961] OPEN 4 @ 47.07800
2025-09-29 22:38:36.487 - INFO - [ASTER_HYPE] [OPEN] [51008961] FILLED 4 @ 47.07800
2025-09-29 22:38:36.833 - INFO - [ASTER_HYPE] [CLOSE] [51009789] OPEN 4 @ 47.09700
2025-09-29 22:38:40.297 - INFO - [ASTER_HYPE] [CLOSE] [51009789] PARTIALLY_FILLED 0.46 @ 47.09700
2025-09-29 22:38:40.583 - INFO - [ASTER_HYPE] [CLOSE] [51009789] FILLED 4 @ 47.09700
2025-09-29 22:38:41.675 - INFO - [ASTER_HYPE] [OPEN] [51010413] OPEN 4 @ 47.10200
2025-09-29 22:38:44.170 - INFO - [ASTER_HYPE] [OPEN] [51010413] FILLED 4 @ 47.10200
2025-09-29 22:38:44.510 - INFO - [ASTER_HYPE] [CLOSE] [51010945] OPEN 4 @ 47.12100
2025-09-29 22:39:13.989 - INFO - [ASTER_HYPE] Current Position: 4.00 | Active closing amount: 4 | Order quantity: 1
2025-09-29 22:39:33.540 - INFO - [ASTER_HYPE] [OPEN] [51015959] OPEN 4 @ 47.00300
2025-09-29 22:39:34.124 - INFO - [ASTER_HYPE] [OPEN] [51015959] PARTIALLY_FILLED 0.03 @ 47.00300
2025-09-29 22:39:34.319 - INFO - [ASTER_HYPE] [OPEN] [51015959] FILLED 4 @ 47.00300
2025-09-29 22:39:34.687 - INFO - [ASTER_HYPE] [CLOSE] [51016111] OPEN 4 @ 47.02200
2025-09-29 22:40:12.704 - INFO - [ASTER_HYPE] [CLOSE] [51016111] FILLED 4 @ 47.02200
2025-09-29 22:40:14.584 - INFO - [ASTER_HYPE] Current Position: 4.00 | Active closing amount: 4 | Order quantity: 1
2025-09-29 22:41:14.794 - INFO - [ASTER_HYPE] [CLOSE] [51010945] FILLED 4 @ 47.12100
2025-09-29 22:41:15.387 - INFO - [ASTER_HYPE] Current Position: 0.00 | Active closing amount: 0 | Order quantity: 0
2025-09-29 22:41:15.650 - INFO - [ASTER_HYPE] [OPEN] [51028292] OPEN 4 @ 47.15100
2025-09-29 22:41:27.775 - INFO - [ASTER_HYPE] [OPEN] [51028292] Cancelling order and placing a new order
2025-09-29 22:41:27.958 - INFO - [ASTER_HYPE] [OPEN] [51028292] CANCELED 4 @ 47.15100
2025-09-29 22:41:28.537 - INFO - [ASTER_HYPE] [OPEN] [51030179] OPEN 4 @ 47.24200
2025-09-29 22:41:31.721 - INFO - [ASTER_HYPE] [OPEN] [51030179] FILLED 4 @ 47.24200
2025-09-29 22:41:32.196 - INFO - [ASTER_HYPE] [CLOSE] [51030871] OPEN 4 @ 47.26100
2025-09-29 22:42:00.566 - INFO - [ASTER_HYPE] [OPEN] [51035266] OPEN 4 @ 47.11500
2025-09-29 22:42:00.629 - INFO - [ASTER_HYPE] [OPEN] [51035266] FILLED 4 @ 47.11500
2025-09-29 22:42:01.139 - INFO - [ASTER_HYPE] [CLOSE] [51035407] OPEN 4 @ 47.13400
2025-09-29 22:42:08.919 - INFO - [ASTER_HYPE] [CLOSE] [51035407] FILLED 4 @ 47.13400
2025-09-29 22:42:10.001 - INFO - [ASTER_HYPE] [OPEN] [51036702] OPEN 4 @ 47.13700
2025-09-29 22:42:10.001 - INFO - [ASTER_HYPE] [OPEN] [51036702] EXPIRED 4 @ 47.13700
2025-09-29 22:42:10.515 - INFO - [ASTER_HYPE] [OPEN] [51036773] OPEN 4 @ 47.12600
2025-09-29 22:42:10.827 - INFO - [ASTER_HYPE] [OPEN] [51036773] FILLED 4 @ 47.12600
2025-09-29 22:42:11.260 - INFO - [ASTER_HYPE] [CLOSE] [51036879] OPEN 4 @ 47.14500
2025-09-29 22:42:16.140 - INFO - [ASTER_HYPE] Current Position: 8.00 | Active closing amount: 8 | Order quantity: 2
2025-09-29 22:42:39.467 - INFO - [ASTER_HYPE] [CLOSE] [51036879] FILLED 4 @ 47.14500
2025-09-29 22:42:51.967 - INFO - [ASTER_HYPE] [CLOSE] [51030871] FILLED 4 @ 47.26100
2025-09-29 22:42:53.567 - INFO - [ASTER_HYPE] [OPEN] [51042819] OPEN 4 @ 47.27100
2025-09-29 22:42:54.333 - INFO - [ASTER_HYPE] [OPEN] [51042819] PARTIALLY_FILLED 0.46 @ 47.27100
2025-09-29 22:43:04.369 - INFO - [ASTER_HYPE] [OPEN] [51042819] Cancelling order and placing a new order
2025-09-29 22:43:04.626 - INFO - [ASTER_HYPE] [OPEN] [51042819] CANCELED 4 @ 47.27100
2025-09-29 22:43:05.202 - INFO - [ASTER_HYPE] [CLOSE] [51044551] OPEN 0.46 @ 47.32000
2025-09-29 22:43:05.510 - INFO - [ASTER_HYPE] [CLOSE] [51044551] FILLED 0.46 @ 47.32000
2025-09-29 22:43:06.024 - INFO - [ASTER_HYPE] [OPEN] [51044646] OPEN 4 @ 47.32400
2025-09-29 22:43:09.796 - INFO - [ASTER_HYPE] [OPEN] [51044646] FILLED 4 @ 47.32400
2025-09-29 22:43:10.194 - INFO - [ASTER_HYPE] [CLOSE] [51045017] OPEN 4 @ 47.34300
2025-09-29 22:43:14.765 - INFO - [ASTER_HYPE] [CLOSE] [51045017] FILLED 4 @ 47.34300
2025-09-29 22:43:15.010 - INFO - [ASTER_HYPE] [OPEN] [51045474] OPEN 4 @ 47.33600
2025-09-29 22:43:15.491 - INFO - [ASTER_HYPE] [OPEN] [51045474] FILLED 4 @ 47.33600
2025-09-29 22:43:16.131 - INFO - [ASTER_HYPE] [CLOSE] [51045596] OPEN 4 @ 47.35500
2025-09-29 22:43:18.649 - INFO - [ASTER_HYPE] Current Position: 4.00 | Active closing amount: 4 | Order quantity: 1
2025-09-29 22:43:30.573 - INFO - [ASTER_HYPE] [OPEN] [51047671] OPEN 4 @ 47.24000
2025-09-29 22:43:30.589 - INFO - [ASTER_HYPE] [OPEN] [51047671] FILLED 4 @ 47.24000
2025-09-29 22:43:31.021 - INFO - [ASTER_HYPE] [CLOSE] [51047774] OPEN 4 @ 47.25900
2025-09-29 22:43:34.820 - INFO - [ASTER_HYPE] [CLOSE] [51047774] FILLED 4 @ 47.25900
2025-09-29 22:43:42.402 - INFO - [ASTER_HYPE] [OPEN] [51049491] OPEN 4 @ 47.23800
2025-09-29 22:43:42.402 - INFO - [ASTER_HYPE] [OPEN] [51049491] EXPIRED 4 @ 47.23800
2025-09-29 22:43:42.734 - INFO - [ASTER_HYPE] [OPEN] [51049530] OPEN 4 @ 47.23400
2025-09-29 22:43:42.798 - INFO - [ASTER_HYPE] [OPEN] [51049530] FILLED 4 @ 47.23400
2025-09-29 22:43:43.317 - INFO - [ASTER_HYPE] [CLOSE] [51049668] OPEN 4 @ 47.25300
2025-09-29 22:44:15.872 - INFO - [ASTER_HYPE] [OPEN] [51053998] OPEN 4 @ 47.13300
2025-09-29 22:44:16.295 - INFO - [ASTER_HYPE] [OPEN] [51053998] FILLED 4 @ 47.13300
2025-09-29 22:44:17.013 - INFO - [ASTER_HYPE] [CLOSE] [51054190] OPEN 4 @ 47.15200
2025-09-29 22:44:19.597 - INFO - [ASTER_HYPE] Current Position: 12.00 | Active closing amount: 12 | Order quantity: 3
2025-09-29 22:45:19.948 - INFO - [ASTER_HYPE] Current Position: 12.00 | Active closing amount: 12 | Order quantity: 3
2025-09-29 22:46:05.844 - INFO - [ASTER_HYPE] [CLOSE] [51054190] FILLED 4 @ 47.15200
2025-09-29 22:46:20.484 - INFO - [ASTER_HYPE] Current Position: 8.00 | Active closing amount: 8 | Order quantity: 2
2025-09-29 22:46:24.950 - INFO - [ASTER_HYPE] [CLOSE] [51049668] FILLED 4 @ 47.25300
2025-09-29 22:46:26.638 - INFO - [ASTER_HYPE] [OPEN] [51069920] OPEN 4 @ 47.23700
2025-09-29 22:46:28.889 - INFO - [ASTER_HYPE] [OPEN] [51069920] FILLED 4 @ 47.23700
2025-09-29 22:46:29.283 - INFO - [ASTER_HYPE] [CLOSE] [51070192] OPEN 4 @ 47.25600
2025-09-29 22:46:33.043 - INFO - [ASTER_HYPE] [CLOSE] [51070192] FILLED 4 @ 47.25600
2025-09-29 22:46:47.294 - INFO - [ASTER_HYPE] [OPEN] [51072675] OPEN 4 @ 47.23400
2025-09-29 22:46:59.342 - INFO - [ASTER_HYPE] [OPEN] [51072675] Cancelling order and placing a new order
2025-09-29 22:46:59.572 - INFO - [ASTER_HYPE] [OPEN] [51072675] CANCELED 4 @ 47.23400
2025-09-29 22:47:21.805 - INFO - [ASTER_HYPE] Current Position: 4.00 | Active closing amount: 4 | Order quantity: 1
2025-09-29 22:48:23.097 - INFO - [ASTER_HYPE] Current Position: 4.00 | Active closing amount: 4 | Order quantity: 1
2025-09-29 22:48:42.843 - INFO - [ASTER_HYPE] [CLOSE] [51045596] FILLED 4 @ 47.35500
2025-09-29 22:48:43.462 - INFO - [ASTER_HYPE] [OPEN] [51085796] OPEN 4 @ 47.36100
2025-09-29 22:48:43.462 - INFO - [ASTER_HYPE] [OPEN] [51085796] EXPIRED 4 @ 47.36100
2025-09-29 22:48:43.989 - INFO - [ASTER_HYPE] [OPEN] [51085839] OPEN 4 @ 47.35300
2025-09-29 22:48:44.454 - INFO - [ASTER_HYPE] [OPEN] [51085839] FILLED 4 @ 47.35300
2025-09-29 22:48:44.806 - INFO - [ASTER_HYPE] [CLOSE] [51085912] OPEN 4 @ 47.37200
2025-09-29 22:49:21.765 - INFO - [ASTER_HYPE] [CLOSE] [51085912] FILLED 4 @ 47.37200
2025-09-29 22:49:22.196 - INFO - [ASTER_HYPE] [OPEN] [51090086] OPEN 4 @ 47.37600
2025-09-29 22:49:34.380 - INFO - [ASTER_HYPE] [OPEN] [51090086] Cancelling order and placing a new order
2025-09-29 22:49:34.516 - INFO - [ASTER_HYPE] [OPEN] [51090086] CANCELED 4 @ 47.37600
2025-09-29 22:49:34.845 - INFO - [ASTER_HYPE] Current Position: 0.00 | Active closing amount: 0 | Order quantity: 0
2025-09-29 22:49:35.098 - INFO - [ASTER_HYPE] [OPEN] [51091400] OPEN 4 @ 47.39800
2025-09-29 22:49:36.262 - INFO - [ASTER_HYPE] [OPEN] [51091400] FILLED 4 @ 47.39800
2025-09-29 22:49:36.786 - INFO - [ASTER_HYPE] [CLOSE] [51091586] OPEN 4 @ 47.41700
2025-09-29 22:50:19.977 - INFO - [ASTER_HYPE] [CLOSE] [51091586] PARTIALLY_FILLED 0.73 @ 47.41700
2025-09-29 22:50:23.860 - INFO - [ASTER_HYPE] [CLOSE] [51091586] FILLED 4 @ 47.41700
2025-09-29 22:50:25.158 - INFO - [ASTER_HYPE] [OPEN] [51096783] OPEN 4 @ 47.44000
2025-09-29 22:50:37.344 - INFO - [ASTER_HYPE] [OPEN] [51096783] Cancelling order and placing a new order
2025-09-29 22:50:37.462 - INFO - [ASTER_HYPE] [OPEN] [51096783] CANCELED 4 @ 47.44000
2025-09-29 22:50:37.755 - INFO - [ASTER_HYPE] Current Position: 0.00 | Active closing amount: 0 | Order quantity: 0
2025-09-29 22:50:38.082 - INFO - [ASTER_HYPE] [OPEN] [51098418] OPEN 4 @ 47.47700
2025-09-29 22:50:40.612 - INFO - [ASTER_HYPE] [OPEN] [51098418] FILLED 4 @ 47.47700
2025-09-29 22:50:41.049 - INFO - [ASTER_HYPE] [CLOSE] [51098816] OPEN 4 @ 47.49600
2025-09-29 22:51:35.972 - INFO - [ASTER_HYPE] [CLOSE] [51098816] FILLED 4 @ 47.49600
2025-09-29 22:51:36.261 - INFO - [ASTER_HYPE] [OPEN] [51105066] OPEN 4 @ 47.49800
2025-09-29 22:51:48.432 - INFO - [ASTER_HYPE] [OPEN] [51105066] Cancelling order and placing a new order
2025-09-29 22:51:48.627 - INFO - [ASTER_HYPE] [OPEN] [51105066] CANCELED 4 @ 47.49800
2025-09-29 22:51:49.051 - INFO - [ASTER_HYPE] Current Position: 0.00 | Active closing amount: 0 | Order quantity: 0
2025-09-29 22:51:49.641 - INFO - [ASTER_HYPE] [OPEN] [51107490] OPEN 4 @ 47.67500
2025-09-29 22:51:49.641 - INFO - [ASTER_HYPE] [OPEN] [51107490] EXPIRED 4 @ 47.67500
2025-09-29 22:51:50.093 - INFO - [ASTER_HYPE] [OPEN] [51107519] OPEN 4 @ 47.66700
2025-09-29 22:52:02.293 - INFO - [ASTER_HYPE] [OPEN] [51107519] Cancelling order and placing a new order
2025-09-29 22:52:02.457 - INFO - [ASTER_HYPE] [OPEN] [51107519] CANCELED 4 @ 47.66700
2025-09-29 22:52:02.907 - INFO - [ASTER_HYPE] [OPEN] [51109924] OPEN 4 @ 47.72200
2025-09-29 22:52:03.800 - INFO - [ASTER_HYPE] [OPEN] [51109924] FILLED 4 @ 47.72200
2025-09-29 22:52:04.345 - INFO - [ASTER_HYPE] [CLOSE] [51110161] OPEN 4 @ 47.74100
2025-09-29 22:52:30.496 - INFO - [ASTER_HYPE] [CLOSE] [51110161] FILLED 4 @ 47.74100
2025-09-29 22:52:30.841 - INFO - [ASTER_HYPE] [OPEN] [51114665] OPEN 4 @ 47.74200
2025-09-29 22:52:31.549 - INFO - [ASTER_HYPE] [OPEN] [51114665] FILLED 4 @ 47.74200
2025-09-29 22:52:31.950 - INFO - [ASTER_HYPE] [CLOSE] [51114857] OPEN 4 @ 47.76100
2025-09-29 22:52:49.541 - INFO - [ASTER_HYPE] Current Position: 4.00 | Active closing amount: 4 | Order quantity: 1
2025-09-29 22:53:24.751 - INFO - [ASTER_HYPE] [OPEN] [51122582] OPEN 4 @ 47.63900
2025-09-29 22:53:36.891 - INFO - [ASTER_HYPE] [OPEN] [51122582] Cancelling order and placing a new order
2025-09-29 22:53:37.016 - INFO - [ASTER_HYPE] [OPEN] [51122582] CANCELED 4 @ 47.63900
2025-09-29 22:53:47.584 - INFO - [ASTER_HYPE] [OPEN] [51125572] OPEN 4 @ 47.64200
2025-09-29 22:53:48.542 - INFO - [ASTER_HYPE] [OPEN] [51125572] FILLED 4 @ 47.64200
2025-09-29 22:53:49.117 - INFO - [ASTER_HYPE] [CLOSE] [51125757] OPEN 4 @ 47.66100
2025-09-29 22:53:51.679 - INFO - [ASTER_HYPE] Current Position: 8.00 | Active closing amount: 8 | Order quantity: 2
2025-09-29 22:53:54.151 - INFO - [ASTER_HYPE] [CLOSE] [51125757] FILLED 4 @ 47.66100
2025-09-29 22:54:10.941 - INFO - [ASTER_HYPE] [OPEN] [51128487] OPEN 4 @ 47.64200
2025-09-29 22:54:12.214 - INFO - [ASTER_HYPE] [OPEN] [51128487] FILLED 4 @ 47.64200
2025-09-29 22:54:12.800 - INFO - [ASTER_HYPE] [CLOSE] [51128746] OPEN 4 @ 47.66100
2025-09-29 22:54:21.001 - INFO - [ASTER_HYPE] [CLOSE] [51128746] FILLED 4 @ 47.66100
2025-09-29 22:54:53.231 - INFO - [ASTER_HYPE] Current Position: 4.00 | Active closing amount: 4 | Order quantity: 1
2025-09-29 22:55:53.643 - INFO - [ASTER_HYPE] Current Position: 4.00 | Active closing amount: 4 | Order quantity: 1
2025-09-29 22:56:07.415 - INFO - [ASTER_HYPE] [CLOSE] [51114857] FILLED 4 @ 47.76100
2025-09-29 22:56:08.246 - INFO - [ASTER_HYPE] [OPEN] [51142241] OPEN 4 @ 47.77000
2025-09-29 22:56:10.330 - INFO - [ASTER_HYPE] [OPEN] [51142241] PARTIALLY_FILLED 1.06 @ 47.77000
2025-09-29 22:56:10.330 - INFO - [ASTER_HYPE] [OPEN] [51142241] PARTIALLY_FILLED 2.10 @ 47.77000
2025-09-29 22:56:10.330 - INFO - [ASTER_HYPE] [OPEN] [51142241] PARTIALLY_FILLED 3.27 @ 47.77000
2025-09-29 22:56:10.330 - INFO - [ASTER_HYPE] [OPEN] [51142241] FILLED 4 @ 47.77000
2025-09-29 22:56:10.842 - INFO - [ASTER_HYPE] [CLOSE] [51142768] OPEN 4 @ 47.78900
2025-09-29 22:56:21.196 - INFO - [ASTER_HYPE] [CLOSE] [51142768] FILLED 4 @ 47.78900
2025-09-29 22:56:21.806 - INFO - [ASTER_HYPE] [OPEN] [51143992] OPEN 4 @ 47.79900
2025-09-29 22:56:27.390 - INFO - [ASTER_HYPE] [OPEN] [51143992] FILLED 4 @ 47.79900
2025-09-29 22:56:27.882 - INFO - [ASTER_HYPE] [CLOSE] [51145403] OPEN 4 @ 47.81800
2025-09-29 22:56:44.670 - INFO - [ASTER_HYPE] [CLOSE] [51145403] FILLED 4 @ 47.81800
2025-09-29 22:56:45.114 - INFO - [ASTER_HYPE] [OPEN] [51147609] OPEN 4 @ 47.82000
2025-09-29 22:56:45.114 - INFO - [ASTER_HYPE] [OPEN] [51147609] FILLED 4 @ 47.82000
2025-09-29 22:56:45.817 - INFO - [ASTER_HYPE] [CLOSE] [51147694] OPEN 4 @ 47.83900
2025-09-29 22:56:54.549 - INFO - [ASTER_HYPE] Current Position: 4.00 | Active closing amount: 4 | Order quantity: 1
2025-09-29 22:57:01.919 - INFO - [ASTER_HYPE] [CLOSE] [51147694] FILLED 4 @ 47.83900
2025-09-29 22:57:02.472 - INFO - [ASTER_HYPE] [OPEN] [51149693] OPEN 4 @ 47.84600
2025-09-29 22:57:03.233 - INFO - [ASTER_HYPE] [OPEN] [51149693] FILLED 4 @ 47.84600
2025-09-29 22:57:03.800 - INFO - [ASTER_HYPE] [CLOSE] [51149807] OPEN 4 @ 47.86500
2025-09-29 22:57:22.978 - INFO - [ASTER_HYPE] [OPEN] [51152615] OPEN 4 @ 47.75000
2025-09-29 22:57:22.978 - INFO - [ASTER_HYPE] [OPEN] [51152615] EXPIRED 4 @ 47.75000
2025-09-29 22:57:23.632 - INFO - [ASTER_HYPE] [OPEN] [51152758] OPEN 4 @ 47.75200
2025-09-29 22:57:24.236 - INFO - [ASTER_HYPE] [OPEN] [51152758] FILLED 4 @ 47.75200
2025-09-29 22:57:24.598 - INFO - [ASTER_HYPE] [CLOSE] [51152921] OPEN 4 @ 47.77100
2025-09-29 22:57:54.968 - INFO - [ASTER_HYPE] Current Position: 8.00 | Active closing amount: 8 | Order quantity: 2
2025-09-29 22:58:00.760 - INFO - [ASTER_HYPE] [OPEN] [51158103] OPEN 4 @ 47.64500
2025-09-29 22:58:03.412 - INFO - [ASTER_HYPE] [OPEN] [51158103] FILLED 4 @ 47.64500
2025-09-29 22:58:03.854 - INFO - [ASTER_HYPE] [CLOSE] [51158568] OPEN 4 @ 47.66400
2025-09-29 22:58:56.093 - INFO - [ASTER_HYPE] Current Position: 12.00 | Active closing amount: 12 | Order quantity: 3
2025-09-29 22:59:09.392 - INFO - [ASTER_HYPE] [OPEN] [51167549] OPEN 4 @ 47.53600
2025-09-29 22:59:10.107 - INFO - [ASTER_HYPE] [OPEN] [51167549] FILLED 4 @ 47.53600
2025-09-29 22:59:10.744 - INFO - [ASTER_HYPE] [CLOSE] [51167746] OPEN 4 @ 47.55500
2025-09-29 22:59:41.638 - INFO - [ASTER_HYPE] [CLOSE] [51167746] FILLED 4 @ 47.55500
2025-09-29 22:59:57.588 - INFO - [ASTER_HYPE] Current Position: 12.00 | Active closing amount: 12 | Order quantity: 3
2025-09-29 23:00:21.110 - INFO - [ASTER_HYPE] [OPEN] [51176297] OPEN 4 @ 47.54200
2025-09-29 23:00:22.049 - INFO - [ASTER_HYPE] [OPEN] [51176297] FILLED 4 @ 47.54200
2025-09-29 23:00:22.912 - INFO - [ASTER_HYPE] [CLOSE] [51176461] OPEN 4 @ 47.56100
2025-09-29 23:00:52.816 - INFO - [ASTER_HYPE] [OPEN] [51180312] OPEN 4 @ 47.40100
2025-09-29 23:00:54.364 - INFO - [ASTER_HYPE] [OPEN] [51180312] FILLED 4 @ 47.40100
2025-09-29 23:00:54.912 - INFO - [ASTER_HYPE] [CLOSE] [51180653] OPEN 4 @ 47.42000
2025-09-29 23:00:58.425 - INFO - [ASTER_HYPE] Current Position: 20.00 | Active closing amount: 20 | Order quantity: 5
2025-09-29 23:01:07.116 - INFO - [ASTER_HYPE] [CLOSE] [51180653] FILLED 4 @ 47.42000
2025-09-29 23:01:07.897 - INFO - [ASTER_HYPE] [OPEN] [51182859] OPEN 4 @ 47.44000
2025-09-29 23:01:17.219 - INFO - [ASTER_HYPE] [OPEN] [51182859] FILLED 4 @ 47.44000
2025-09-29 23:01:17.575 - INFO - [ASTER_HYPE] [CLOSE] [51184039] OPEN 4 @ 47.45900
2025-09-29 23:01:58.790 - INFO - [ASTER_HYPE] Current Position: 20.00 | Active closing amount: 20 | Order quantity: 5
2025-09-29 23:02:00.090 - INFO - [ASTER_HYPE] [CLOSE] [51184039] FILLED 4 @ 47.45900
2025-09-29 23:02:28.759 - INFO - [ASTER_HYPE] [OPEN] [51193282] OPEN 4 @ 47.44000
2025-09-29 23:02:30.813 - INFO - [ASTER_HYPE] [OPEN] [51193282] FILLED 4 @ 47.44000
2025-09-29 23:02:31.266 - INFO - [ASTER_HYPE] [CLOSE] [51193500] OPEN 4 @ 47.45900
2025-09-29 23:02:41.349 - INFO - [ASTER_HYPE] [CLOSE] [51193500] PARTIALLY_FILLED 0.21 @ 47.45900
2025-09-29 23:02:41.349 - INFO - [ASTER_HYPE] [CLOSE] [51193500] FILLED 4 @ 47.45900
2025-09-29 23:03:00.180 - INFO - [ASTER_HYPE] Current Position: 16.00 | Active closing amount: 16 | Order quantity: 4
2025-09-29 23:03:41.969 - INFO - [ASTER_HYPE] [CLOSE] [51176461] FILLED 4 @ 47.56100
2025-09-29 23:04:00.538 - INFO - [ASTER_HYPE] Current Position: 12.00 | Active closing amount: 12 | Order quantity: 3
2025-09-29 23:04:13.259 - INFO - [ASTER_HYPE] [CLOSE] [51158568] FILLED 4 @ 47.66400
2025-09-29 23:04:21.093 - INFO - [ASTER_HYPE] [OPEN] [51207126] OPEN 4 @ 47.63700
2025-09-29 23:04:22.021 - INFO - [ASTER_HYPE] [OPEN] [51207126] FILLED 4 @ 47.63700
2025-09-29 23:04:22.618 - INFO - [ASTER_HYPE] [CLOSE] [51207360] OPEN 4 @ 47.65600
2025-09-29 23:04:33.815 - INFO - [ASTER_HYPE] [CLOSE] [51207360] PARTIALLY_FILLED 0.82 @ 47.65600
2025-09-29 23:04:33.815 - INFO - [ASTER_HYPE] [CLOSE] [51207360] PARTIALLY_FILLED 1.90 @ 47.65600
2025-09-29 23:04:33.862 - INFO - [ASTER_HYPE] [CLOSE] [51207360] PARTIALLY_FILLED 2.90 @ 47.65600
2025-09-29 23:04:33.862 - INFO - [ASTER_HYPE] [CLOSE] [51207360] PARTIALLY_FILLED 3.90 @ 47.65600
2025-09-29 23:04:33.862 - INFO - [ASTER_HYPE] [CLOSE] [51207360] FILLED 4 @ 47.65600
2025-09-29 23:05:02.000 - INFO - [ASTER_HYPE] Current Position: 8.00 | Active closing amount: 8 | Order quantity: 2
2025-09-29 23:05:43.379 - INFO - [ASTER_HYPE] [CLOSE] [51152921] FILLED 4 @ 47.77100
2025-09-29 23:05:48.944 - INFO - [ASTER_HYPE] [OPEN] [51218729] OPEN 4 @ 47.74400
2025-09-29 23:05:50.740 - INFO - [ASTER_HYPE] [OPEN] [51218729] FILLED 4 @ 47.74400
2025-09-29 23:05:51.269 - INFO - [ASTER_HYPE] [CLOSE] [51219007] OPEN 4 @ 47.76300
2025-09-29 23:06:03.042 - INFO - [ASTER_HYPE] Current Position: 8.00 | Active closing amount: 8 | Order quantity: 2
2025-09-29 23:06:23.346 - INFO - [ASTER_HYPE] [OPEN] [51222945] OPEN 4 @ 47.64100
2025-09-29 23:06:25.999 - INFO - [ASTER_HYPE] [OPEN] [51222945] FILLED 4 @ 47.64100
2025-09-29 23:06:26.422 - INFO - [ASTER_HYPE] [CLOSE] [51223319] OPEN 4 @ 47.66000
2025-09-29 23:06:49.018 - INFO - [ASTER_HYPE] [CLOSE] [51223319] FILLED 4 @ 47.66000
2025-09-29 23:06:54.874 - INFO - [ASTER_HYPE] [OPEN] [51227450] OPEN 4 @ 47.64300
2025-09-29 23:07:05.674 - INFO - [ASTER_HYPE] [OPEN] [51227450] FILLED 4 @ 47.64300
2025-09-29 23:07:06.204 - INFO - [ASTER_HYPE] [CLOSE] [51229071] OPEN 4 @ 47.66200
2025-09-29 23:07:08.665 - INFO - [ASTER_HYPE] Current Position: 12.00 | Active closing amount: 12 | Order quantity: 3
2025-09-29 23:07:32.567 - INFO - [ASTER_HYPE] [OPEN] [51232319] OPEN 4 @ 47.54300
2025-09-29 23:07:32.567 - INFO - [ASTER_HYPE] [OPEN] [51232319] EXPIRED 4 @ 47.54300
2025-09-29 23:07:33.106 - INFO - [ASTER_HYPE] [OPEN] [51232364] OPEN 4 @ 47.54200
2025-09-29 23:07:33.106 - INFO - [ASTER_HYPE] [OPEN] [51232364] PARTIALLY_FILLED 0.43 @ 47.54200
2025-09-29 23:07:33.171 - INFO - [ASTER_HYPE] [OPEN] [51232364] FILLED 4 @ 47.54200
2025-09-29 23:07:33.718 - INFO - [ASTER_HYPE] [CLOSE] [51232428] OPEN 4 @ 47.56100
2025-09-29 23:08:09.347 - INFO - [ASTER_HYPE] Current Position: 16.00 | Active closing amount: 16 | Order quantity: 4
2025-09-29 23:08:11.635 - INFO - [ASTER_HYPE] [CLOSE] [51232428] FILLED 4 @ 47.56100
2025-09-29 23:08:26.008 - INFO - [ASTER_HYPE] [OPEN] [51238847] OPEN 4 @ 47.54200
2025-09-29 23:08:27.052 - INFO - [ASTER_HYPE] [OPEN] [51238847] FILLED 4 @ 47.54200
2025-09-29 23:08:27.655 - INFO - [ASTER_HYPE] [CLOSE] [51239157] OPEN 4 @ 47.56100
2025-09-29 23:09:10.278 - INFO - [ASTER_HYPE] Current Position: 16.00 | Active closing amount: 16 | Order quantity: 4
2025-09-29 23:09:24.917 - INFO - [ASTER_HYPE] [OPEN] [51246265] OPEN 4 @ 47.44500
2025-09-29 23:09:28.290 - INFO - [ASTER_HYPE] [OPEN] [51246265] FILLED 4 @ 47.44500
2025-09-29 23:09:28.685 - INFO - [ASTER_HYPE] [CLOSE] [51246557] OPEN 4 @ 47.46400
2025-09-29 23:09:34.129 - INFO - [ASTER_HYPE] [CLOSE] [51246557] FILLED 4 @ 47.46400
2025-09-29 23:10:11.110 - INFO - [ASTER_HYPE] Current Position: 16.00 | Active closing amount: 16 | Order quantity: 4
2025-09-29 23:10:12.725 - INFO - [ASTER_HYPE] [OPEN] [51252356] OPEN 4 @ 47.44100
2025-09-29 23:10:14.436 - INFO - [ASTER_HYPE] [OPEN] [51252356] FILLED 4 @ 47.44100
2025-09-29 23:10:15.065 - INFO - [ASTER_HYPE] [CLOSE] [51252564] OPEN 4 @ 47.46000
2025-09-29 23:10:24.072 - INFO - [ASTER_HYPE] [CLOSE] [51252564] FILLED 4 @ 47.46000
2025-09-29 23:10:45.226 - INFO - [ASTER_HYPE] [OPEN] [51256381] OPEN 4 @ 47.40600
2025-09-29 23:10:45.382 - INFO - [ASTER_HYPE] [OPEN] [51256381] FILLED 4 @ 47.40600
2025-09-29 23:10:45.895 - INFO - [ASTER_HYPE] [CLOSE] [51256501] OPEN 4 @ 47.42500
2025-09-29 23:11:11.587 - INFO - [ASTER_HYPE] Current Position: 20.00 | Active closing amount: 20 | Order quantity: 5
2025-09-29 23:11:38.579 - INFO - [ASTER_HYPE] [OPEN] [51262841] OPEN 4 @ 47.30900
2025-09-29 23:11:38.580 - INFO - [ASTER_HYPE] [OPEN] [51262841] EXPIRED 4 @ 47.30900
2025-09-29 23:11:39.204 - INFO - [ASTER_HYPE] [OPEN] [51262896] OPEN 4 @ 47.30600
2025-09-29 23:11:43.543 - INFO - [ASTER_HYPE] [OPEN] [51262896] FILLED 4 @ 47.30600
2025-09-29 23:11:44.066 - INFO - [ASTER_HYPE] [CLOSE] [51263446] OPEN 4 @ 47.32500
2025-09-29 23:12:12.318 - INFO - [ASTER_HYPE] Current Position: 24.00 | Active closing amount: 24 | Order quantity: 6
2025-09-29 23:12:16.294 - INFO - [ASTER_HYPE] [OPEN] [51268188] OPEN 4 @ 47.20700
2025-09-29 23:12:18.265 - INFO - [ASTER_HYPE] [OPEN] [51268188] FILLED 4 @ 47.20700
2025-09-29 23:12:18.699 - INFO - [ASTER_HYPE] [CLOSE] [51268428] OPEN 4 @ 47.22600
2025-09-29 23:12:46.286 - INFO - [ASTER_HYPE] [CLOSE] [51268428] FILLED 4 @ 47.22600
2025-09-29 23:13:14.140 - INFO - [ASTER_HYPE] Current Position: 24.00 | Active closing amount: 24 | Order quantity: 6
2025-09-29 23:13:40.943 - INFO - [ASTER_HYPE] [CLOSE] [51263446] FILLED 4 @ 47.32500
2025-09-29 23:14:11.842 - INFO - [ASTER_HYPE] [OPEN] [51281263] OPEN 4 @ 47.30400
2025-09-29 23:14:11.842 - INFO - [ASTER_HYPE] [OPEN] [51281263] EXPIRED 4 @ 47.30400
2025-09-29 23:14:12.456 - INFO - [ASTER_HYPE] [OPEN] [51281325] OPEN 4 @ 47.29100
2025-09-29 23:14:12.803 - INFO - [ASTER_HYPE] [OPEN] [51281325] FILLED 4 @ 47.29100
2025-09-29 23:14:13.565 - INFO - [ASTER_HYPE] [CLOSE] [51281517] OPEN 4 @ 47.31000
2025-09-29 23:14:16.105 - INFO - [ASTER_HYPE] Current Position: 24.00 | Active closing amount: 24 | Order quantity: 6
2025-09-29 23:14:56.949 - INFO - [ASTER_HYPE] [CLOSE] [51281517] PARTIALLY_FILLED 0.78 @ 47.31000
2025-09-29 23:14:56.949 - INFO - [ASTER_HYPE] [CLOSE] [51281517] PARTIALLY_FILLED 1.92 @ 47.31000
2025-09-29 23:14:56.996 - INFO - [ASTER_HYPE] [CLOSE] [51281517] PARTIALLY_FILLED 2.66 @ 47.31000
2025-09-29 23:14:56.996 - INFO - [ASTER_HYPE] [CLOSE] [51281517] PARTIALLY_FILLED 3.74 @ 47.31000
2025-09-29 23:14:56.997 - INFO - [ASTER_HYPE] [CLOSE] [51281517] FILLED 4 @ 47.31000
2025-09-29 23:15:01.852 - INFO - [ASTER_HYPE] [OPEN] [51286786] OPEN 4 @ 47.29700
2025-09-29 23:15:02.280 - INFO - [ASTER_HYPE] [OPEN] [51286786] FILLED 4 @ 47.29700
2025-09-29 23:15:02.838 - INFO - [ASTER_HYPE] [CLOSE] [51286936] OPEN 4 @ 47.31600
2025-09-29 23:15:09.243 - INFO - [ASTER_HYPE] [CLOSE] [51286936] FILLED 4 @ 47.31600
2025-09-29 23:15:16.937 - INFO - [ASTER_HYPE] Current Position: 20.00 | Active closing amount: 20 | Order quantity: 5
2025-09-29 23:15:33.939 - INFO - [ASTER_HYPE] [OPEN] [51290626] OPEN 4 @ 47.28300
2025-09-29 23:15:35.188 - INFO - [ASTER_HYPE] [OPEN] [51290626] PARTIALLY_FILLED 1.14 @ 47.28300
2025-09-29 23:15:35.348 - INFO - [ASTER_HYPE] [OPEN] [51290626] FILLED 4 @ 47.28300
2025-09-29 23:15:35.774 - INFO - [ASTER_HYPE] [CLOSE] [51290830] OPEN 4 @ 47.30200
2025-09-29 23:16:17.771 - INFO - [ASTER_HYPE] Current Position: 24.00 | Active closing amount: 24 | Order quantity: 6
2025-09-29 23:16:19.402 - INFO - [ASTER_HYPE] [OPEN] [51295762] OPEN 4 @ 47.18400
2025-09-29 23:16:19.963 - INFO - [ASTER_HYPE] [OPEN] [51295762] FILLED 4 @ 47.18400
2025-09-29 23:16:20.577 - INFO - [ASTER_HYPE] [CLOSE] [51295939] OPEN 4 @ 47.20300
2025-09-29 23:16:45.319 - INFO - [ASTER_HYPE] [CLOSE] [51295939] FILLED 4 @ 47.20300
2025-09-29 23:16:55.196 - INFO - [ASTER_HYPE] [OPEN] [51300339] OPEN 4 @ 47.18400
2025-09-29 23:16:55.202 - INFO - [ASTER_HYPE] [OPEN] [51300339] EXPIRED 4 @ 47.18400
2025-09-29 23:16:55.620 - INFO - [ASTER_HYPE] [OPEN] [51300413] OPEN 4 @ 47.18600
2025-09-29 23:17:00.440 - INFO - [ASTER_HYPE] [OPEN] [51300413] FILLED 4 @ 47.18600
2025-09-29 23:17:00.959 - INFO - [ASTER_HYPE] [CLOSE] [51300840] OPEN 4 @ 47.20500
2025-09-29 23:17:04.823 - INFO - [ASTER_HYPE] [CLOSE] [51300840] FILLED 4 @ 47.20500
2025-09-29 23:17:18.449 - INFO - [ASTER_HYPE] Current Position: 24.00 | Active closing amount: 24 | Order quantity: 6
2025-09-29 23:17:34.338 - INFO - [ASTER_HYPE] [OPEN] [51305407] OPEN 4 @ 47.17400
2025-09-29 23:17:34.339 - INFO - [ASTER_HYPE] [OPEN] [51305407] FILLED 4 @ 47.17400
2025-09-29 23:17:34.948 - INFO - [ASTER_HYPE] [CLOSE] [51305510] OPEN 4 @ 47.19300
2025-09-29 23:18:07.008 - INFO - [ASTER_HYPE] [CLOSE] [51305510] FILLED 4 @ 47.19300
2025-09-29 23:18:08.024 - INFO - [ASTER_HYPE] [OPEN] [51310818] OPEN 4 @ 47.18000
2025-09-29 23:18:08.493 - INFO - [ASTER_HYPE] [OPEN] [51310818] FILLED 4 @ 47.18000
2025-09-29 23:18:08.945 - INFO - [ASTER_HYPE] [CLOSE] [51310960] OPEN 4 @ 47.19900
2025-09-29 23:18:19.718 - INFO - [ASTER_HYPE] Current Position: 28.00 | Active closing amount: 28 | Order quantity: 7
2025-09-29 23:18:29.630 - INFO - [ASTER_HYPE] [CLOSE] [51310960] FILLED 4 @ 47.19900
2025-09-29 23:19:20.706 - INFO - [ASTER_HYPE] Current Position: 24.00 | Active closing amount: 24 | Order quantity: 6
2025-09-29 23:20:12.507 - INFO - [ASTER_HYPE] [CLOSE] [51290830] PARTIALLY_FILLED 2.02 @ 47.30200
2025-09-29 23:20:12.526 - INFO - [ASTER_HYPE] [CLOSE] [51290830] FILLED 4 @ 47.30200
2025-09-29 23:20:13.777 - INFO - [ASTER_HYPE] [OPEN] [51324671] OPEN 4 @ 47.30600
2025-09-29 23:20:16.548 - INFO - [ASTER_HYPE] [OPEN] [51324671] FILLED 4 @ 47.30600
2025-09-29 23:20:16.977 - INFO - [ASTER_HYPE] [CLOSE] [51324976] OPEN 4 @ 47.32500
2025-09-29 23:20:21.816 - INFO - [ASTER_HYPE] Current Position: 24.00 | Active closing amount: 24 | Order quantity: 6
2025-09-29 23:20:47.262 - INFO - [ASTER_HYPE] [OPEN] [51328457] OPEN 4 @ 47.21000
2025-09-29 23:20:59.303 - INFO - [ASTER_HYPE] [OPEN] [51328457] Cancelling order and placing a new order
2025-09-29 23:20:59.469 - INFO - [ASTER_HYPE] [OPEN] [51328457] CANCELED 4 @ 47.21000
2025-09-29 23:21:22.882 - INFO - [ASTER_HYPE] Current Position: 24.00 | Active closing amount: 24 | Order quantity: 6
2025-09-29 23:21:36.612 - INFO - [ASTER_HYPE] [OPEN] [51333754] OPEN 4 @ 47.19100
2025-09-29 23:21:36.755 - INFO - [ASTER_HYPE] [OPEN] [51333754] FILLED 4 @ 47.19100
2025-09-29 23:21:37.237 - INFO - [ASTER_HYPE] [CLOSE] [51333843] OPEN 4 @ 47.21000
2025-09-29 23:22:23.390 - INFO - [ASTER_HYPE] [CLOSE] [51333843] FILLED 4 @ 47.21000
2025-09-29 23:22:24.179 - INFO - [ASTER_HYPE] Current Position: 24.00 | Active closing amount: 24 | Order quantity: 6
2025-09-29 23:22:32.447 - INFO - [ASTER_HYPE] [OPEN] [51340151] OPEN 4 @ 47.20600
2025-09-29 23:22:32.447 - INFO - [ASTER_HYPE] [OPEN] [51340151] EXPIRED 4 @ 47.20600
2025-09-29 23:22:33.005 - INFO - [ASTER_HYPE] [OPEN] [51340222] OPEN 4 @ 47.19400
2025-09-29 23:22:45.073 - INFO - [ASTER_HYPE] [OPEN] [51340222] Cancelling order and placing a new order
2025-09-29 23:22:45.211 - INFO - [ASTER_HYPE] [OPEN] [51340222] CANCELED 4 @ 47.19400
2025-09-29 23:22:49.655 - INFO - [ASTER_HYPE] [OPEN] [51341998] OPEN 4 @ 47.19400
2025-09-29 23:23:01.807 - INFO - [ASTER_HYPE] [OPEN] [51341998] Cancelling order and placing a new order
2025-09-29 23:23:01.938 - INFO - [ASTER_HYPE] [OPEN] [51341998] CANCELED 4 @ 47.19400
2025-09-29 23:23:10.243 - INFO - [ASTER_HYPE] [OPEN] [51343989] OPEN 4 @ 47.20400
2025-09-29 23:23:14.376 - INFO - [ASTER_HYPE] [OPEN] [51343989] FILLED 4 @ 47.20400
2025-09-29 23:23:14.795 - INFO - [ASTER_HYPE] [CLOSE] [51344378] OPEN 4 @ 47.22300
2025-09-29 23:23:25.314 - INFO - [ASTER_HYPE] Current Position: 28.00 | Active closing amount: 28 | Order quantity: 7
2025-09-29 23:24:15.518 - INFO - [ASTER_HYPE] [OPEN] [51350544] OPEN 4 @ 47.08600
2025-09-29 23:24:16.259 - INFO - [ASTER_HYPE] [OPEN] [51350544] FILLED 4 @ 47.08600
2025-09-29 23:24:16.619 - INFO - [ASTER_HYPE] [CLOSE] [51350663] OPEN 4 @ 47.10500
2025-09-29 23:24:26.165 - INFO - [ASTER_HYPE] Current Position: 32.00 | Active closing amount: 32 | Order quantity: 8
2025-09-29 23:25:27.588 - INFO - [ASTER_HYPE] Current Position: 32.00 | Active closing amount: 32 | Order quantity: 8
2025-09-29 23:25:38.192 - INFO - [ASTER_HYPE] [OPEN] [51360188] OPEN 4 @ 46.98400
2025-09-29 23:25:38.765 - INFO - [ASTER_HYPE] [OPEN] [51360188] FILLED 4 @ 46.98400
2025-09-29 23:25:39.379 - INFO - [ASTER_HYPE] [CLOSE] [51360341] OPEN 4 @ 47.00300
2025-09-29 23:26:00.908 - INFO - [ASTER_HYPE] [CLOSE] [51360341] PARTIALLY_FILLED 0.10 @ 47.00300
2025-09-29 23:26:27.948 - INFO - [ASTER_HYPE] Current Position: 35.90 | Active closing amount: 35.90 | Order quantity: 9
2025-09-29 23:27:29.331 - INFO - [ASTER_HYPE] Current Position: 35.90 | Active closing amount: 35.90 | Order quantity: 9
2025-09-29 23:28:23.925 - INFO - [ASTER_HYPE] [CLOSE] [51360341] FILLED 4 @ 47.00300
2025-09-29 23:28:30.383 - INFO - [ASTER_HYPE] Current Position: 32.00 | Active closing amount: 32 | Order quantity: 8
2025-09-29 23:28:39.620 - INFO - [ASTER_HYPE] [OPEN] [51378516] OPEN 4 @ 46.97200
2025-09-29 23:28:46.383 - INFO - [ASTER_HYPE] [OPEN] [51378516] PARTIALLY_FILLED 0.15 @ 46.97200
2025-09-29 23:28:47.453 - INFO - [ASTER_HYPE] [OPEN] [51378516] FILLED 4 @ 46.97200
2025-09-29 23:28:47.977 - INFO - [ASTER_HYPE] [CLOSE] [51379335] OPEN 4 @ 46.99100
2025-09-29 23:29:11.055 - INFO - [ASTER_HYPE] [CLOSE] [51379335] FILLED 4 @ 46.99100
2025-09-29 23:29:31.791 - INFO - [ASTER_HYPE] Current Position: 32.00 | Active closing amount: 32 | Order quantity: 8
2025-09-29 23:29:48.500 - INFO - [ASTER_HYPE] [OPEN] [51385451] OPEN 4 @ 46.97400
2025-09-29 23:29:58.646 - INFO - [ASTER_HYPE] [OPEN] [51385451] FILLED 4 @ 46.97400
2025-09-29 23:29:59.071 - INFO - [ASTER_HYPE] [CLOSE] [51386234] OPEN 4 @ 46.99300
2025-09-29 23:30:09.671 - INFO - [ASTER_HYPE] [CLOSE] [51386234] FILLED 4 @ 46.99300
2025-09-29 23:30:32.966 - INFO - [ASTER_HYPE] Current Position: 32.00 | Active closing amount: 32 | Order quantity: 8
2025-09-29 23:31:00.055 - INFO - [ASTER_HYPE] [OPEN] [51392760] OPEN 4 @ 46.94100
2025-09-29 23:31:00.157 - INFO - [ASTER_HYPE] [OPEN] [51392760] FILLED 4 @ 46.94100
2025-09-29 23:31:00.919 - INFO - [ASTER_HYPE] [CLOSE] [51392878] OPEN 4 @ 46.96000
2025-09-29 23:31:34.268 - INFO - [ASTER_HYPE] Current Position: 36.00 | Active closing amount: 36 | Order quantity: 9
2025-09-29 23:32:32.933 - INFO - [ASTER_HYPE] [OPEN] [51402664] OPEN 4 @ 46.84600
2025-09-29 23:32:45.070 - INFO - [ASTER_HYPE] [OPEN] [51402664] Cancelling order and placing a new order
2025-09-29 23:32:45.241 - INFO - [ASTER_HYPE] [OPEN] [51402664] CANCELED 4 @ 46.84600
2025-09-29 23:32:45.625 - INFO - [ASTER_HYPE] Current Position: 36.00 | Active closing amount: 36 | Order quantity: 9
2025-09-29 23:33:46.594 - INFO - [ASTER_HYPE] Current Position: 36.00 | Active closing amount: 36 | Order quantity: 9
2025-09-29 23:34:22.674 - INFO - [ASTER_HYPE] [OPEN] [51413939] OPEN 4 @ 46.84000
2025-09-29 23:34:28.963 - INFO - [ASTER_HYPE] [OPEN] [51413939] FILLED 4 @ 46.84000
2025-09-29 23:34:29.572 - INFO - [ASTER_HYPE] [CLOSE] [51414606] OPEN 4 @ 46.85900
2025-09-29 23:34:35.565 - INFO - [ASTER_HYPE] [CLOSE] [51414606] PARTIALLY_FILLED 0.35 @ 46.85900
2025-09-29 23:34:35.566 - INFO - [ASTER_HYPE] [CLOSE] [51414606] PARTIALLY_FILLED 1.23 @ 46.85900
2025-09-29 23:34:35.617 - INFO - [ASTER_HYPE] [CLOSE] [51414606] PARTIALLY_FILLED 2.33 @ 46.85900
2025-09-29 23:34:35.617 - INFO - [ASTER_HYPE] [CLOSE] [51414606] PARTIALLY_FILLED 3.37 @ 46.85900
2025-09-29 23:34:35.618 - INFO - [ASTER_HYPE] [CLOSE] [51414606] FILLED 4 @ 46.85900
2025-09-29 23:34:47.146 - INFO - [ASTER_HYPE] Current Position: 36.00 | Active closing amount: 36 | Order quantity: 9
2025-09-29 23:35:48.403 - INFO - [ASTER_HYPE] Current Position: 36.00 | Active closing amount: 36 | Order quantity: 9
2025-09-29 23:35:52.418 - INFO - [ASTER_HYPE] [CLOSE] [51392878] FILLED 4 @ 46.96000
2025-09-29 23:35:54.415 - INFO - [ASTER_HYPE] [OPEN] [51424694] OPEN 4 @ 46.98100
2025-09-29 23:35:54.646 - INFO - [ASTER_HYPE] [OPEN] [51424694] FILLED 4 @ 46.98100
2025-09-29 23:35:55.245 - INFO - [ASTER_HYPE] [CLOSE] [51424825] OPEN 4 @ 47
2025-09-29 23:36:02.663 - INFO - [ASTER_HYPE] [CLOSE] [51424825] FILLED 4 @ 47
2025-09-29 23:36:48.761 - INFO - [ASTER_HYPE] Current Position: 32.00 | Active closing amount: 32 | Order quantity: 8
2025-09-29 23:36:55.561 - INFO - [ASTER_HYPE] [OPEN] [51432954] OPEN 4 @ 46.94200
2025-09-29 23:37:07.653 - INFO - [ASTER_HYPE] [OPEN] [51432954] Cancelling order and placing a new order
2025-09-29 23:37:07.882 - INFO - [ASTER_HYPE] [OPEN] [51432954] CANCELED 4 @ 46.94200
2025-09-29 23:37:08.519 - INFO - [ASTER_HYPE] [OPEN] [51434320] OPEN 4 @ 46.95400
2025-09-29 23:37:20.766 - INFO - [ASTER_HYPE] [OPEN] [51434320] Cancelling order and placing a new order
2025-09-29 23:37:21.041 - INFO - [ASTER_HYPE] [OPEN] [51434320] CANCELED 4 @ 46.95400
2025-09-29 23:37:23.798 - INFO - [ASTER_HYPE] [CLOSE] [51350663] FILLED 4 @ 47.10500
2025-09-29 23:37:32.279 - INFO - [ASTER_HYPE] [OPEN] [51438047] OPEN 4 @ 47.10000
2025-09-29 23:37:32.693 - INFO - [ASTER_HYPE] [OPEN] [51438047] PARTIALLY_FILLED 2.67 @ 47.10000
2025-09-29 23:37:32.836 - INFO - [ASTER_HYPE] [OPEN] [51438047] FILLED 4 @ 47.10000
2025-09-29 23:37:33.236 - INFO - [ASTER_HYPE] [CLOSE] [51438191] OPEN 4 @ 47.11900
2025-09-29 23:37:49.592 - INFO - [ASTER_HYPE] Current Position: 32.00 | Active closing amount: 32 | Order quantity: 8
2025-09-29 23:38:10.634 - INFO - [ASTER_HYPE] [CLOSE] [51438191] PARTIALLY_FILLED 1 @ 47.11900
2025-09-29 23:38:44.294 - INFO - [ASTER_HYPE] [OPEN] [51447031] OPEN 4 @ 46.99600
2025-09-29 23:38:49.390 - INFO - [ASTER_HYPE] [OPEN] [51447031] FILLED 4 @ 46.99600
2025-09-29 23:38:49.828 - INFO - [ASTER_HYPE] [CLOSE] [51447815] OPEN 4 @ 47.01500
2025-09-29 23:38:52.451 - INFO - [ASTER_HYPE] Current Position: 35.00 | Active closing amount: 35 | Order quantity: 9
2025-09-29 23:39:40.464 - INFO - [ASTER_HYPE] [CLOSE] [51447815] FILLED 4 @ 47.01500
2025-09-29 23:39:50.033 - INFO - [ASTER_HYPE] [OPEN] [51454444] OPEN 4 @ 47.00200
2025-09-29 23:39:50.682 - INFO - [ASTER_HYPE] [OPEN] [51454444] FILLED 4 @ 47.00200
2025-09-29 23:39:51.148 - INFO - [ASTER_HYPE] [CLOSE] [51454572] OPEN 4 @ 47.02100
2025-09-29 23:39:53.854 - INFO - [ASTER_HYPE] Current Position: 35.00 | Active closing amount: 35 | Order quantity: 9
2025-09-29 23:40:51.776 - INFO - [ASTER_HYPE] [OPEN] [51461666] OPEN 4 @ 46.87600
2025-09-29 23:41:03.928 - INFO - [ASTER_HYPE] [OPEN] [51461666] Cancelling order and placing a new order
2025-09-29 23:41:04.124 - INFO - [ASTER_HYPE] [OPEN] [51461666] CANCELED 4 @ 46.87600
2025-09-29 23:41:04.479 - INFO - [ASTER_HYPE] Current Position: 35.00 | Active closing amount: 35 | Order quantity: 9
2025-09-29 23:42:04.742 - INFO - [ASTER_HYPE] Current Position: 35.00 | Active closing amount: 35 | Order quantity: 9
2025-09-29 23:42:07.987 - INFO - [ASTER_HYPE] [CLOSE] [51454572] FILLED 4 @ 47.02100
2025-09-29 23:43:05.769 - INFO - [ASTER_HYPE] Current Position: 31.00 | Active closing amount: 31 | Order quantity: 8
2025-09-29 23:43:21.629 - INFO - [ASTER_HYPE] [OPEN] [51478005] OPEN 4 @ 47.00200
2025-09-29 23:43:21.678 - INFO - [ASTER_HYPE] [OPEN] [51478005] FILLED 4 @ 47.00200
2025-09-29 23:43:22.283 - INFO - [ASTER_HYPE] [CLOSE] [51478172] OPEN 4 @ 47.02100
2025-09-29 23:44:06.128 - INFO - [ASTER_HYPE] Current Position: 35.00 | Active closing amount: 35 | Order quantity: 9
2025-09-29 23:44:31.960 - INFO - [ASTER_HYPE] [CLOSE] [51478172] PARTIALLY_FILLED 3.83 @ 47.02100
2025-09-29 23:44:31.961 - INFO - [ASTER_HYPE] [CLOSE] [51478172] FILLED 4 @ 47.02100
2025-09-29 23:44:43.009 - INFO - [ASTER_HYPE] [OPEN] [51485980] OPEN 4 @ 47.00200
2025-09-29 23:44:55.085 - INFO - [ASTER_HYPE] [OPEN] [51485980] Cancelling order and placing a new order
2025-09-29 23:44:55.217 - INFO - [ASTER_HYPE] [OPEN] [51485980] CANCELED 4 @ 47.00200
2025-09-29 23:45:07.152 - INFO - [ASTER_HYPE] Current Position: 31.00 | Active closing amount: 31 | Order quantity: 8
2025-09-29 23:45:36.385 - INFO - [ASTER_HYPE] [OPEN] [51491330] OPEN 4 @ 46.97800
2025-09-29 23:45:36.531 - INFO - [ASTER_HYPE] [OPEN] [51491330] FILLED 4 @ 46.97800
2025-09-29 23:45:36.995 - INFO - [ASTER_HYPE] [CLOSE] [51491389] OPEN 4 @ 46.99700
2025-09-29 23:46:08.271 - INFO - [ASTER_HYPE] Current Position: 35.00 | Active closing amount: 35 | Order quantity: 9
2025-09-29 23:47:09.075 - INFO - [ASTER_HYPE] Current Position: 35.00 | Active closing amount: 35 | Order quantity: 9
2025-09-29 23:47:35.072 - INFO - [ASTER_HYPE] [OPEN] [51501466] OPEN 4 @ 46.88200
2025-09-29 23:47:47.180 - INFO - [ASTER_HYPE] [OPEN] [51501466] Cancelling order and placing a new order
2025-09-29 23:47:47.345 - INFO - [ASTER_HYPE] [OPEN] [51501466] CANCELED 4 @ 46.88200
2025-09-29 23:47:47.839 - INFO - [ASTER_HYPE] [OPEN] [51502486] OPEN 4 @ 46.88000
2025-09-29 23:48:00.032 - INFO - [ASTER_HYPE] [OPEN] [51502486] Cancelling order and placing a new order
2025-09-29 23:48:00.158 - INFO - [ASTER_HYPE] [OPEN] [51502486] CANCELED 4 @ 46.88000
2025-09-29 23:48:10.504 - INFO - [ASTER_HYPE] Current Position: 35.00 | Active closing amount: 35 | Order quantity: 9
2025-09-29 23:48:19.732 - INFO - [ASTER_HYPE] [OPEN] [51505082] OPEN 4 @ 46.87800
2025-09-29 23:48:31.927 - INFO - [ASTER_HYPE] [OPEN] [51505082] Cancelling order and placing a new order
2025-09-29 23:48:32.150 - INFO - [ASTER_HYPE] [OPEN] [51505082] CANCELED 4 @ 46.87800
2025-09-29 23:48:45.439 - INFO - [ASTER_HYPE] [OPEN] [51507369] OPEN 4 @ 46.87500
2025-09-29 23:48:45.439 - INFO - [ASTER_HYPE] [OPEN] [51507369] EXPIRED 4 @ 46.87500
2025-09-29 23:48:45.935 - INFO - [ASTER_HYPE] [OPEN] [51507402] OPEN 4 @ 46.86800
2025-09-29 23:48:46.209 - INFO - [ASTER_HYPE] [OPEN] [51507402] FILLED 4 @ 46.86800
2025-09-29 23:48:46.741 - INFO - [ASTER_HYPE] [CLOSE] [51507507] OPEN 4 @ 46.88700
2025-09-29 23:49:11.095 - INFO - [ASTER_HYPE] Current Position: 39.00 | Active closing amount: 39 | Order quantity: 10
2025-09-29 23:50:12.466 - INFO - [ASTER_HYPE] Current Position: 39.00 | Active closing amount: 39 | Order quantity: 10
2025-09-29 23:51:13.123 - INFO - [ASTER_HYPE] Current Position: 39.00 | Active closing amount: 39 | Order quantity: 10
2025-09-29 23:52:13.522 - INFO - [ASTER_HYPE] Current Position: 39.00 | Active closing amount: 39 | Order quantity: 10
2025-09-29 23:53:14.817 - INFO - [ASTER_HYPE] Current Position: 39.00 | Active closing amount: 39 | Order quantity: 10
2025-09-29 23:53:54.075 - INFO - [ASTER_HYPE] WebSocket disconnected
2025-09-30 00:07:42.251 - INFO - [ASTER_HYPE] === Trading Configuration ===
2025-09-30 00:07:42.251 - INFO - [ASTER_HYPE] Ticker: HYPE
2025-09-30 00:07:42.251 - INFO - [ASTER_HYPE] Contract ID: HYPEUSDT
2025-09-30 00:07:42.251 - INFO - [ASTER_HYPE] Quantity: 2
2025-09-30 00:07:42.251 - INFO - [ASTER_HYPE] Take Profit: 0.04%
2025-09-30 00:07:42.251 - INFO - [ASTER_HYPE] Direction: buy
2025-09-30 00:07:42.251 - INFO - [ASTER_HYPE] Max Orders: 10
2025-09-30 00:07:42.251 - INFO - [ASTER_HYPE] Wait Time: 30s
2025-09-30 00:07:42.251 - INFO - [ASTER_HYPE] Exchange: aster
2025-09-30 00:07:42.251 - INFO - [ASTER_HYPE] Grid Step: 0.2%
2025-09-30 00:07:42.251 - INFO - [ASTER_HYPE] Stop Price: -1
2025-09-30 00:07:42.251 - INFO - [ASTER_HYPE] Pause Price: -1
2025-09-30 00:07:42.251 - INFO - [ASTER_HYPE] Aster Boost: False
2025-09-30 00:07:42.251 - INFO - [ASTER_HYPE] =============================
2025-09-30 00:07:42.883 - INFO - [ASTER_HYPE] Connected to Aster WebSocket with listen key
2025-09-30 00:07:44.753 - INFO - [ASTER_HYPE] Current Position: 0.00 | Active closing amount: 0 | Order quantity: 0
2025-09-30 00:07:45.041 - INFO - [ASTER_HYPE] [OPEN] [51623025] OPEN 2 @ 46.85600
2025-09-30 00:07:47.610 - INFO - [ASTER_HYPE] [OPEN] [51623025] FILLED 2 @ 46.85600
2025-09-30 00:07:48.051 - INFO - [ASTER_HYPE] [CLOSE] [51623264] OPEN 2 @ 46.87500
2025-09-30 00:08:45.508 - INFO - [ASTER_HYPE] Current Position: 2.00 | Active closing amount: 2 | Order quantity: 1
2025-09-30 00:09:36.128 - INFO - [ASTER_HYPE] [CLOSE] [51623264] FILLED 2 @ 46.87500
2025-09-30 00:09:37.712 - INFO - [ASTER_HYPE] [OPEN] [51634176] OPEN 2 @ 46.89700
2025-09-30 00:09:49.826 - INFO - [ASTER_HYPE] [OPEN] [51634176] Cancelling order and placing a new order
2025-09-30 00:09:49.985 - INFO - [ASTER_HYPE] [OPEN] [51634176] CANCELED 2 @ 46.89700
2025-09-30 00:09:50.415 - INFO - [ASTER_HYPE] Current Position: 0.00 | Active closing amount: 0 | Order quantity: 0
2025-09-30 00:09:50.637 - INFO - [ASTER_HYPE] [OPEN] [51635570] OPEN 2 @ 46.95000
2025-09-30 00:09:56.192 - INFO - [ASTER_HYPE] [OPEN] [51635570] FILLED 2 @ 46.95000
2025-09-30 00:09:56.574 - INFO - [ASTER_HYPE] [CLOSE] [51636114] OPEN 2 @ 46.96900
2025-09-30 00:10:08.335 - INFO - [ASTER_HYPE] [CLOSE] [51636114] FILLED 2 @ 46.96900
2025-09-30 00:10:10.070 - INFO - [ASTER_HYPE] [OPEN] [51637606] OPEN 2 @ 46.97700
2025-09-30 00:10:22.303 - INFO - [ASTER_HYPE] [OPEN] [51637606] Cancelling order and placing a new order
2025-09-30 00:10:22.483 - INFO - [ASTER_HYPE] [OPEN] [51637606] CANCELED 2 @ 46.97700
2025-09-30 00:10:22.882 - INFO - [ASTER_HYPE] [OPEN] [51639264] OPEN 2 @ 46.97800
2025-09-30 00:10:35.049 - INFO - [ASTER_HYPE] [OPEN] [51639264] Cancelling order and placing a new order
2025-09-30 00:10:35.285 - INFO - [ASTER_HYPE] [OPEN] [51639264] CANCELED 2 @ 46.97800
2025-09-30 00:10:35.779 - INFO - [ASTER_HYPE] [OPEN] [51640656] OPEN 2 @ 47.01200
2025-09-30 00:10:38.457 - INFO - [ASTER_HYPE] [OPEN] [51640656] FILLED 2 @ 47.01200
2025-09-30 00:10:38.807 - INFO - [ASTER_HYPE] [CLOSE] [51640906] OPEN 2 @ 47.03100
2025-09-30 00:10:50.982 - INFO - [ASTER_HYPE] Current Position: 2.00 | Active closing amount: 2 | Order quantity: 1
2025-09-30 00:11:52.550 - INFO - [ASTER_HYPE] Current Position: 2.00 | Active closing amount: 2 | Order quantity: 1
2025-09-30 00:12:23.258 - INFO - [ASTER_HYPE] [OPEN] [51650630] OPEN 2 @ 46.91500
2025-09-30 00:12:24.342 - INFO - [ASTER_HYPE] [OPEN] [51650630] FILLED 2 @ 46.91500
2025-09-30 00:12:24.867 - INFO - [ASTER_HYPE] [CLOSE] [51650753] OPEN 2 @ 46.93400
2025-09-30 00:12:31.610 - INFO - [ASTER_HYPE] [CLOSE] [51650753] FILLED 2 @ 46.93400
2025-09-30 00:12:53.943 - INFO - [ASTER_HYPE] Current Position: 2.00 | Active closing amount: 2 | Order quantity: 1
2025-09-30 00:13:02.074 - INFO - [ASTER_HYPE] [OPEN] [51654720] OPEN 2 @ 46.91400
2025-09-30 00:13:02.631 - INFO - [ASTER_HYPE] [OPEN] [51654720] FILLED 2 @ 46.91400
2025-09-30 00:13:03.178 - INFO - [ASTER_HYPE] [CLOSE] [51654872] OPEN 2 @ 46.93300
2025-09-30 00:13:54.588 - INFO - [ASTER_HYPE] Current Position: 4.00 | Active closing amount: 4 | Order quantity: 2
2025-09-30 00:13:58.269 - INFO - [ASTER_HYPE] [CLOSE] [51654872] FILLED 2 @ 46.93300
2025-09-30 00:14:49.512 - INFO - [ASTER_HYPE] [CLOSE] [51640906] PARTIALLY_FILLED 0.51 @ 47.03100
2025-09-30 00:14:49.616 - INFO - [ASTER_HYPE] [CLOSE] [51640906] FILLED 2 @ 47.03100
2025-09-30 00:14:49.849 - INFO - [ASTER_HYPE] [OPEN] [51665877] OPEN 2 @ 47.03200
2025-09-30 00:14:51.894 - INFO - [ASTER_HYPE] [OPEN] [51665877] FILLED 2 @ 47.03200
2025-09-30 00:14:52.378 - INFO - [ASTER_HYPE] [CLOSE] [51666070] OPEN 2 @ 47.05100
2025-09-30 00:14:55.962 - INFO - [ASTER_HYPE] Current Position: 2.00 | Active closing amount: 2 | Order quantity: 1
2025-09-30 00:15:32.195 - INFO - [ASTER_HYPE] [CLOSE] [51666070] FILLED 2 @ 47.05100
2025-09-30 00:15:33.489 - INFO - [ASTER_HYPE] [OPEN] [51670073] OPEN 2 @ 47.05500
2025-09-30 00:15:45.621 - INFO - [ASTER_HYPE] [OPEN] [51670073] Cancelling order and placing a new order
2025-09-30 00:15:45.805 - INFO - [ASTER_HYPE] [OPEN] [51670073] CANCELED 2 @ 47.05500
2025-09-30 00:15:46.202 - INFO - [ASTER_HYPE] [OPEN] [51671580] OPEN 2 @ 47.10500
2025-09-30 00:15:47.076 - INFO - [ASTER_HYPE] [OPEN] [51671580] FILLED 2 @ 47.10500
2025-09-30 00:15:47.483 - INFO - [ASTER_HYPE] [CLOSE] [51671714] OPEN 2 @ 47.12400
2025-09-30 00:15:52.313 - INFO - [ASTER_HYPE] [CLOSE] [51671714] FILLED 2 @ 47.12400
2025-09-30 00:15:54.349 - INFO - [ASTER_HYPE] [OPEN] [51672545] OPEN 2 @ 47.13200
2025-09-30 00:15:54.349 - INFO - [ASTER_HYPE] [OPEN] [51672545] EXPIRED 2 @ 47.13200
2025-09-30 00:15:54.934 - INFO - [ASTER_HYPE] [OPEN] [51672669] OPEN 2 @ 47.13100
2025-09-30 00:15:55.452 - INFO - [ASTER_HYPE] [OPEN] [51672669] FILLED 2 @ 47.13100
2025-09-30 00:15:56.082 - INFO - [ASTER_HYPE] [CLOSE] [51672868] OPEN 2 @ 47.15000
2025-09-30 00:15:58.602 - INFO - [ASTER_HYPE] Current Position: 2.00 | Active closing amount: 2 | Order quantity: 1
2025-09-30 00:16:24.339 - INFO - [ASTER_HYPE] [OPEN] [51676566] OPEN 2 @ 47.03300
2025-09-30 00:16:24.339 - INFO - [ASTER_HYPE] [OPEN] [51676566] FILLED 2 @ 47.03300
2025-09-30 00:16:24.891 - INFO - [ASTER_HYPE] [CLOSE] [51676671] OPEN 2 @ 47.05200
2025-09-30 00:16:44.712 - INFO - [ASTER_HYPE] [CLOSE] [51676671] PARTIALLY_FILLED 0.51 @ 47.05200
2025-09-30 00:16:45.398 - INFO - [ASTER_HYPE] [CLOSE] [51676671] FILLED 2 @ 47.05200
2025-09-30 00:16:55.226 - INFO - [ASTER_HYPE] [OPEN] [51679771] OPEN 2 @ 47.04300
2025-09-30 00:16:55.226 - INFO - [ASTER_HYPE] [OPEN] [51679771] EXPIRED 2 @ 47.04300
2025-09-30 00:16:55.774 - INFO - [ASTER_HYPE] [OPEN] [51679805] OPEN 2 @ 47.03600
2025-09-30 00:17:01.982 - INFO - [ASTER_HYPE] [OPEN] [51679805] FILLED 2 @ 47.03600
2025-09-30 00:17:02.358 - INFO - [ASTER_HYPE] [CLOSE] [51680567] OPEN 2 @ 47.05500
2025-09-30 00:17:04.836 - INFO - [ASTER_HYPE] Current Position: 4.00 | Active closing amount: 4 | Order quantity: 2
2025-09-30 00:17:24.270 - INFO - [ASTER_HYPE] [OPEN] [51683301] OPEN 2 @ 46.94000
2025-09-30 00:17:36.264 - INFO - [ASTER_HYPE] [OPEN] [51683301] Cancelling order and placing a new order
2025-09-30 00:17:36.400 - INFO - [ASTER_HYPE] [OPEN] [51683301] CANCELED 2 @ 46.94000
2025-09-30 00:17:50.460 - INFO - [ASTER_HYPE] [OPEN] [51685742] OPEN 2 @ 46.92800
2025-09-30 00:17:51.353 - INFO - [ASTER_HYPE] [OPEN] [51685742] FILLED 2 @ 46.92800
2025-09-30 00:17:51.680 - INFO - [ASTER_HYPE] [CLOSE] [51685890] OPEN 2 @ 46.94700
2025-09-30 00:18:05.875 - INFO - [ASTER_HYPE] Current Position: 6.00 | Active closing amount: 6 | Order quantity: 3
2025-09-30 00:19:06.910 - INFO - [ASTER_HYPE] Current Position: 6.00 | Active closing amount: 6 | Order quantity: 3
2025-09-30 00:19:50.079 - INFO - [ASTER_HYPE] [CLOSE] [51685890] FILLED 2 @ 46.94700
2025-09-30 00:20:08.076 - INFO - [ASTER_HYPE] Current Position: 4.00 | Active closing amount: 4 | Order quantity: 2
2025-09-30 00:21:08.687 - INFO - [ASTER_HYPE] Current Position: 4.00 | Active closing amount: 4 | Order quantity: 2
2025-09-30 00:21:12.902 - INFO - [ASTER_HYPE] [OPEN] [51707809] OPEN 2 @ 46.93800
2025-09-30 00:21:13.006 - INFO - [ASTER_HYPE] [OPEN] [51707809] FILLED 2 @ 46.93800
2025-09-30 00:21:13.516 - INFO - [ASTER_HYPE] [CLOSE] [51707946] OPEN 2 @ 46.95700
2025-09-30 00:22:09.587 - INFO - [ASTER_HYPE] Current Position: 6.00 | Active closing amount: 6 | Order quantity: 3
2025-09-30 00:22:26.888 - INFO - [ASTER_HYPE] [OPEN] [51715961] OPEN 2 @ 46.84000
2025-09-30 00:22:38.964 - INFO - [ASTER_HYPE] [OPEN] [51715961] Cancelling order and placing a new order
2025-09-30 00:22:39.104 - INFO - [ASTER_HYPE] [OPEN] [51715961] CANCELED 2 @ 46.84000
2025-09-30 00:22:39.693 - INFO - [ASTER_HYPE] [OPEN] [51717202] OPEN 2 @ 46.84300
2025-09-30 00:22:46.696 - INFO - [ASTER_HYPE] [OPEN] [51717202] FILLED 2 @ 46.84300
2025-09-30 00:22:47.153 - INFO - [ASTER_HYPE] [CLOSE] [51717848] OPEN 2 @ 46.86200
2025-09-30 00:23:00.567 - INFO - [ASTER_HYPE] [CLOSE] [51717848] FILLED 2 @ 46.86200
2025-09-30 00:23:11.027 - INFO - [ASTER_HYPE] Current Position: 6.00 | Active closing amount: 6 | Order quantity: 3
2025-09-30 00:24:06.013 - INFO - [ASTER_HYPE] [OPEN] [51725753] OPEN 2 @ 46.83300
2025-09-30 00:24:18.279 - INFO - [ASTER_HYPE] [OPEN] [51725753] Cancelling order and placing a new order
2025-09-30 00:24:18.431 - INFO - [ASTER_HYPE] [OPEN] [51725753] CANCELED 2 @ 46.83300
2025-09-30 00:24:18.824 - INFO - [ASTER_HYPE] Current Position: 6.00 | Active closing amount: 6 | Order quantity: 3
2025-09-30 00:24:39.793 - INFO - [ASTER_HYPE] [OPEN] [51728883] OPEN 2 @ 46.82500
2025-09-30 00:24:44.653 - INFO - [ASTER_HYPE] [OPEN] [51728883] PARTIALLY_FILLED 0.51 @ 46.82500
2025-09-30 00:24:44.711 - INFO - [ASTER_HYPE] [OPEN] [51728883] FILLED 2 @ 46.82500
2025-09-30 00:24:45.092 - INFO - [ASTER_HYPE] [CLOSE] [51729432] OPEN 2 @ 46.84400
2025-09-30 00:25:19.723 - INFO - [ASTER_HYPE] Current Position: 8.00 | Active closing amount: 8 | Order quantity: 4
2025-09-30 00:25:59.321 - INFO - [ASTER_HYPE] [CLOSE] [51729432] FILLED 2 @ 46.84400
2025-09-30 00:26:08.205 - INFO - [ASTER_HYPE] [OPEN] [51738629] OPEN 2 @ 46.83200
2025-09-30 00:26:20.337 - INFO - [ASTER_HYPE] [OPEN] [51738629] Cancelling order and placing a new order
2025-09-30 00:26:20.516 - INFO - [ASTER_HYPE] [OPEN] [51738629] CANCELED 2 @ 46.83200
2025-09-30 00:26:20.890 - INFO - [ASTER_HYPE] Current Position: 6.00 | Active closing amount: 6 | Order quantity: 3
2025-09-30 00:27:04.042 - INFO - [ASTER_HYPE] [OPEN] [51744058] OPEN 2 @ 46.84000
2025-09-30 00:27:04.149 - INFO - [ASTER_HYPE] [OPEN] [51744058] FILLED 2 @ 46.84000
2025-09-30 00:27:04.627 - INFO - [ASTER_HYPE] [CLOSE] [51744113] OPEN 2 @ 46.85900
2025-09-30 00:27:21.866 - INFO - [ASTER_HYPE] Current Position: 8.00 | Active closing amount: 8 | Order quantity: 4
2025-09-30 00:28:22.471 - INFO - [ASTER_HYPE] Current Position: 8.00 | Active closing amount: 8 | Order quantity: 4
2025-09-30 00:29:23.495 - INFO - [ASTER_HYPE] Current Position: 8.00 | Active closing amount: 8 | Order quantity: 4
2025-09-30 00:29:31.282 - INFO - [ASTER_HYPE] [OPEN] [51757401] OPEN 2 @ 46.74200
2025-09-30 00:29:33.258 - INFO - [ASTER_HYPE] [OPEN] [51757401] FILLED 2 @ 46.74200
2025-09-30 00:29:33.859 - INFO - [ASTER_HYPE] [CLOSE] [51757716] OPEN 2 @ 46.76100
2025-09-30 00:30:24.731 - INFO - [ASTER_HYPE] Current Position: 10.00 | Active closing amount: 10 | Order quantity: 5
2025-09-30 00:30:51.417 - INFO - [ASTER_HYPE] [CLOSE] [51757716] FILLED 2 @ 46.76100
2025-09-30 00:31:15.404 - INFO - [ASTER_HYPE] [CLOSE] [51744113] FILLED 2 @ 46.85900
2025-09-30 00:31:25.817 - INFO - [ASTER_HYPE] Current Position: 6.00 | Active closing amount: 6 | Order quantity: 3
2025-09-30 00:32:26.447 - INFO - [ASTER_HYPE] Current Position: 6.00 | Active closing amount: 6 | Order quantity: 3
2025-09-30 00:33:04.001 - INFO - [ASTER_HYPE] [CLOSE] [51707946] FILLED 2 @ 46.95700
2025-09-30 00:33:23.462 - INFO - [ASTER_HYPE] [OPEN] [51779708] OPEN 2 @ 46.93900
2025-09-30 00:33:24.357 - INFO - [ASTER_HYPE] [OPEN] [51779708] FILLED 2 @ 46.93900
2025-09-30 00:33:25.182 - INFO - [ASTER_HYPE] [CLOSE] [51779895] OPEN 2 @ 46.95800
2025-09-30 00:33:27.698 - INFO - [ASTER_HYPE] Current Position: 6.00 | Active closing amount: 6 | Order quantity: 3
2025-09-30 00:34:00.663 - INFO - [ASTER_HYPE] [CLOSE] [51779895] FILLED 2 @ 46.95800
2025-09-30 00:34:15.324 - INFO - [ASTER_HYPE] [OPEN] [51784455] OPEN 2 @ 46.94000
2025-09-30 00:34:17.746 - INFO - [ASTER_HYPE] [OPEN] [51784455] FILLED 2 @ 46.94000
2025-09-30 00:34:18.176 - INFO - [ASTER_HYPE] [CLOSE] [51784707] OPEN 2 @ 46.95900
2025-09-30 00:34:28.544 - INFO - [ASTER_HYPE] Current Position: 6.00 | Active closing amount: 6 | Order quantity: 3
2025-09-30 00:34:51.525 - INFO - [ASTER_HYPE] [CLOSE] [51784707] FILLED 2 @ 46.95900
2025-09-30 00:35:21.416 - INFO - [ASTER_HYPE] [OPEN] [51790582] OPEN 2 @ 46.92800
2025-09-30 00:35:21.690 - INFO - [ASTER_HYPE] [OPEN] [51790582] FILLED 2 @ 46.92800
2025-09-30 00:35:22.244 - INFO - [ASTER_HYPE] [CLOSE] [51790684] OPEN 2 @ 46.94700
2025-09-30 00:35:29.513 - INFO - [ASTER_HYPE] Current Position: 6.00 | Active closing amount: 6 | Order quantity: 3
2025-09-30 00:35:51.802 - INFO - [ASTER_HYPE] [OPEN] [51794061] OPEN 2 @ 46.83200
2025-09-30 00:35:51.836 - INFO - [ASTER_HYPE] [OPEN] [51794061] PARTIALLY_FILLED 0.51 @ 46.83200
2025-09-30 00:35:52.125 - INFO - [ASTER_HYPE] [OPEN] [51794061] PARTIALLY_FILLED 1.02 @ 46.83200
2025-09-30 00:35:52.490 - INFO - [ASTER_HYPE] [OPEN] [51794061] FILLED 2 @ 46.83200
2025-09-30 00:35:52.894 - INFO - [ASTER_HYPE] [CLOSE] [51794158] OPEN 2 @ 46.85100
2025-09-30 00:36:07.960 - INFO - [ASTER_HYPE] [CLOSE] [51794158] FILLED 2 @ 46.85100
2025-09-30 00:36:11.717 - INFO - [ASTER_HYPE] [OPEN] [51796259] OPEN 2 @ 46.83200
2025-09-30 00:36:15.910 - INFO - [ASTER_HYPE] [OPEN] [51796259] FILLED 2 @ 46.83200
2025-09-30 00:36:16.290 - INFO - [ASTER_HYPE] [CLOSE] [51796616] OPEN 2 @ 46.85100
2025-09-30 00:36:30.356 - INFO - [ASTER_HYPE] Current Position: 8.00 | Active closing amount: 8 | Order quantity: 4
2025-09-30 00:37:30.929 - INFO - [ASTER_HYPE] Current Position: 8.00 | Active closing amount: 8 | Order quantity: 4
2025-09-30 00:38:32.088 - INFO - [ASTER_HYPE] Current Position: 8.00 | Active closing amount: 8 | Order quantity: 4
2025-09-30 00:39:03.551 - INFO - [ASTER_HYPE] [OPEN] [51812863] OPEN 2 @ 46.73400
2025-09-30 00:39:11.012 - INFO - [ASTER_HYPE] [OPEN] [51812863] PARTIALLY_FILLED 1.59 @ 46.73400
2025-09-30 00:39:15.782 - INFO - [ASTER_HYPE] [OPEN] [51812863] Cancelling order and placing a new order
2025-09-30 00:39:15.924 - INFO - [ASTER_HYPE] [OPEN] [51812863] CANCELED 2 @ 46.73400
2025-09-30 00:39:16.310 - INFO - [ASTER_HYPE] [CLOSE] [51813958] OPEN 1.59 @ 46.75300
2025-09-30 00:39:32.618 - INFO - [ASTER_HYPE] Current Position: 9.59 | Active closing amount: 9.59 | Order quantity: 5
2025-09-30 00:40:33.627 - INFO - [ASTER_HYPE] Current Position: 9.59 | Active closing amount: 9.59 | Order quantity: 5
2025-09-30 00:41:34.556 - INFO - [ASTER_HYPE] Current Position: 9.59 | Active closing amount: 9.59 | Order quantity: 5
2025-09-30 00:41:34.952 - INFO - [ASTER_HYPE] [OPEN] [51826856] OPEN 2 @ 46.63300
2025-09-30 00:41:35.944 - INFO - [ASTER_HYPE] [OPEN] [51826856] FILLED 2 @ 46.63300
2025-09-30 00:41:36.611 - INFO - [ASTER_HYPE] [CLOSE] [51826959] OPEN 2 @ 46.65200
2025-09-30 00:42:35.871 - INFO - [ASTER_HYPE] Current Position: 11.59 | Active closing amount: 11.59 | Order quantity: 6
2025-09-30 00:43:36.391 - INFO - [ASTER_HYPE] Current Position: 11.59 | Active closing amount: 11.59 | Order quantity: 6
2025-09-30 00:43:43.085 - INFO - [ASTER_HYPE] [OPEN] [51839010] OPEN 2 @ 46.53200
2025-09-30 00:43:43.754 - INFO - [ASTER_HYPE] [OPEN] [51839010] FILLED 2 @ 46.53200
2025-09-30 00:43:44.186 - INFO - [ASTER_HYPE] [CLOSE] [51839147] OPEN 2 @ 46.55100
2025-09-30 00:44:28.657 - INFO - [ASTER_HYPE] [CLOSE] [51846234] OPEN 13.59 @ 0
2025-09-30 00:44:28.657 - INFO - [ASTER_HYPE] [CLOSE] [51846234] FILLED 13.59 @ 0
2025-09-30 00:44:37.650 - INFO - [ASTER_HYPE] Current Position: 0.00 | Active closing amount: 13.59 | Order quantity: 7
2025-09-30 00:44:37.848 - INFO - [ASTER_HYPE] WebSocket disconnected
