2025-09-27 12:55:58.871 - INFO - [ASTER_SOL] === Trading Configuration ===
2025-09-27 12:55:58.871 - INFO - [ASTER_SOL] Ticker: SOL
2025-09-27 12:55:58.871 - INFO - [ASTER_SOL] Contract ID: SOLUSDT
2025-09-27 12:55:58.873 - INFO - [ASTER_SOL] Quantity: 0.5
2025-09-27 12:55:58.873 - INFO - [ASTER_SOL] Take Profit: 0.04%
2025-09-27 12:55:58.873 - INFO - [ASTER_SOL] Direction: buy
2025-09-27 12:55:58.874 - INFO - [ASTER_SOL] Max Orders: 10
2025-09-27 12:55:58.874 - INFO - [ASTER_SOL] Wait Time: 30s
2025-09-27 12:55:58.874 - INFO - [ASTER_SOL] Exchange: aster
2025-09-27 12:55:58.874 - INFO - [ASTER_SOL] Grid Step: 0.2%
2025-09-27 12:55:58.875 - INFO - [ASTER_SOL] Stop Price: -1
2025-09-27 12:55:58.875 - INFO - [ASTER_SOL] Pause Price: -1
2025-09-27 12:55:58.875 - INFO - [ASTER_SOL] Aster Boost: False
2025-09-27 12:55:58.875 - INFO - [ASTER_SOL] =============================
2025-09-27 12:55:59.602 - INFO - [ASTER_SOL] Connected to Aster WebSocket with listen key
2025-09-27 12:56:01.465 - INFO - [ASTER_SOL] Current Position: 0.00 | Active closing amount: 0 | Order quantity: 0
2025-09-27 12:56:01.825 - INFO - [ASTER_SOL] [OPEN] [1511775135] OPEN 0.50 @ 203.6400
2025-09-27 12:56:03.339 - INFO - [ASTER_SOL] [OPEN] [1511775135] FILLED 0.50 @ 203.6400
2025-09-27 12:56:04.048 - INFO - [ASTER_SOL] [CLOSE] [1511775380] OPEN 0.50 @ 203.7200
2025-09-27 12:57:02.531 - INFO - [ASTER_SOL] Current Position: 0.50 | Active closing amount: 0.50 | Order quantity: 1
2025-09-27 12:58:03.414 - INFO - [ASTER_SOL] Current Position: 0.50 | Active closing amount: 0.50 | Order quantity: 1
2025-09-27 12:59:04.280 - INFO - [ASTER_SOL] Current Position: 0.50 | Active closing amount: 0.50 | Order quantity: 1
2025-09-27 13:00:04.820 - INFO - [ASTER_SOL] Current Position: 0.50 | Active closing amount: 0.50 | Order quantity: 1
2025-09-27 13:01:06.012 - INFO - [ASTER_SOL] Current Position: 0.50 | Active closing amount: 0.50 | Order quantity: 1
2025-09-27 13:02:07.218 - INFO - [ASTER_SOL] Current Position: 0.50 | Active closing amount: 0.50 | Order quantity: 1
2025-09-27 13:03:08.256 - INFO - [ASTER_SOL] Current Position: 0.50 | Active closing amount: 0.50 | Order quantity: 1
2025-09-27 13:04:05.485 - INFO - [ASTER_SOL] [OPEN] [1511816322] OPEN 0.50 @ 203.2200
2025-09-27 13:04:17.822 - INFO - [ASTER_SOL] [OPEN] [1511816322] Cancelling order and placing a new order
2025-09-27 13:04:17.988 - INFO - [ASTER_SOL] [OPEN] [1511816322] CANCELED 0.50 @ 203.2200
2025-09-27 13:04:18.494 - INFO - [ASTER_SOL] Current Position: 0.50 | Active closing amount: 0.50 | Order quantity: 1
2025-09-27 13:04:19.099 - INFO - [ASTER_SOL] [OPEN] [1511817204] OPEN 0.50 @ 203.2200
2025-09-27 13:04:22.965 - INFO - [ASTER_SOL] [OPEN] [1511817204] FILLED 0.50 @ 203.2200
2025-09-27 13:04:23.530 - INFO - [ASTER_SOL] [CLOSE] [1511817544] OPEN 0.50 @ 203.3000
2025-09-27 13:05:19.989 - INFO - [ASTER_SOL] Current Position: 1.00 | Active closing amount: 1.00 | Order quantity: 2
2025-09-27 13:06:20.394 - INFO - [ASTER_SOL] Current Position: 1.00 | Active closing amount: 1.00 | Order quantity: 2
2025-09-27 13:07:20.756 - INFO - [ASTER_SOL] Current Position: 1.00 | Active closing amount: 1.00 | Order quantity: 2
2025-09-27 13:07:21.095 - INFO - [ASTER_SOL] [OPEN] [1511845737] OPEN 0.50 @ 202.7900
2025-09-27 13:07:33.202 - INFO - [ASTER_SOL] [OPEN] [1511845737] Cancelling order and placing a new order
2025-09-27 13:07:33.347 - INFO - [ASTER_SOL] [OPEN] [1511845737] CANCELED 0.50 @ 202.7900
2025-09-27 13:08:21.696 - INFO - [ASTER_SOL] Current Position: 1.00 | Active closing amount: 1.00 | Order quantity: 2
2025-09-27 13:08:29.488 - INFO - [ASTER_SOL] [OPEN] [1511852913] OPEN 0.50 @ 202.8000
2025-09-27 13:08:41.530 - INFO - [ASTER_SOL] [OPEN] [1511852913] Cancelling order and placing a new order
2025-09-27 13:08:41.659 - INFO - [ASTER_SOL] [OPEN] [1511852913] CANCELED 0.50 @ 202.8000
2025-09-27 13:08:42.290 - INFO - [ASTER_SOL] [OPEN] [1511854000] OPEN 0.50 @ 202.8000
2025-09-27 13:08:54.492 - INFO - [ASTER_SOL] [OPEN] [1511854000] Cancelling order and placing a new order
2025-09-27 13:08:54.624 - INFO - [ASTER_SOL] [OPEN] [1511854000] CANCELED 0.50 @ 202.8000
2025-09-27 13:08:55.086 - INFO - [ASTER_SOL] [OPEN] [1511855000] OPEN 0.50 @ 202.8000
2025-09-27 13:09:07.235 - INFO - [ASTER_SOL] [OPEN] [1511855000] Cancelling order and placing a new order
2025-09-27 13:09:07.394 - INFO - [ASTER_SOL] [OPEN] [1511855000] CANCELED 0.50 @ 202.8000
2025-09-27 13:09:19.352 - INFO - [ASTER_SOL] [OPEN] [1511857636] OPEN 0.50 @ 202.7600
2025-09-27 13:09:19.632 - INFO - [ASTER_SOL] [OPEN] [1511857636] FILLED 0.50 @ 202.7600
2025-09-27 13:09:20.245 - INFO - [ASTER_SOL] [CLOSE] [1511857734] OPEN 0.50 @ 202.8400
2025-09-27 13:09:22.748 - INFO - [ASTER_SOL] Current Position: 1.50 | Active closing amount: 1.50 | Order quantity: 3
2025-09-27 13:10:23.358 - INFO - [ASTER_SOL] Current Position: 1.50 | Active closing amount: 1.50 | Order quantity: 3
2025-09-27 13:11:24.569 - INFO - [ASTER_SOL] Current Position: 1.50 | Active closing amount: 1.50 | Order quantity: 3
2025-09-27 13:12:25.344 - INFO - [ASTER_SOL] Current Position: 1.50 | Active closing amount: 1.50 | Order quantity: 3
2025-09-27 13:13:25.922 - INFO - [ASTER_SOL] Current Position: 1.50 | Active closing amount: 1.50 | Order quantity: 3
2025-09-27 13:14:27.741 - INFO - [ASTER_SOL] Current Position: 1.50 | Active closing amount: 1.50 | Order quantity: 3
2025-09-27 13:14:57.358 - INFO - [ASTER_SOL] [OPEN] [1511895911] OPEN 0.50 @ 202.3200
2025-09-27 13:14:59.254 - INFO - [ASTER_SOL] [OPEN] [1511895911] FILLED 0.50 @ 202.3200
2025-09-27 13:14:59.934 - INFO - [ASTER_SOL] [CLOSE] [1511896280] OPEN 0.50 @ 202.4000
2025-09-27 13:15:29.173 - INFO - [ASTER_SOL] Current Position: 2.00 | Active closing amount: 2.00 | Order quantity: 4
2025-09-27 13:16:07.078 - INFO - [ASTER_SOL] [CLOSE] [1511896280] FILLED 0.50 @ 202.4000
2025-09-27 13:16:29.903 - INFO - [ASTER_SOL] Current Position: 1.50 | Active closing amount: 1.50 | Order quantity: 3
2025-09-27 13:16:40.199 - INFO - [ASTER_SOL] [OPEN] [1511914551] OPEN 24.70 @ 0
2025-09-27 13:16:40.199 - INFO - [ASTER_SOL] [OPEN] [1511914551] PARTIALLY_FILLED 0.10 @ 0
2025-09-27 13:16:40.202 - INFO - [ASTER_SOL] [OPEN] [1511914551] PARTIALLY_FILLED 0.21 @ 0
2025-09-27 13:16:40.203 - INFO - [ASTER_SOL] [OPEN] [1511914551] PARTIALLY_FILLED 0.31 @ 0
2025-09-27 13:16:40.204 - INFO - [ASTER_SOL] [OPEN] [1511914551] PARTIALLY_FILLED 1.31 @ 0
2025-09-27 13:16:40.248 - INFO - [ASTER_SOL] [OPEN] [1511914551] PARTIALLY_FILLED 2.31 @ 0
2025-09-27 13:16:40.249 - INFO - [ASTER_SOL] [OPEN] [1511914551] PARTIALLY_FILLED 2.41 @ 0
2025-09-27 13:16:40.249 - INFO - [ASTER_SOL] [OPEN] [1511914551] PARTIALLY_FILLED 2.51 @ 0
2025-09-27 13:16:40.249 - INFO - [ASTER_SOL] [OPEN] [1511914551] PARTIALLY_FILLED 3.25 @ 0
2025-09-27 13:16:40.250 - INFO - [ASTER_SOL] [OPEN] [1511914551] PARTIALLY_FILLED 4.25 @ 0
2025-09-27 13:16:40.250 - INFO - [ASTER_SOL] [OPEN] [1511914551] PARTIALLY_FILLED 4.72 @ 0
2025-09-27 13:16:40.250 - INFO - [ASTER_SOL] [OPEN] [1511914551] PARTIALLY_FILLED 4.82 @ 0
2025-09-27 13:16:40.250 - INFO - [ASTER_SOL] [OPEN] [1511914551] PARTIALLY_FILLED 5.82 @ 0
2025-09-27 13:16:40.250 - INFO - [ASTER_SOL] [OPEN] [1511914551] PARTIALLY_FILLED 6.82 @ 0
2025-09-27 13:16:40.252 - INFO - [ASTER_SOL] [OPEN] [1511914551] PARTIALLY_FILLED 6.92 @ 0
2025-09-27 13:16:40.252 - INFO - [ASTER_SOL] [OPEN] [1511914551] PARTIALLY_FILLED 6.97 @ 0
2025-09-27 13:16:40.252 - INFO - [ASTER_SOL] [OPEN] [1511914551] PARTIALLY_FILLED 15.01 @ 0
2025-09-27 13:16:40.253 - INFO - [ASTER_SOL] [OPEN] [1511914551] PARTIALLY_FILLED 15.05 @ 0
2025-09-27 13:16:40.253 - INFO - [ASTER_SOL] [OPEN] [1511914551] PARTIALLY_FILLED 15.13 @ 0
2025-09-27 13:16:40.253 - INFO - [ASTER_SOL] [OPEN] [1511914551] PARTIALLY_FILLED 15.24 @ 0
2025-09-27 13:16:40.253 - INFO - [ASTER_SOL] [OPEN] [1511914551] PARTIALLY_FILLED 15.30 @ 0
2025-09-27 13:16:40.253 - INFO - [ASTER_SOL] [OPEN] [1511914551] PARTIALLY_FILLED 15.35 @ 0
2025-09-27 13:16:40.254 - INFO - [ASTER_SOL] [OPEN] [1511914551] PARTIALLY_FILLED 15.70 @ 0
2025-09-27 13:16:40.254 - INFO - [ASTER_SOL] [OPEN] [1511914551] PARTIALLY_FILLED 16.70 @ 0
2025-09-27 13:16:40.254 - INFO - [ASTER_SOL] [OPEN] [1511914551] FILLED 24.70 @ 0
2025-09-27 13:17:31.382 - INFO - [ASTER_SOL] Current Position: 26.20 | Active closing amount: 1.50 | Order quantity: 3
2025-09-27 13:17:31.542 - INFO - [ASTER_SOL] WebSocket disconnected
2025-09-27 13:24:35.106 - INFO - [ASTER_SOL] === Trading Configuration ===
2025-09-27 13:24:35.106 - INFO - [ASTER_SOL] Ticker: SOL
2025-09-27 13:24:35.107 - INFO - [ASTER_SOL] Contract ID: SOLUSDT
2025-09-27 13:24:35.107 - INFO - [ASTER_SOL] Quantity: 0.5
2025-09-27 13:24:35.107 - INFO - [ASTER_SOL] Take Profit: 0.04%
2025-09-27 13:24:35.107 - INFO - [ASTER_SOL] Direction: buy
2025-09-27 13:24:35.107 - INFO - [ASTER_SOL] Max Orders: 10
2025-09-27 13:24:35.108 - INFO - [ASTER_SOL] Wait Time: 30s
2025-09-27 13:24:35.108 - INFO - [ASTER_SOL] Exchange: aster
2025-09-27 13:24:35.108 - INFO - [ASTER_SOL] Grid Step: 0.2%
2025-09-27 13:24:35.108 - INFO - [ASTER_SOL] Stop Price: -1
2025-09-27 13:24:35.108 - INFO - [ASTER_SOL] Pause Price: -1
2025-09-27 13:24:35.109 - INFO - [ASTER_SOL] Aster Boost: False
2025-09-27 13:24:35.109 - INFO - [ASTER_SOL] =============================
2025-09-27 13:24:35.583 - INFO - [ASTER_SOL] Connected to Aster WebSocket with listen key
2025-09-27 13:24:37.545 - INFO - [ASTER_SOL] Current Position: 26.20 | Active closing amount: 26.18 | Order quantity: 5
2025-09-27 13:25:38.846 - INFO - [ASTER_SOL] Current Position: 26.20 | Active closing amount: 26.18 | Order quantity: 5
2025-09-27 13:26:40.355 - INFO - [ASTER_SOL] Current Position: 26.20 | Active closing amount: 26.18 | Order quantity: 5
2025-09-27 13:27:41.172 - INFO - [ASTER_SOL] Current Position: 26.20 | Active closing amount: 26.18 | Order quantity: 5
2025-09-27 13:28:42.126 - INFO - [ASTER_SOL] Current Position: 26.20 | Active closing amount: 26.18 | Order quantity: 5
2025-09-27 13:29:43.095 - INFO - [ASTER_SOL] Current Position: 26.20 | Active closing amount: 26.18 | Order quantity: 5
2025-09-27 13:30:43.820 - INFO - [ASTER_SOL] Current Position: 26.20 | Active closing amount: 26.18 | Order quantity: 5
2025-09-27 13:31:44.561 - INFO - [ASTER_SOL] Current Position: 26.20 | Active closing amount: 26.18 | Order quantity: 5
2025-09-27 13:32:45.367 - INFO - [ASTER_SOL] Current Position: 26.20 | Active closing amount: 26.18 | Order quantity: 5
2025-09-27 13:33:45.658 - INFO - [ASTER_SOL] Current Position: 26.20 | Active closing amount: 26.18 | Order quantity: 5
2025-09-27 13:34:46.883 - INFO - [ASTER_SOL] Current Position: 26.20 | Active closing amount: 26.18 | Order quantity: 5
2025-09-27 13:35:47.582 - INFO - [ASTER_SOL] Current Position: 26.20 | Active closing amount: 26.18 | Order quantity: 5
2025-09-27 13:36:48.972 - INFO - [ASTER_SOL] Current Position: 26.20 | Active closing amount: 26.18 | Order quantity: 5
2025-09-27 13:37:49.536 - INFO - [ASTER_SOL] Current Position: 26.20 | Active closing amount: 26.18 | Order quantity: 5
2025-09-27 13:38:49.772 - INFO - [ASTER_SOL] Current Position: 26.20 | Active closing amount: 26.18 | Order quantity: 5
2025-09-27 13:39:31.894 - INFO - [ASTER_SOL] [CLOSE] [1511952778] FILLED 24.68 @ 202.7000
2025-09-27 13:39:50.218 - INFO - [ASTER_SOL] Current Position: 1.52 | Active closing amount: 1.50 | Order quantity: 4
2025-09-27 13:40:51.730 - INFO - [ASTER_SOL] Current Position: 1.52 | Active closing amount: 1.50 | Order quantity: 4
2025-09-27 13:41:52.637 - INFO - [ASTER_SOL] Current Position: 1.52 | Active closing amount: 1.50 | Order quantity: 4
2025-09-27 13:42:53.036 - INFO - [ASTER_SOL] Current Position: 1.52 | Active closing amount: 1.50 | Order quantity: 4
2025-09-27 13:43:53.534 - INFO - [ASTER_SOL] Current Position: 1.52 | Active closing amount: 1.50 | Order quantity: 4
2025-09-27 13:44:54.192 - INFO - [ASTER_SOL] Current Position: 1.52 | Active closing amount: 1.50 | Order quantity: 4
2025-09-27 13:45:54.520 - INFO - [ASTER_SOL] Current Position: 1.52 | Active closing amount: 1.50 | Order quantity: 4
2025-09-27 13:46:55.645 - INFO - [ASTER_SOL] Current Position: 1.52 | Active closing amount: 1.50 | Order quantity: 4
2025-09-27 13:47:56.196 - INFO - [ASTER_SOL] Current Position: 1.52 | Active closing amount: 1.50 | Order quantity: 4
2025-09-27 13:48:56.592 - INFO - [ASTER_SOL] Current Position: 1.52 | Active closing amount: 1.50 | Order quantity: 4
2025-09-27 13:49:57.454 - INFO - [ASTER_SOL] Current Position: 1.52 | Active closing amount: 1.50 | Order quantity: 4
2025-09-27 13:50:58.442 - INFO - [ASTER_SOL] Current Position: 1.52 | Active closing amount: 1.50 | Order quantity: 4
2025-09-27 13:51:59.201 - INFO - [ASTER_SOL] Current Position: 1.52 | Active closing amount: 1.50 | Order quantity: 4
2025-09-27 13:52:59.655 - INFO - [ASTER_SOL] Current Position: 1.52 | Active closing amount: 1.50 | Order quantity: 4
2025-09-27 13:54:00.342 - INFO - [ASTER_SOL] Current Position: 1.52 | Active closing amount: 1.50 | Order quantity: 4
2025-09-27 13:55:01.022 - INFO - [ASTER_SOL] Current Position: 1.52 | Active closing amount: 1.50 | Order quantity: 4
2025-09-27 13:56:02.316 - INFO - [ASTER_SOL] Current Position: 1.52 | Active closing amount: 1.50 | Order quantity: 4
2025-09-27 13:57:02.753 - INFO - [ASTER_SOL] Current Position: 1.52 | Active closing amount: 1.50 | Order quantity: 4
2025-09-27 13:58:03.113 - INFO - [ASTER_SOL] Current Position: 1.52 | Active closing amount: 1.50 | Order quantity: 4
2025-09-27 13:59:04.639 - INFO - [ASTER_SOL] Current Position: 1.52 | Active closing amount: 1.50 | Order quantity: 4
2025-09-27 14:00:05.842 - INFO - [ASTER_SOL] Current Position: 1.52 | Active closing amount: 1.50 | Order quantity: 4
2025-09-27 14:01:06.145 - INFO - [ASTER_SOL] Current Position: 1.52 | Active closing amount: 1.50 | Order quantity: 4
2025-09-27 14:02:06.472 - INFO - [ASTER_SOL] Current Position: 1.52 | Active closing amount: 1.50 | Order quantity: 4
2025-09-27 14:03:07.946 - INFO - [ASTER_SOL] Current Position: 1.52 | Active closing amount: 1.50 | Order quantity: 4
2025-09-27 14:04:08.441 - INFO - [ASTER_SOL] Current Position: 1.52 | Active closing amount: 1.50 | Order quantity: 4
2025-09-27 14:05:09.597 - INFO - [ASTER_SOL] Current Position: 1.52 | Active closing amount: 1.50 | Order quantity: 4
2025-09-27 14:06:10.520 - INFO - [ASTER_SOL] Current Position: 1.52 | Active closing amount: 1.50 | Order quantity: 4
2025-09-27 14:07:11.947 - INFO - [ASTER_SOL] Current Position: 1.52 | Active closing amount: 1.50 | Order quantity: 4
2025-09-27 14:08:12.483 - INFO - [ASTER_SOL] Current Position: 1.52 | Active closing amount: 1.50 | Order quantity: 4
2025-09-27 14:09:13.061 - INFO - [ASTER_SOL] Current Position: 1.52 | Active closing amount: 1.50 | Order quantity: 4
2025-09-27 14:10:14.500 - INFO - [ASTER_SOL] Current Position: 1.52 | Active closing amount: 1.50 | Order quantity: 4
2025-09-27 14:11:14.890 - INFO - [ASTER_SOL] Current Position: 1.52 | Active closing amount: 1.50 | Order quantity: 4
2025-09-27 14:12:14.776 - INFO - [ASTER_SOL] [CLOSE] [1511963852] CANCELED 0 @ 0
2025-09-27 14:12:15.487 - INFO - [ASTER_SOL] Current Position: 1.52 | Active closing amount: 1.50 | Order quantity: 3
2025-09-27 14:12:15.904 - INFO - [ASTER_SOL] [OPEN] [1512341806] OPEN 0.50 @ 202.2400
2025-09-27 14:12:28.052 - INFO - [ASTER_SOL] [OPEN] [1512341806] Cancelling order and placing a new order
2025-09-27 14:12:28.175 - INFO - [ASTER_SOL] [OPEN] [1512341806] CANCELED 0.50 @ 202.2400
2025-09-27 14:12:28.669 - INFO - [ASTER_SOL] [OPEN] [1512343765] OPEN 0.50 @ 202.2400
2025-09-27 14:12:41.541 - INFO - [ASTER_SOL] [OPEN] [1512343765] Cancelling order and placing a new order
2025-09-27 14:12:41.659 - INFO - [ASTER_SOL] [OPEN] [1512343765] CANCELED 0.50 @ 202.2400
2025-09-27 14:12:42.129 - INFO - [ASTER_SOL] [OPEN] [1512345793] OPEN 0.50 @ 202.2300
2025-09-27 14:12:50.976 - INFO - [ASTER_SOL] [OPEN] [1512345793] FILLED 0.50 @ 202.2300
2025-09-27 14:12:51.367 - INFO - [ASTER_SOL] [CLOSE] [1512347043] OPEN 0.50 @ 202.3100
2025-09-27 14:13:15.775 - INFO - [ASTER_SOL] Current Position: 2.02 | Active closing amount: 2.00 | Order quantity: 4
2025-09-27 14:14:16.124 - INFO - [ASTER_SOL] Current Position: 2.02 | Active closing amount: 2.00 | Order quantity: 4
2025-09-27 14:14:32.364 - INFO - [ASTER_SOL] [CLOSE] [1512347043] FILLED 0.50 @ 202.3100
2025-09-27 14:14:33.128 - INFO - [ASTER_SOL] [OPEN] [1512358454] OPEN 0.50 @ 202.3100
2025-09-27 14:14:40.363 - INFO - [ASTER_SOL] [OPEN] [1512358454] FILLED 0.50 @ 202.3100
2025-09-27 14:14:40.742 - INFO - [ASTER_SOL] [CLOSE] [1512359183] OPEN 0.50 @ 202.3900
2025-09-27 14:15:16.855 - INFO - [ASTER_SOL] Current Position: 2.02 | Active closing amount: 2.00 | Order quantity: 4
2025-09-27 14:16:18.141 - INFO - [ASTER_SOL] Current Position: 2.02 | Active closing amount: 2.00 | Order quantity: 4
2025-09-27 14:17:19.317 - INFO - [ASTER_SOL] Current Position: 2.02 | Active closing amount: 2.00 | Order quantity: 4
2025-09-27 14:18:20.506 - INFO - [ASTER_SOL] Current Position: 2.02 | Active closing amount: 2.00 | Order quantity: 4
2025-09-27 14:18:23.636 - INFO - [ASTER_SOL] [OPEN] [1512384578] OPEN 0.50 @ 201.8800
2025-09-27 14:18:35.744 - INFO - [ASTER_SOL] [OPEN] [1512384578] Cancelling order and placing a new order
2025-09-27 14:18:35.906 - INFO - [ASTER_SOL] [OPEN] [1512384578] CANCELED 0.50 @ 201.8800
2025-09-27 14:18:53.571 - INFO - [ASTER_SOL] [OPEN] [1512386905] OPEN 0.50 @ 201.8700
2025-09-27 14:18:54.309 - INFO - [ASTER_SOL] [OPEN] [1512386905] PARTIALLY_FILLED 0.11 @ 201.8700
2025-09-27 14:18:55.025 - INFO - [ASTER_SOL] [OPEN] [1512386905] PARTIALLY_FILLED 0.30 @ 201.8700
2025-09-27 14:18:57.582 - INFO - [ASTER_SOL] [OPEN] [1512386905] FILLED 0.50 @ 201.8700
2025-09-27 14:18:57.963 - INFO - [ASTER_SOL] [CLOSE] [1512387240] OPEN 0.50 @ 201.9500
2025-09-27 14:19:21.021 - INFO - [ASTER_SOL] Current Position: 2.52 | Active closing amount: 2.50 | Order quantity: 5
2025-09-27 14:19:58.918 - INFO - [ASTER_SOL] [CLOSE] [1512387240] FILLED 0.50 @ 201.9500
2025-09-27 14:20:22.473 - INFO - [ASTER_SOL] Current Position: 2.02 | Active closing amount: 2.00 | Order quantity: 4
2025-09-27 14:20:24.080 - INFO - [ASTER_SOL] [OPEN] [1512396017] OPEN 0.50 @ 201.8900
2025-09-27 14:20:31.003 - INFO - [ASTER_SOL] [OPEN] [1512396017] FILLED 0.50 @ 201.8900
2025-09-27 14:20:31.359 - INFO - [ASTER_SOL] [CLOSE] [1512396627] OPEN 0.50 @ 201.9700
2025-09-27 14:20:56.315 - INFO - [ASTER_SOL] [CLOSE] [1512396627] FILLED 0.50 @ 201.9700
2025-09-27 14:21:23.382 - INFO - [ASTER_SOL] Current Position: 2.02 | Active closing amount: 2.00 | Order quantity: 4
2025-09-27 14:21:50.400 - INFO - [ASTER_SOL] [OPEN] [1512403091] OPEN 0.50 @ 201.8900
2025-09-27 14:22:02.516 - INFO - [ASTER_SOL] [OPEN] [1512403091] Cancelling order and placing a new order
2025-09-27 14:22:02.662 - INFO - [ASTER_SOL] [OPEN] [1512403091] CANCELED 0.50 @ 201.8900
2025-09-27 14:22:03.369 - INFO - [ASTER_SOL] [OPEN] [1512404109] OPEN 0.50 @ 201.8900
2025-09-27 14:22:15.384 - INFO - [ASTER_SOL] [OPEN] [1512404109] Cancelling order and placing a new order
2025-09-27 14:22:15.542 - INFO - [ASTER_SOL] [OPEN] [1512404109] CANCELED 0.50 @ 201.8900
2025-09-27 14:22:24.729 - INFO - [ASTER_SOL] Current Position: 2.02 | Active closing amount: 2.00 | Order quantity: 4
2025-09-27 14:22:32.824 - INFO - [ASTER_SOL] [OPEN] [1512406308] OPEN 0.50 @ 201.8900
2025-09-27 14:22:44.955 - INFO - [ASTER_SOL] [OPEN] [1512406308] Cancelling order and placing a new order
2025-09-27 14:22:45.107 - INFO - [ASTER_SOL] [OPEN] [1512406308] CANCELED 0.50 @ 201.8900
2025-09-27 14:23:18.779 - INFO - [ASTER_SOL] [OPEN] [1512410021] OPEN 0.50 @ 201.8700
2025-09-27 14:23:18.796 - INFO - [ASTER_SOL] [OPEN] [1512410021] PARTIALLY_FILLED 0.14 @ 201.8700
2025-09-27 14:23:19.338 - INFO - [ASTER_SOL] [OPEN] [1512410021] PARTIALLY_FILLED 0.37 @ 201.8700
2025-09-27 14:23:24.844 - INFO - [ASTER_SOL] [OPEN] [1512410021] FILLED 0.50 @ 201.8700
2025-09-27 14:23:25.249 - INFO - [ASTER_SOL] [CLOSE] [1512410631] OPEN 0.50 @ 201.9500
2025-09-27 14:23:27.746 - INFO - [ASTER_SOL] Current Position: 2.52 | Active closing amount: 2.50 | Order quantity: 5
2025-09-27 14:24:05.649 - INFO - [ASTER_SOL] [CLOSE] [1512410631] FILLED 0.50 @ 201.9500
2025-09-27 14:24:28.920 - INFO - [ASTER_SOL] Current Position: 2.02 | Active closing amount: 2.00 | Order quantity: 4
2025-09-27 14:24:29.401 - INFO - [ASTER_SOL] [OPEN] [1512415482] OPEN 0.50 @ 201.8700
2025-09-27 14:24:41.429 - INFO - [ASTER_SOL] [OPEN] [1512415482] Cancelling order and placing a new order
2025-09-27 14:24:41.552 - INFO - [ASTER_SOL] [OPEN] [1512415482] CANCELED 0.50 @ 201.8700
2025-09-27 14:24:42.041 - INFO - [ASTER_SOL] [OPEN] [1512416543] OPEN 0.50 @ 201.8700
2025-09-27 14:24:46.571 - INFO - [ASTER_SOL] [OPEN] [1512416543] FILLED 0.50 @ 201.8700
2025-09-27 14:24:46.916 - INFO - [ASTER_SOL] [CLOSE] [1512416859] OPEN 0.50 @ 201.9500
2025-09-27 14:25:29.569 - INFO - [ASTER_SOL] Current Position: 2.52 | Active closing amount: 2.50 | Order quantity: 5
2025-09-27 14:26:30.941 - INFO - [ASTER_SOL] Current Position: 2.52 | Active closing amount: 2.50 | Order quantity: 5
2025-09-27 14:27:31.456 - INFO - [ASTER_SOL] Current Position: 2.52 | Active closing amount: 2.50 | Order quantity: 5
2025-09-27 14:28:32.081 - INFO - [ASTER_SOL] Current Position: 2.52 | Active closing amount: 2.50 | Order quantity: 5
2025-09-27 14:29:32.846 - INFO - [ASTER_SOL] Current Position: 2.52 | Active closing amount: 2.50 | Order quantity: 5
2025-09-27 14:30:34.096 - INFO - [ASTER_SOL] Current Position: 2.52 | Active closing amount: 2.50 | Order quantity: 5
2025-09-27 14:31:35.589 - INFO - [ASTER_SOL] Current Position: 2.52 | Active closing amount: 2.50 | Order quantity: 5
2025-09-27 14:32:37.196 - INFO - [ASTER_SOL] Current Position: 2.52 | Active closing amount: 2.50 | Order quantity: 5
2025-09-27 14:33:16.346 - INFO - [ASTER_SOL] [CLOSE] [1512456740] OPEN 2.52 @ 0
2025-09-27 14:33:16.346 - INFO - [ASTER_SOL] [CLOSE] [1512456740] FILLED 2.52 @ 0
2025-09-27 14:33:26.850 - INFO - [ASTER_SOL] WebSocket disconnected
2025-09-27 14:34:42.103 - INFO - [ASTER_SOL] === Trading Configuration ===
2025-09-27 14:34:42.103 - INFO - [ASTER_SOL] Ticker: SOL
2025-09-27 14:34:42.103 - INFO - [ASTER_SOL] Contract ID: SOLUSDT
2025-09-27 14:34:42.104 - INFO - [ASTER_SOL] Quantity: 0.5
2025-09-27 14:34:42.104 - INFO - [ASTER_SOL] Take Profit: 0.04%
2025-09-27 14:34:42.104 - INFO - [ASTER_SOL] Direction: buy
2025-09-27 14:34:42.104 - INFO - [ASTER_SOL] Max Orders: 10
2025-09-27 14:34:42.104 - INFO - [ASTER_SOL] Wait Time: 30s
2025-09-27 14:34:42.105 - INFO - [ASTER_SOL] Exchange: aster
2025-09-27 14:34:42.105 - INFO - [ASTER_SOL] Grid Step: 0.2%
2025-09-27 14:34:42.105 - INFO - [ASTER_SOL] Stop Price: -1
2025-09-27 14:34:42.105 - INFO - [ASTER_SOL] Pause Price: -1
2025-09-27 14:34:42.105 - INFO - [ASTER_SOL] Aster Boost: False
2025-09-27 14:34:42.105 - INFO - [ASTER_SOL] =============================
2025-09-27 14:34:42.610 - INFO - [ASTER_SOL] Connected to Aster WebSocket with listen key
2025-09-27 14:34:44.573 - INFO - [ASTER_SOL] Current Position: 0.00 | Active closing amount: 0 | Order quantity: 0
2025-09-27 14:34:44.788 - INFO - [ASTER_SOL] [OPEN] [1512463427] OPEN 0.50 @ 201.7000
2025-09-27 14:34:56.885 - INFO - [ASTER_SOL] [OPEN] [1512463427] Cancelling order and placing a new order
2025-09-27 14:34:57.038 - INFO - [ASTER_SOL] [OPEN] [1512463427] CANCELED 0.50 @ 201.7000
2025-09-27 14:34:57.537 - INFO - [ASTER_SOL] [OPEN] [1512464291] OPEN 0.50 @ 201.7000
2025-09-27 14:35:09.773 - INFO - [ASTER_SOL] [OPEN] [1512464291] Cancelling order and placing a new order
2025-09-27 14:35:09.885 - INFO - [ASTER_SOL] [OPEN] [1512464291] CANCELED 0.50 @ 201.7000
2025-09-27 14:35:10.305 - INFO - [ASTER_SOL] [OPEN] [1512465144] OPEN 0.50 @ 201.7000
2025-09-27 14:35:22.516 - INFO - [ASTER_SOL] [OPEN] [1512465144] Cancelling order and placing a new order
2025-09-27 14:35:22.643 - INFO - [ASTER_SOL] [OPEN] [1512465144] CANCELED 0.50 @ 201.7000
2025-09-27 14:35:23.028 - INFO - [ASTER_SOL] [OPEN] [1512466104] OPEN 0.50 @ 201.7000
2025-09-27 14:35:35.114 - INFO - [ASTER_SOL] [OPEN] [1512466104] Cancelling order and placing a new order
2025-09-27 14:35:35.233 - INFO - [ASTER_SOL] [OPEN] [1512466104] CANCELED 0.50 @ 201.7000
2025-09-27 14:35:35.624 - INFO - [ASTER_SOL] [OPEN] [1512466872] OPEN 0.50 @ 201.7000
2025-09-27 14:35:47.739 - INFO - [ASTER_SOL] [OPEN] [1512466872] Cancelling order and placing a new order
2025-09-27 14:35:47.895 - INFO - [ASTER_SOL] [OPEN] [1512466872] CANCELED 0.50 @ 201.7000
2025-09-27 14:35:48.278 - INFO - [ASTER_SOL] Current Position: 0.00 | Active closing amount: 0 | Order quantity: 0
2025-09-27 14:35:48.563 - INFO - [ASTER_SOL] [OPEN] [1512467803] OPEN 0.50 @ 201.7100
2025-09-27 14:36:00.661 - INFO - [ASTER_SOL] [OPEN] [1512467803] Cancelling order and placing a new order
2025-09-27 14:36:00.832 - INFO - [ASTER_SOL] [OPEN] [1512467803] CANCELED 0.50 @ 201.7100
2025-09-27 14:36:01.218 - INFO - [ASTER_SOL] [OPEN] [1512468984] OPEN 0.50 @ 201.7400
2025-09-27 14:36:11.148 - INFO - [ASTER_SOL] [OPEN] [1512468984] PARTIALLY_FILLED 0.15 @ 201.7400
2025-09-27 14:36:13.258 - INFO - [ASTER_SOL] [OPEN] [1512468984] Cancelling order and placing a new order
2025-09-27 14:36:13.401 - INFO - [ASTER_SOL] [OPEN] [1512468984] CANCELED 0.50 @ 201.7400
2025-09-27 14:36:13.787 - INFO - [ASTER_SOL] [CLOSE] [1512469944] OPEN 0.15 @ 201.8200
2025-09-27 14:36:29.323 - INFO - [ASTER_SOL] [CLOSE] [1512469944] FILLED 0.15 @ 201.8200
2025-09-27 14:36:30.823 - INFO - [ASTER_SOL] [OPEN] [1512471611] OPEN 0.50 @ 201.8100
2025-09-27 14:36:42.924 - INFO - [ASTER_SOL] [OPEN] [1512471611] Cancelling order and placing a new order
2025-09-27 14:36:43.146 - INFO - [ASTER_SOL] [OPEN] [1512471611] CANCELED 0.50 @ 201.8100
2025-09-27 14:36:43.536 - INFO - [ASTER_SOL] [OPEN] [1512472878] OPEN 0.50 @ 201.8800
2025-09-27 14:36:55.708 - INFO - [ASTER_SOL] [OPEN] [1512472878] Cancelling order and placing a new order
2025-09-27 14:36:55.873 - INFO - [ASTER_SOL] [OPEN] [1512472878] CANCELED 0.50 @ 201.8800
2025-09-27 14:36:56.275 - INFO - [ASTER_SOL] Current Position: 0.00 | Active closing amount: 0 | Order quantity: 0
2025-09-27 14:36:56.553 - INFO - [ASTER_SOL] [OPEN] [1512473780] OPEN 0.50 @ 201.8900
2025-09-27 14:37:08.652 - INFO - [ASTER_SOL] [OPEN] [1512473780] Cancelling order and placing a new order
2025-09-27 14:37:08.801 - INFO - [ASTER_SOL] [OPEN] [1512473780] CANCELED 0.50 @ 201.8900
2025-09-27 14:37:09.183 - INFO - [ASTER_SOL] [OPEN] [1512474857] OPEN 0.50 @ 201.9400
2025-09-27 14:37:21.312 - INFO - [ASTER_SOL] [OPEN] [1512474857] Cancelling order and placing a new order
2025-09-27 14:37:21.443 - INFO - [ASTER_SOL] [OPEN] [1512474857] CANCELED 0.50 @ 201.9400
2025-09-27 14:37:21.869 - INFO - [ASTER_SOL] [OPEN] [1512475881] OPEN 0.50 @ 201.9700
2025-09-27 14:37:33.978 - INFO - [ASTER_SOL] [OPEN] [1512475881] Cancelling order and placing a new order
2025-09-27 14:37:34.102 - INFO - [ASTER_SOL] [OPEN] [1512475881] CANCELED 0.50 @ 201.9700
2025-09-27 14:37:34.527 - INFO - [ASTER_SOL] [OPEN] [1512477202] OPEN 0.50 @ 202.0200
2025-09-27 14:37:46.700 - INFO - [ASTER_SOL] [OPEN] [1512477202] Cancelling order and placing a new order
2025-09-27 14:37:46.826 - INFO - [ASTER_SOL] [OPEN] [1512477202] CANCELED 0.50 @ 202.0200
2025-09-27 14:37:47.190 - INFO - [ASTER_SOL] [OPEN] [1512478638] OPEN 0.50 @ 202.0900
2025-09-27 14:37:48.033 - INFO - [ASTER_SOL] [OPEN] [1512478638] PARTIALLY_FILLED 0.18 @ 202.0900
2025-09-27 14:37:48.034 - INFO - [ASTER_SOL] [OPEN] [1512478638] FILLED 0.50 @ 202.0900
2025-09-27 14:37:48.601 - INFO - [ASTER_SOL] [CLOSE] [1512478796] OPEN 0.50 @ 202.1700
2025-09-27 14:37:56.767 - INFO - [ASTER_SOL] Current Position: 0.50 | Active closing amount: 0.50 | Order quantity: 1
2025-09-27 14:38:57.640 - INFO - [ASTER_SOL] Current Position: 0.50 | Active closing amount: 0.50 | Order quantity: 1
2025-09-27 14:39:58.861 - INFO - [ASTER_SOL] Current Position: 0.50 | Active closing amount: 0.50 | Order quantity: 1
2025-09-27 14:40:59.869 - INFO - [ASTER_SOL] Current Position: 0.50 | Active closing amount: 0.50 | Order quantity: 1
2025-09-27 14:42:00.892 - INFO - [ASTER_SOL] Current Position: 0.50 | Active closing amount: 0.50 | Order quantity: 1
2025-09-27 14:43:01.335 - INFO - [ASTER_SOL] Current Position: 0.50 | Active closing amount: 0.50 | Order quantity: 1
2025-09-27 14:44:02.506 - INFO - [ASTER_SOL] Current Position: 0.50 | Active closing amount: 0.50 | Order quantity: 1
2025-09-27 14:45:02.866 - INFO - [ASTER_SOL] Current Position: 0.50 | Active closing amount: 0.50 | Order quantity: 1
2025-09-27 14:46:03.316 - INFO - [ASTER_SOL] Current Position: 0.50 | Active closing amount: 0.50 | Order quantity: 1
2025-09-27 14:46:41.281 - INFO - [ASTER_SOL] [CLOSE] [1512478796] FILLED 0.50 @ 202.1700
2025-09-27 14:46:42.697 - INFO - [ASTER_SOL] [OPEN] [1512521250] OPEN 0.50 @ 202.1700
2025-09-27 14:46:54.924 - INFO - [ASTER_SOL] [OPEN] [1512521250] Cancelling order and placing a new order
2025-09-27 14:46:55.063 - INFO - [ASTER_SOL] [OPEN] [1512521250] CANCELED 0.50 @ 202.1700
2025-09-27 14:46:55.397 - INFO - [ASTER_SOL] [OPEN] [1512522085] OPEN 0.50 @ 202.1700
2025-09-27 14:47:07.500 - INFO - [ASTER_SOL] [OPEN] [1512522085] Cancelling order and placing a new order
2025-09-27 14:47:07.618 - INFO - [ASTER_SOL] [OPEN] [1512522085] CANCELED 0.50 @ 202.1700
2025-09-27 14:47:08.056 - INFO - [ASTER_SOL] Current Position: 0.00 | Active closing amount: 0 | Order quantity: 0
2025-09-27 14:47:08.279 - INFO - [ASTER_SOL] [OPEN] [1512523907] OPEN 0.50 @ 202.2300
2025-09-27 14:47:20.310 - INFO - [ASTER_SOL] [OPEN] [1512523907] Cancelling order and placing a new order
2025-09-27 14:47:20.424 - INFO - [ASTER_SOL] [OPEN] [1512523907] CANCELED 0.50 @ 202.2300
2025-09-27 14:47:20.758 - INFO - [ASTER_SOL] [OPEN] [1512524895] OPEN 0.50 @ 202.2600
2025-09-27 14:47:33.323 - INFO - [ASTER_SOL] [OPEN] [1512524895] Cancelling order and placing a new order
2025-09-27 14:47:33.485 - INFO - [ASTER_SOL] [OPEN] [1512524895] CANCELED 0.50 @ 202.2600
2025-09-27 14:47:33.830 - INFO - [ASTER_SOL] [OPEN] [1512525765] OPEN 0.50 @ 202.2600
2025-09-27 14:47:45.922 - INFO - [ASTER_SOL] [OPEN] [1512525765] Cancelling order and placing a new order
2025-09-27 14:47:46.052 - INFO - [ASTER_SOL] [OPEN] [1512525765] CANCELED 0.50 @ 202.2600
2025-09-27 14:47:46.386 - INFO - [ASTER_SOL] [OPEN] [1512526685] OPEN 0.50 @ 202.2600
2025-09-27 14:47:58.548 - INFO - [ASTER_SOL] [OPEN] [1512526685] Cancelling order and placing a new order
2025-09-27 14:47:58.714 - INFO - [ASTER_SOL] [OPEN] [1512526685] CANCELED 0.50 @ 202.2600
2025-09-27 14:47:59.089 - INFO - [ASTER_SOL] [OPEN] [1512527673] OPEN 0.50 @ 202.3100
2025-09-27 14:48:00.896 - INFO - [ASTER_SOL] [OPEN] [1512527673] PARTIALLY_FILLED 0.12 @ 202.3100
2025-09-27 14:48:00.897 - INFO - [ASTER_SOL] [OPEN] [1512527673] FILLED 0.50 @ 202.3100
2025-09-27 14:48:01.252 - INFO - [ASTER_SOL] [CLOSE] [1512527936] OPEN 0.50 @ 202.3900
2025-09-27 14:48:08.552 - INFO - [ASTER_SOL] Current Position: 0.50 | Active closing amount: 0.50 | Order quantity: 1
2025-09-27 14:49:09.936 - INFO - [ASTER_SOL] Current Position: 0.50 | Active closing amount: 0.50 | Order quantity: 1
2025-09-27 14:50:10.496 - INFO - [ASTER_SOL] Current Position: 0.50 | Active closing amount: 0.50 | Order quantity: 1
2025-09-27 14:51:02.402 - INFO - [ASTER_SOL] [CLOSE] [1512527936] FILLED 0.50 @ 202.3900
2025-09-27 14:51:03.627 - INFO - [ASTER_SOL] [OPEN] [1512539952] OPEN 0.50 @ 202.3900
2025-09-27 14:51:05.750 - INFO - [ASTER_SOL] [OPEN] [1512539952] FILLED 0.50 @ 202.3900
2025-09-27 14:51:06.146 - INFO - [ASTER_SOL] [CLOSE] [1512540279] OPEN 0.50 @ 202.4700
2025-09-27 14:51:10.848 - INFO - [ASTER_SOL] Current Position: 0.50 | Active closing amount: 0.50 | Order quantity: 1
2025-09-27 14:52:12.008 - INFO - [ASTER_SOL] Current Position: 0.50 | Active closing amount: 0.50 | Order quantity: 1
2025-09-27 14:53:12.539 - INFO - [ASTER_SOL] Current Position: 0.50 | Active closing amount: 0.50 | Order quantity: 1
2025-09-27 14:54:13.512 - INFO - [ASTER_SOL] Current Position: 0.50 | Active closing amount: 0.50 | Order quantity: 1
2025-09-27 14:55:14.306 - INFO - [ASTER_SOL] Current Position: 0.50 | Active closing amount: 0.50 | Order quantity: 1
2025-09-27 14:55:48.464 - INFO - [ASTER_SOL] [CLOSE] [1512540279] PARTIALLY_FILLED 0.01 @ 202.4700
2025-09-27 14:55:49.110 - INFO - [ASTER_SOL] [CLOSE] [1512540279] PARTIALLY_FILLED 0.22 @ 202.4700
2025-09-27 14:55:49.576 - INFO - [ASTER_SOL] [CLOSE] [1512540279] FILLED 0.50 @ 202.4700
2025-09-27 14:55:49.840 - INFO - [ASTER_SOL] [OPEN] [1512559673] OPEN 0.50 @ 202.4700
2025-09-27 14:56:01.956 - INFO - [ASTER_SOL] [OPEN] [1512559673] Cancelling order and placing a new order
2025-09-27 14:56:02.080 - INFO - [ASTER_SOL] [OPEN] [1512559673] CANCELED 0.50 @ 202.4700
2025-09-27 14:56:02.495 - INFO - [ASTER_SOL] [OPEN] [1512560884] OPEN 0.50 @ 202.4900
2025-09-27 14:56:13.875 - INFO - [ASTER_SOL] [OPEN] [1512560884] PARTIALLY_FILLED 0.05 @ 202.4900
2025-09-27 14:56:14.736 - INFO - [ASTER_SOL] [OPEN] [1512560884] Cancelling order and placing a new order
2025-09-27 14:56:14.876 - INFO - [ASTER_SOL] [OPEN] [1512560884] CANCELED 0.50 @ 202.4900
2025-09-27 14:56:15.392 - INFO - [ASTER_SOL] [CLOSE] [1512561723] OPEN 0.05 @ 202.5700
2025-09-27 14:56:17.957 - INFO - [ASTER_SOL] Current Position: 0.05 | Active closing amount: 0.05 | Order quantity: 1
2025-09-27 14:57:18.232 - INFO - [ASTER_SOL] Current Position: 0.05 | Active closing amount: 0.05 | Order quantity: 1
2025-09-27 14:58:18.927 - INFO - [ASTER_SOL] Current Position: 0.05 | Active closing amount: 0.05 | Order quantity: 1
2025-09-27 14:59:20.261 - INFO - [ASTER_SOL] Current Position: 0.05 | Active closing amount: 0.05 | Order quantity: 1
2025-09-27 15:00:01.610 - INFO - [ASTER_SOL] [CLOSE] [1512561723] FILLED 0.05 @ 202.5700
2025-09-27 15:00:02.757 - INFO - [ASTER_SOL] [OPEN] [1512576793] OPEN 0.50 @ 202.5600
2025-09-27 15:00:03.974 - INFO - [ASTER_SOL] [OPEN] [1512576793] PARTIALLY_FILLED 0.48 @ 202.5600
2025-09-27 15:00:04.314 - INFO - [ASTER_SOL] [OPEN] [1512576793] FILLED 0.50 @ 202.5600
2025-09-27 15:00:04.738 - INFO - [ASTER_SOL] [CLOSE] [1512576990] OPEN 0.50 @ 202.6400
2025-09-27 15:00:20.934 - INFO - [ASTER_SOL] Current Position: 0.50 | Active closing amount: 0.50 | Order quantity: 1
2025-09-27 15:00:54.273 - INFO - [ASTER_SOL] [CLOSE] [1512576990] FILLED 0.50 @ 202.6400
2025-09-27 15:00:55.657 - INFO - [ASTER_SOL] [OPEN] [1512581165] OPEN 0.50 @ 202.6400
2025-09-27 15:01:07.678 - INFO - [ASTER_SOL] [OPEN] [1512581165] Cancelling order and placing a new order
2025-09-27 15:01:07.816 - INFO - [ASTER_SOL] [OPEN] [1512581165] CANCELED 0.50 @ 202.6400
2025-09-27 15:01:08.184 - INFO - [ASTER_SOL] [OPEN] [1512581981] OPEN 0.50 @ 202.6500
2025-09-27 15:01:20.348 - INFO - [ASTER_SOL] [OPEN] [1512581981] Cancelling order and placing a new order
2025-09-27 15:01:20.496 - INFO - [ASTER_SOL] [OPEN] [1512581981] CANCELED 0.50 @ 202.6500
2025-09-27 15:01:20.882 - INFO - [ASTER_SOL] [OPEN] [1512582799] OPEN 0.50 @ 202.6700
2025-09-27 15:01:33.205 - INFO - [ASTER_SOL] [OPEN] [1512582799] Cancelling order and placing a new order
2025-09-27 15:01:33.402 - INFO - [ASTER_SOL] [OPEN] [1512582799] CANCELED 0.50 @ 202.6700
2025-09-27 15:01:33.782 - INFO - [ASTER_SOL] Current Position: 0.00 | Active closing amount: 0 | Order quantity: 0
2025-09-27 15:01:34.045 - INFO - [ASTER_SOL] [OPEN] [1512583924] OPEN 0.50 @ 202.7100
2025-09-27 15:01:46.607 - INFO - [ASTER_SOL] [OPEN] [1512583924] Cancelling order and placing a new order
2025-09-27 15:01:46.766 - INFO - [ASTER_SOL] [OPEN] [1512583924] CANCELED 0.50 @ 202.7100
2025-09-27 15:01:47.109 - INFO - [ASTER_SOL] [OPEN] [1512585215] OPEN 0.50 @ 202.7400
2025-09-27 15:01:59.114 - INFO - [ASTER_SOL] [OPEN] [1512585215] Cancelling order and placing a new order
2025-09-27 15:01:59.235 - INFO - [ASTER_SOL] [OPEN] [1512585215] CANCELED 0.50 @ 202.7400
2025-09-27 15:01:59.598 - INFO - [ASTER_SOL] [OPEN] [1512586720] OPEN 0.50 @ 202.8600
2025-09-27 15:02:11.967 - INFO - [ASTER_SOL] [OPEN] [1512586720] Cancelling order and placing a new order
2025-09-27 15:02:12.186 - INFO - [ASTER_SOL] [OPEN] [1512586720] CANCELED 0.50 @ 202.8600
2025-09-27 15:02:12.545 - INFO - [ASTER_SOL] [OPEN] [1512588258] OPEN 0.50 @ 202.9300
2025-09-27 15:02:24.724 - INFO - [ASTER_SOL] [OPEN] [1512588258] Cancelling order and placing a new order
2025-09-27 15:02:24.854 - INFO - [ASTER_SOL] [OPEN] [1512588258] CANCELED 0.50 @ 202.9300
2025-09-27 15:02:25.392 - INFO - [ASTER_SOL] [OPEN] [1512589213] OPEN 0.50 @ 202.9300
2025-09-27 15:02:37.656 - INFO - [ASTER_SOL] [OPEN] [1512589213] Cancelling order and placing a new order
2025-09-27 15:02:37.780 - INFO - [ASTER_SOL] [OPEN] [1512589213] CANCELED 0.50 @ 202.9300
2025-09-27 15:02:38.137 - INFO - [ASTER_SOL] Current Position: 0.00 | Active closing amount: 0 | Order quantity: 0
2025-09-27 15:02:38.638 - INFO - [ASTER_SOL] [OPEN] [1512590506] OPEN 0.50 @ 203.0500
2025-09-27 15:02:38.638 - INFO - [ASTER_SOL] [OPEN] [1512590506] EXPIRED 0.50 @ 203.0500
2025-09-27 15:02:39.390 - INFO - [ASTER_SOL] [OPEN] [1512590639] OPEN 0.50 @ 203.0500
2025-09-27 15:02:48.333 - INFO - [ASTER_SOL] [OPEN] [1512590639] FILLED 0.50 @ 203.0500
2025-09-27 15:02:48.719 - INFO - [ASTER_SOL] [CLOSE] [1512591465] OPEN 0.50 @ 203.1300
2025-09-27 15:03:39.777 - INFO - [ASTER_SOL] Current Position: 0.50 | Active closing amount: 0.50 | Order quantity: 1
2025-09-27 15:04:40.153 - INFO - [ASTER_SOL] Current Position: 0.50 | Active closing amount: 0.50 | Order quantity: 1
2025-09-27 15:05:41.734 - INFO - [ASTER_SOL] Current Position: 0.50 | Active closing amount: 0.50 | Order quantity: 1
2025-09-27 15:06:42.502 - INFO - [ASTER_SOL] Current Position: 0.50 | Active closing amount: 0.50 | Order quantity: 1
2025-09-27 15:07:14.692 - INFO - [ASTER_SOL] [CLOSE] [1512591465] FILLED 0.50 @ 203.1300
2025-09-27 15:07:16.251 - INFO - [ASTER_SOL] [OPEN] [1512613847] OPEN 0.50 @ 203.0300
2025-09-27 15:07:16.252 - INFO - [ASTER_SOL] [OPEN] [1512613847] EXPIRED 0.50 @ 203.0300
2025-09-27 15:07:16.788 - INFO - [ASTER_SOL] [OPEN] [1512613884] OPEN 0.50 @ 203.0100
2025-09-27 15:07:21.957 - INFO - [ASTER_SOL] [OPEN] [1512613884] FILLED 0.50 @ 203.0100
2025-09-27 15:07:22.348 - INFO - [ASTER_SOL] [CLOSE] [1512614291] OPEN 0.50 @ 203.0900
2025-09-27 15:07:43.391 - INFO - [ASTER_SOL] Current Position: 0.50 | Active closing amount: 0.50 | Order quantity: 1
2025-09-27 15:08:44.798 - INFO - [ASTER_SOL] Current Position: 0.50 | Active closing amount: 0.50 | Order quantity: 1
2025-09-27 15:09:46.338 - INFO - [ASTER_SOL] Current Position: 0.50 | Active closing amount: 0.50 | Order quantity: 1
2025-09-27 15:10:47.743 - INFO - [ASTER_SOL] Current Position: 0.50 | Active closing amount: 0.50 | Order quantity: 1
2025-09-27 15:11:48.239 - INFO - [ASTER_SOL] Current Position: 0.50 | Active closing amount: 0.50 | Order quantity: 1
2025-09-27 15:12:49.552 - INFO - [ASTER_SOL] Current Position: 0.50 | Active closing amount: 0.50 | Order quantity: 1
2025-09-27 15:13:50.845 - INFO - [ASTER_SOL] Current Position: 0.50 | Active closing amount: 0.50 | Order quantity: 1
2025-09-27 15:14:51.159 - INFO - [ASTER_SOL] Current Position: 0.50 | Active closing amount: 0.50 | Order quantity: 1
2025-09-27 15:15:51.830 - INFO - [ASTER_SOL] Current Position: 0.50 | Active closing amount: 0.50 | Order quantity: 1
2025-09-27 15:16:53.226 - INFO - [ASTER_SOL] Current Position: 0.50 | Active closing amount: 0.50 | Order quantity: 1
2025-09-27 15:17:53.746 - INFO - [ASTER_SOL] Current Position: 0.50 | Active closing amount: 0.50 | Order quantity: 1
2025-09-27 15:17:54.148 - INFO - [ASTER_SOL] [OPEN] [1512668298] OPEN 0.50 @ 202.5900
2025-09-27 15:17:55.843 - INFO - [ASTER_SOL] [OPEN] [1512668298] FILLED 0.50 @ 202.5900
2025-09-27 15:17:56.296 - INFO - [ASTER_SOL] [CLOSE] [1512668503] OPEN 0.50 @ 202.6700
2025-09-27 15:18:55.147 - INFO - [ASTER_SOL] Current Position: 1.00 | Active closing amount: 1.00 | Order quantity: 2
2025-09-27 15:19:11.113 - INFO - [ASTER_SOL] [CLOSE] [1512668503] FILLED 0.50 @ 202.6700
2025-09-27 15:19:55.832 - INFO - [ASTER_SOL] Current Position: 0.50 | Active closing amount: 0.50 | Order quantity: 1
2025-09-27 15:20:56.684 - INFO - [ASTER_SOL] Current Position: 0.50 | Active closing amount: 0.50 | Order quantity: 1
2025-09-27 15:21:58.093 - INFO - [ASTER_SOL] Current Position: 0.50 | Active closing amount: 0.50 | Order quantity: 1
2025-09-27 15:22:59.695 - INFO - [ASTER_SOL] Current Position: 0.50 | Active closing amount: 0.50 | Order quantity: 1
2025-09-27 15:23:54.232 - INFO - [ASTER_SOL] [OPEN] [1512700403] OPEN 0.50 @ 202.5900
2025-09-27 15:24:06.439 - INFO - [ASTER_SOL] [OPEN] [1512700403] Cancelling order and placing a new order
2025-09-27 15:24:06.622 - INFO - [ASTER_SOL] [OPEN] [1512700403] CANCELED 0.50 @ 202.5900
2025-09-27 15:24:07.063 - INFO - [ASTER_SOL] Current Position: 0.50 | Active closing amount: 0.50 | Order quantity: 1
2025-09-27 15:24:07.410 - INFO - [ASTER_SOL] [OPEN] [1512701315] OPEN 0.50 @ 202.5900
2025-09-27 15:24:17.716 - INFO - [ASTER_SOL] [OPEN] [1512701315] PARTIALLY_FILLED 0.05 @ 202.5900
2025-09-27 15:24:19.615 - INFO - [ASTER_SOL] [OPEN] [1512701315] Cancelling order and placing a new order
2025-09-27 15:24:19.831 - INFO - [ASTER_SOL] [OPEN] [1512701315] CANCELED 0.50 @ 202.5900
2025-09-27 15:24:20.359 - INFO - [ASTER_SOL] [CLOSE] [1512702307] OPEN 0.05 @ 202.6700
2025-09-27 15:25:08.490 - INFO - [ASTER_SOL] Current Position: 0.55 | Active closing amount: 0.55 | Order quantity: 2
2025-09-27 15:26:09.836 - INFO - [ASTER_SOL] Current Position: 0.55 | Active closing amount: 0.55 | Order quantity: 2
2025-09-27 15:27:11.114 - INFO - [ASTER_SOL] Current Position: 0.55 | Active closing amount: 0.55 | Order quantity: 2
2025-09-27 15:28:12.588 - INFO - [ASTER_SOL] Current Position: 0.55 | Active closing amount: 0.55 | Order quantity: 2
2025-09-27 15:29:13.268 - INFO - [ASTER_SOL] Current Position: 0.55 | Active closing amount: 0.55 | Order quantity: 2
2025-09-27 15:30:13.689 - INFO - [ASTER_SOL] Current Position: 0.55 | Active closing amount: 0.55 | Order quantity: 2
2025-09-27 15:31:14.447 - INFO - [ASTER_SOL] Current Position: 0.55 | Active closing amount: 0.55 | Order quantity: 2
2025-09-27 15:32:15.031 - INFO - [ASTER_SOL] Current Position: 0.55 | Active closing amount: 0.55 | Order quantity: 2
2025-09-27 15:33:15.710 - INFO - [ASTER_SOL] Current Position: 0.55 | Active closing amount: 0.55 | Order quantity: 2
2025-09-27 15:34:16.707 - INFO - [ASTER_SOL] Current Position: 0.55 | Active closing amount: 0.55 | Order quantity: 2
2025-09-27 15:35:18.269 - INFO - [ASTER_SOL] Current Position: 0.55 | Active closing amount: 0.55 | Order quantity: 2
2025-09-27 15:35:48.566 - INFO - [ASTER_SOL] [OPEN] [1512760623] OPEN 0.50 @ 202.1600
2025-09-27 15:35:49.364 - INFO - [ASTER_SOL] [OPEN] [1512760623] FILLED 0.50 @ 202.1600
2025-09-27 15:35:49.911 - INFO - [ASTER_SOL] [CLOSE] [1512760794] OPEN 0.50 @ 202.2400
2025-09-27 15:36:19.360 - INFO - [ASTER_SOL] Current Position: 1.05 | Active closing amount: 1.05 | Order quantity: 3
2025-09-27 15:37:20.472 - INFO - [ASTER_SOL] Current Position: 1.05 | Active closing amount: 1.05 | Order quantity: 3
2025-09-27 15:38:21.004 - INFO - [ASTER_SOL] Current Position: 1.05 | Active closing amount: 1.05 | Order quantity: 3
2025-09-27 15:39:21.860 - INFO - [ASTER_SOL] Current Position: 1.05 | Active closing amount: 1.05 | Order quantity: 3
2025-09-27 15:40:22.172 - INFO - [ASTER_SOL] Current Position: 1.05 | Active closing amount: 1.05 | Order quantity: 3
2025-09-27 15:41:23.394 - INFO - [ASTER_SOL] Current Position: 1.05 | Active closing amount: 1.05 | Order quantity: 3
2025-09-27 15:42:23.704 - INFO - [ASTER_SOL] Current Position: 1.05 | Active closing amount: 1.05 | Order quantity: 3
2025-09-27 15:43:24.925 - INFO - [ASTER_SOL] Current Position: 1.05 | Active closing amount: 1.05 | Order quantity: 3
2025-09-27 15:44:25.778 - INFO - [ASTER_SOL] Current Position: 1.05 | Active closing amount: 1.05 | Order quantity: 3
2025-09-27 15:45:26.874 - INFO - [ASTER_SOL] Current Position: 1.05 | Active closing amount: 1.05 | Order quantity: 3
2025-09-27 15:45:51.754 - INFO - [ASTER_SOL] [OPEN] [1512811018] OPEN 0.50 @ 201.7100
2025-09-27 15:46:03.863 - INFO - [ASTER_SOL] [OPEN] [1512811018] Cancelling order and placing a new order
2025-09-27 15:46:04.004 - INFO - [ASTER_SOL] [OPEN] [1512811018] CANCELED 0.50 @ 201.7100
2025-09-27 15:46:07.128 - INFO - [ASTER_SOL] [OPEN] [1512812820] OPEN 0.50 @ 201.6900
2025-09-27 15:46:07.172 - INFO - [ASTER_SOL] [OPEN] [1512812820] FILLED 0.50 @ 201.6900
2025-09-27 15:46:07.722 - INFO - [ASTER_SOL] [CLOSE] [1512812963] OPEN 0.50 @ 201.7700
2025-09-27 15:46:27.614 - INFO - [ASTER_SOL] Current Position: 1.55 | Active closing amount: 1.55 | Order quantity: 4
2025-09-27 15:47:28.484 - INFO - [ASTER_SOL] Current Position: 1.55 | Active closing amount: 1.55 | Order quantity: 4
2025-09-27 15:48:13.333 - INFO - [ASTER_SOL] [CLOSE] [1512812963] FILLED 0.50 @ 201.7700
2025-09-27 15:48:18.017 - INFO - [ASTER_SOL] [OPEN] [1512826937] OPEN 0.50 @ 201.7400
2025-09-27 15:48:18.785 - INFO - [ASTER_SOL] [OPEN] [1512826937] PARTIALLY_FILLED 0.29 @ 201.7400
2025-09-27 15:48:21.686 - INFO - [ASTER_SOL] [OPEN] [1512826937] FILLED 0.50 @ 201.7400
2025-09-27 15:48:22.173 - INFO - [ASTER_SOL] [CLOSE] [1512827355] OPEN 0.50 @ 201.8200
2025-09-27 15:48:29.190 - INFO - [ASTER_SOL] Current Position: 1.55 | Active closing amount: 1.55 | Order quantity: 4
2025-09-27 15:48:30.903 - INFO - [ASTER_SOL] [CLOSE] [1512827355] FILLED 0.50 @ 201.8200
2025-09-27 15:49:30.109 - INFO - [ASTER_SOL] Current Position: 1.05 | Active closing amount: 1.05 | Order quantity: 3
2025-09-27 15:50:31.241 - INFO - [ASTER_SOL] Current Position: 1.05 | Active closing amount: 1.05 | Order quantity: 3
2025-09-27 15:51:32.364 - INFO - [ASTER_SOL] Current Position: 1.05 | Active closing amount: 1.05 | Order quantity: 3
2025-09-27 15:52:33.076 - INFO - [ASTER_SOL] Current Position: 1.05 | Active closing amount: 1.05 | Order quantity: 3
2025-09-27 15:53:33.950 - INFO - [ASTER_SOL] Current Position: 1.05 | Active closing amount: 1.05 | Order quantity: 3
2025-09-27 15:54:34.550 - INFO - [ASTER_SOL] Current Position: 1.05 | Active closing amount: 1.05 | Order quantity: 3
2025-09-27 15:55:35.037 - INFO - [ASTER_SOL] Current Position: 1.05 | Active closing amount: 1.05 | Order quantity: 3
2025-09-27 15:56:35.787 - INFO - [ASTER_SOL] Current Position: 1.05 | Active closing amount: 1.05 | Order quantity: 3
2025-09-27 15:57:36.522 - INFO - [ASTER_SOL] Current Position: 1.05 | Active closing amount: 1.05 | Order quantity: 3
2025-09-27 15:58:37.102 - INFO - [ASTER_SOL] Current Position: 1.05 | Active closing amount: 1.05 | Order quantity: 3
2025-09-27 15:59:37.945 - INFO - [ASTER_SOL] Current Position: 1.05 | Active closing amount: 1.05 | Order quantity: 3
2025-09-27 16:00:38.274 - INFO - [ASTER_SOL] Current Position: 1.05 | Active closing amount: 1.05 | Order quantity: 3
2025-09-27 16:01:38.612 - INFO - [ASTER_SOL] Current Position: 1.05 | Active closing amount: 1.05 | Order quantity: 3
2025-09-27 16:02:40.026 - INFO - [ASTER_SOL] Current Position: 1.05 | Active closing amount: 1.05 | Order quantity: 3
2025-09-27 16:03:40.841 - INFO - [ASTER_SOL] Current Position: 1.05 | Active closing amount: 1.05 | Order quantity: 3
2025-09-27 16:04:41.926 - INFO - [ASTER_SOL] Current Position: 1.05 | Active closing amount: 1.05 | Order quantity: 3
2025-09-27 16:05:15.925 - INFO - [ASTER_SOL] [OPEN] [1512911810] OPEN 0.50 @ 201.6400
2025-09-27 16:05:28.117 - INFO - [ASTER_SOL] [OPEN] [1512911810] Cancelling order and placing a new order
2025-09-27 16:05:28.244 - INFO - [ASTER_SOL] [OPEN] [1512911810] CANCELED 0.50 @ 201.6400
2025-09-27 16:05:28.937 - INFO - [ASTER_SOL] [OPEN] [1512915410] OPEN 0.50 @ 201.6900
2025-09-27 16:05:28.939 - INFO - [ASTER_SOL] [OPEN] [1512915410] EXPIRED 0.50 @ 201.6900
2025-09-27 16:05:29.439 - INFO - [ASTER_SOL] [OPEN] [1512915510] OPEN 0.50 @ 201.6900
2025-09-27 16:05:29.439 - INFO - [ASTER_SOL] [OPEN] [1512915510] EXPIRED 0.50 @ 201.6900
2025-09-27 16:05:30.139 - INFO - [ASTER_SOL] [OPEN] [1512915633] OPEN 0.50 @ 201.7100
2025-09-27 16:05:30.140 - INFO - [ASTER_SOL] [OPEN] [1512915633] EXPIRED 0.50 @ 201.7100
2025-09-27 16:05:31.003 - INFO - [ASTER_SOL] [OPEN] [1512915840] OPEN 0.50 @ 201.7300
2025-09-27 16:05:31.003 - INFO - [ASTER_SOL] [OPEN] [1512915840] EXPIRED 0.50 @ 201.7300
2025-09-27 16:05:31.385 - INFO - [ASTER_SOL] [OPEN] Attempt 5 to place order
2025-09-27 16:05:32.044 - INFO - [ASTER_SOL] [OPEN] [1512916050] OPEN 0.50 @ 201.7300
2025-09-27 16:05:32.044 - INFO - [ASTER_SOL] [OPEN] [1512916050] EXPIRED 0.50 @ 201.7300
2025-09-27 16:05:32.617 - INFO - [ASTER_SOL] [OPEN] [1512916247] OPEN 0.50 @ 201.7200
2025-09-27 16:05:32.617 - INFO - [ASTER_SOL] [OPEN] [1512916247] EXPIRED 0.50 @ 201.7200
2025-09-27 16:05:33.111 - INFO - [ASTER_SOL] [OPEN] [1512916370] OPEN 0.50 @ 201.7300
2025-09-27 16:05:33.111 - INFO - [ASTER_SOL] [OPEN] [1512916370] EXPIRED 0.50 @ 201.7300
2025-09-27 16:05:33.939 - INFO - [ASTER_SOL] [OPEN] [1512916509] OPEN 0.50 @ 201.7300
2025-09-27 16:05:33.939 - INFO - [ASTER_SOL] [OPEN] [1512916509] EXPIRED 0.50 @ 201.7300
2025-09-27 16:05:34.446 - INFO - [ASTER_SOL] [OPEN] [1512916602] OPEN 0.50 @ 201.7300
2025-09-27 16:05:34.446 - INFO - [ASTER_SOL] [OPEN] [1512916602] EXPIRED 0.50 @ 201.7300
2025-09-27 16:05:34.708 - INFO - [ASTER_SOL] [OPEN] Attempt 10 to place order
2025-09-27 16:05:35.080 - INFO - [ASTER_SOL] [OPEN] [1512916756] OPEN 0.50 @ 201.7300
2025-09-27 16:05:35.083 - INFO - [ASTER_SOL] [OPEN] [1512916756] EXPIRED 0.50 @ 201.7300
2025-09-27 16:05:35.919 - INFO - [ASTER_SOL] [OPEN] [1512916885] OPEN 0.50 @ 201.7500
2025-09-27 16:05:35.920 - INFO - [ASTER_SOL] [OPEN] [1512916885] EXPIRED 0.50 @ 201.7500
2025-09-27 16:05:36.772 - INFO - [ASTER_SOL] [OPEN] [1512917044] OPEN 0.50 @ 201.7400
2025-09-27 16:05:36.772 - INFO - [ASTER_SOL] [OPEN] [1512917044] EXPIRED 0.50 @ 201.7400
2025-09-27 16:05:37.323 - INFO - [ASTER_SOL] [OPEN] [1512917182] OPEN 0.50 @ 201.7000
2025-09-27 16:05:37.323 - INFO - [ASTER_SOL] [OPEN] [1512917182] EXPIRED 0.50 @ 201.7000
2025-09-27 16:05:37.914 - INFO - [ASTER_SOL] [OPEN] [1512917284] OPEN 0.50 @ 201.7000
2025-09-27 16:05:37.914 - INFO - [ASTER_SOL] [OPEN] [1512917284] EXPIRED 0.50 @ 201.7000
2025-09-27 16:05:38.120 - INFO - [ASTER_SOL] [OPEN] Attempt 15 to place order
2025-09-27 16:05:38.553 - INFO - [ASTER_SOL] [OPEN] [1512917408] OPEN 0.50 @ 201.6700
2025-09-27 16:05:38.553 - INFO - [ASTER_SOL] [OPEN] [1512917408] EXPIRED 0.50 @ 201.6700
2025-09-27 16:05:39.053 - INFO - [ASTER_SOL] [OPEN] [1512917568] OPEN 0.50 @ 201.6700
2025-09-27 16:05:39.053 - INFO - [ASTER_SOL] [OPEN] [1512917568] EXPIRED 0.50 @ 201.6700
2025-09-27 16:05:39.641 - INFO - [ASTER_SOL] [OPEN] [1512917647] OPEN 0.50 @ 201.6700
2025-09-27 16:05:39.641 - INFO - [ASTER_SOL] [OPEN] [1512917647] EXPIRED 0.50 @ 201.6700
2025-09-27 16:05:40.204 - INFO - [ASTER_SOL] [OPEN] [1512917747] OPEN 0.50 @ 201.6700
2025-09-27 16:05:40.204 - INFO - [ASTER_SOL] [OPEN] [1512917747] EXPIRED 0.50 @ 201.6700
2025-09-27 16:05:40.776 - INFO - [ASTER_SOL] [OPEN] [1512917868] OPEN 0.50 @ 201.6700
2025-09-27 16:05:40.776 - INFO - [ASTER_SOL] [OPEN] [1512917868] EXPIRED 0.50 @ 201.6700
2025-09-27 16:05:41.000 - INFO - [ASTER_SOL] [OPEN] Attempt 20 to place order
2025-09-27 16:05:41.400 - INFO - [ASTER_SOL] [OPEN] [1512918011] OPEN 0.50 @ 201.6700
2025-09-27 16:05:41.400 - INFO - [ASTER_SOL] [OPEN] [1512918011] EXPIRED 0.50 @ 201.6700
2025-09-27 16:05:41.890 - INFO - [ASTER_SOL] [OPEN] [1512918092] OPEN 0.50 @ 201.6700
2025-09-27 16:05:41.890 - INFO - [ASTER_SOL] [OPEN] [1512918092] EXPIRED 0.50 @ 201.6700
2025-09-27 16:05:42.417 - INFO - [ASTER_SOL] [OPEN] [1512918180] OPEN 0.50 @ 201.6700
2025-09-27 16:05:42.417 - INFO - [ASTER_SOL] [OPEN] [1512918180] EXPIRED 0.50 @ 201.6700
2025-09-27 16:05:42.924 - INFO - [ASTER_SOL] [OPEN] [1512918366] OPEN 0.50 @ 201.6700
2025-09-27 16:05:42.924 - INFO - [ASTER_SOL] [OPEN] [1512918366] EXPIRED 0.50 @ 201.6700
2025-09-27 16:05:43.501 - INFO - [ASTER_SOL] [OPEN] [1512918438] OPEN 0.50 @ 201.6300
2025-09-27 16:05:43.501 - INFO - [ASTER_SOL] [OPEN] [1512918438] EXPIRED 0.50 @ 201.6300
2025-09-27 16:05:43.738 - INFO - [ASTER_SOL] [OPEN] Attempt 25 to place order
2025-09-27 16:05:44.163 - INFO - [ASTER_SOL] [OPEN] [1512918561] OPEN 0.50 @ 201.6500
2025-09-27 16:05:44.163 - INFO - [ASTER_SOL] [OPEN] [1512918561] EXPIRED 0.50 @ 201.6500
2025-09-27 16:05:44.766 - INFO - [ASTER_SOL] [OPEN] [1512918710] OPEN 0.50 @ 201.6400
2025-09-27 16:05:44.766 - INFO - [ASTER_SOL] [OPEN] [1512918710] EXPIRED 0.50 @ 201.6400
2025-09-27 16:05:45.273 - INFO - [ASTER_SOL] [OPEN] [1512918837] OPEN 0.50 @ 201.6400
2025-09-27 16:05:45.273 - INFO - [ASTER_SOL] [OPEN] [1512918837] EXPIRED 0.50 @ 201.6400
2025-09-27 16:05:45.827 - INFO - [ASTER_SOL] [OPEN] [1512918945] OPEN 0.50 @ 201.6100
2025-09-27 16:05:45.827 - INFO - [ASTER_SOL] [OPEN] [1512918945] EXPIRED 0.50 @ 201.6100
2025-09-27 16:05:46.556 - INFO - [ASTER_SOL] [OPEN] [1512919104] OPEN 0.50 @ 201.6100
2025-09-27 16:05:46.556 - INFO - [ASTER_SOL] [OPEN] [1512919104] EXPIRED 0.50 @ 201.6100
2025-09-27 16:05:46.827 - INFO - [ASTER_SOL] [OPEN] Attempt 30 to place order
2025-09-27 16:05:47.398 - INFO - [ASTER_SOL] [OPEN] [1512919323] OPEN 0.50 @ 201.5800
2025-09-27 16:05:47.398 - INFO - [ASTER_SOL] [OPEN] [1512919323] EXPIRED 0.50 @ 201.5800
2025-09-27 16:05:48.120 - INFO - [ASTER_SOL] [OPEN] [1512919492] OPEN 0.50 @ 201.5700
2025-09-27 16:05:48.120 - INFO - [ASTER_SOL] [OPEN] [1512919492] EXPIRED 0.50 @ 201.5700
2025-09-27 16:05:48.700 - INFO - [ASTER_SOL] [OPEN] [1512919615] OPEN 0.50 @ 201.5700
2025-09-27 16:05:48.700 - INFO - [ASTER_SOL] [OPEN] [1512919615] EXPIRED 0.50 @ 201.5700
2025-09-27 16:05:49.241 - INFO - [ASTER_SOL] [OPEN] [1512919753] OPEN 0.50 @ 201.5700
2025-09-27 16:05:49.245 - INFO - [ASTER_SOL] [OPEN] [1512919753] EXPIRED 0.50 @ 201.5700
2025-09-27 16:05:49.963 - INFO - [ASTER_SOL] [OPEN] [1512919885] OPEN 0.50 @ 201.5700
2025-09-27 16:05:49.963 - INFO - [ASTER_SOL] [OPEN] [1512919885] EXPIRED 0.50 @ 201.5700
2025-09-27 16:05:50.364 - INFO - [ASTER_SOL] [OPEN] Attempt 35 to place order
2025-09-27 16:05:51.129 - INFO - [ASTER_SOL] [OPEN] [1512920169] OPEN 0.50 @ 201.5800
2025-09-27 16:05:51.129 - INFO - [ASTER_SOL] [OPEN] [1512920169] EXPIRED 0.50 @ 201.5800
2025-09-27 16:05:51.890 - INFO - [ASTER_SOL] [OPEN] [1512920311] OPEN 0.50 @ 201.5800
2025-09-27 16:05:51.890 - INFO - [ASTER_SOL] [OPEN] [1512920311] EXPIRED 0.50 @ 201.5800
2025-09-27 16:05:52.631 - INFO - [ASTER_SOL] [OPEN] [1512920422] OPEN 0.50 @ 201.6100
2025-09-27 16:05:52.631 - INFO - [ASTER_SOL] [OPEN] [1512920422] EXPIRED 0.50 @ 201.6100
2025-09-27 16:05:53.424 - INFO - [ASTER_SOL] [OPEN] [1512920665] OPEN 0.50 @ 201.6100
2025-09-27 16:05:53.424 - INFO - [ASTER_SOL] [OPEN] [1512920665] EXPIRED 0.50 @ 201.6100
2025-09-27 16:05:54.171 - INFO - [ASTER_SOL] [OPEN] [1512920821] OPEN 0.50 @ 201.5900
2025-09-27 16:05:54.171 - INFO - [ASTER_SOL] [OPEN] [1512920821] EXPIRED 0.50 @ 201.5900
2025-09-27 16:05:54.394 - INFO - [ASTER_SOL] [OPEN] Attempt 40 to place order
2025-09-27 16:05:54.822 - INFO - [ASTER_SOL] [OPEN] [1512920961] OPEN 0.50 @ 201.5500
2025-09-27 16:05:54.822 - INFO - [ASTER_SOL] [OPEN] [1512920961] EXPIRED 0.50 @ 201.5500
2025-09-27 16:05:55.283 - INFO - [ASTER_SOL] [OPEN] [1512921084] OPEN 0.50 @ 201.5500
2025-09-27 16:05:55.283 - INFO - [ASTER_SOL] [OPEN] [1512921084] EXPIRED 0.50 @ 201.5500
2025-09-27 16:05:55.807 - INFO - [ASTER_SOL] [OPEN] [1512921169] OPEN 0.50 @ 201.5400
2025-09-27 16:05:55.807 - INFO - [ASTER_SOL] [OPEN] [1512921169] EXPIRED 0.50 @ 201.5400
2025-09-27 16:05:56.301 - INFO - [ASTER_SOL] [OPEN] [1512921276] OPEN 0.50 @ 201.5400
2025-09-27 16:05:56.304 - INFO - [ASTER_SOL] [OPEN] [1512921276] EXPIRED 0.50 @ 201.5400
2025-09-27 16:05:56.847 - INFO - [ASTER_SOL] [OPEN] [1512921452] OPEN 0.50 @ 201.5400
2025-09-27 16:05:56.847 - INFO - [ASTER_SOL] [OPEN] [1512921452] EXPIRED 0.50 @ 201.5400
2025-09-27 16:05:57.118 - INFO - [ASTER_SOL] [OPEN] Attempt 45 to place order
2025-09-27 16:05:57.486 - INFO - [ASTER_SOL] [OPEN] [1512921773] OPEN 0.50 @ 201.5200
2025-09-27 16:05:57.486 - INFO - [ASTER_SOL] [OPEN] [1512921773] EXPIRED 0.50 @ 201.5200
2025-09-27 16:05:57.956 - INFO - [ASTER_SOL] [OPEN] [1512922028] OPEN 0.50 @ 201.4900
2025-09-27 16:06:10.165 - INFO - [ASTER_SOL] [OPEN] [1512922028] Cancelling order and placing a new order
2025-09-27 16:06:10.383 - INFO - [ASTER_SOL] [OPEN] [1512922028] CANCELED 0.50 @ 201.4900
2025-09-27 16:06:10.845 - INFO - [ASTER_SOL] Current Position: 1.05 | Active closing amount: 1.05 | Order quantity: 3
2025-09-27 16:06:11.466 - INFO - [ASTER_SOL] [OPEN] [1512925679] OPEN 0.50 @ 201.4500
2025-09-27 16:06:23.561 - INFO - [ASTER_SOL] [OPEN] [1512925679] Cancelling order and placing a new order
2025-09-27 16:06:23.672 - INFO - [ASTER_SOL] [OPEN] [1512925679] CANCELED 0.50 @ 201.4500
2025-09-27 16:06:24.471 - INFO - [ASTER_SOL] [OPEN] [1512927853] OPEN 0.50 @ 201.6300
2025-09-27 16:06:36.509 - INFO - [ASTER_SOL] [OPEN] [1512927853] Cancelling order and placing a new order
2025-09-27 16:06:36.747 - INFO - [ASTER_SOL] [OPEN] [1512927853] CANCELED 0.50 @ 201.6300
2025-09-27 16:06:37.326 - INFO - [ASTER_SOL] [OPEN] [1512929530] OPEN 0.50 @ 201.6000
2025-09-27 16:06:49.590 - INFO - [ASTER_SOL] [OPEN] [1512929530] Cancelling order and placing a new order
2025-09-27 16:06:49.717 - INFO - [ASTER_SOL] [OPEN] [1512929530] CANCELED 0.50 @ 201.6000
2025-09-27 16:06:55.471 - INFO - [ASTER_SOL] [OPEN] [1512931386] OPEN 0.50 @ 201.7300
2025-09-27 16:06:55.905 - INFO - [ASTER_SOL] [OPEN] [1512931386] FILLED 0.50 @ 201.7300
2025-09-27 16:06:56.359 - INFO - [ASTER_SOL] [CLOSE] [1512931450] OPEN 0.50 @ 201.8100
2025-09-27 16:07:11.748 - INFO - [ASTER_SOL] Current Position: 1.55 | Active closing amount: 1.55 | Order quantity: 4
2025-09-27 16:08:12.258 - INFO - [ASTER_SOL] Current Position: 1.55 | Active closing amount: 1.55 | Order quantity: 4
2025-09-27 16:09:13.233 - INFO - [ASTER_SOL] Current Position: 1.55 | Active closing amount: 1.55 | Order quantity: 4
2025-09-27 16:09:21.204 - INFO - [ASTER_SOL] [OPEN] [1512950231] OPEN 0.50 @ 201.3100
2025-09-27 16:09:21.876 - INFO - [ASTER_SOL] [OPEN] [1512950231] PARTIALLY_FILLED 0.19 @ 201.3100
2025-09-27 16:09:23.418 - INFO - [ASTER_SOL] [OPEN] [1512950231] PARTIALLY_FILLED 0.28 @ 201.3100
2025-09-27 16:09:23.992 - INFO - [ASTER_SOL] [OPEN] [1512950231] FILLED 0.50 @ 201.3100
2025-09-27 16:09:24.411 - INFO - [ASTER_SOL] [CLOSE] [1512950533] OPEN 0.50 @ 201.3900
2025-09-27 16:10:14.000 - INFO - [ASTER_SOL] Current Position: 2.05 | Active closing amount: 2.05 | Order quantity: 5
2025-09-27 16:10:59.312 - INFO - [ASTER_SOL] [CLOSE] [1512950533] FILLED 0.50 @ 201.3900
2025-09-27 16:11:14.687 - INFO - [ASTER_SOL] Current Position: 1.55 | Active closing amount: 1.55 | Order quantity: 4
2025-09-27 16:12:15.709 - INFO - [ASTER_SOL] Current Position: 1.55 | Active closing amount: 1.55 | Order quantity: 4
2025-09-27 16:12:49.878 - INFO - [ASTER_SOL] [OPEN] [1512973118] OPEN 0.50 @ 201.2900
2025-09-27 16:13:02.159 - INFO - [ASTER_SOL] [OPEN] [1512973118] Cancelling order and placing a new order
2025-09-27 16:13:02.364 - INFO - [ASTER_SOL] [OPEN] [1512973118] CANCELED 0.50 @ 201.2900
2025-09-27 16:13:17.259 - INFO - [ASTER_SOL] Current Position: 1.55 | Active closing amount: 1.55 | Order quantity: 4
2025-09-27 16:13:59.316 - INFO - [ASTER_SOL] [OPEN] [1512979372] OPEN 0.50 @ 201.3100
2025-09-27 16:14:00.433 - INFO - [ASTER_SOL] [OPEN] [1512979372] FILLED 0.50 @ 201.3100
2025-09-27 16:14:00.812 - INFO - [ASTER_SOL] [CLOSE] [1512979529] OPEN 0.50 @ 201.3900
2025-09-27 16:14:18.140 - INFO - [ASTER_SOL] Current Position: 2.05 | Active closing amount: 2.05 | Order quantity: 5
2025-09-27 16:14:42.100 - INFO - [ASTER_SOL] [CLOSE] [1512979529] FILLED 0.50 @ 201.3900
2025-09-27 16:15:03.301 - INFO - [ASTER_SOL] [OPEN] [1512985876] OPEN 0.50 @ 201.3100
2025-09-27 16:15:03.302 - INFO - [ASTER_SOL] [OPEN] [1512985876] EXPIRED 0.50 @ 201.3100
2025-09-27 16:15:04.026 - INFO - [ASTER_SOL] [OPEN] [1512985962] OPEN 0.50 @ 201.3400
2025-09-27 16:15:04.027 - INFO - [ASTER_SOL] [OPEN] [1512985962] EXPIRED 0.50 @ 201.3400
2025-09-27 16:15:04.608 - INFO - [ASTER_SOL] [OPEN] [1512986047] OPEN 0.50 @ 201.3100
2025-09-27 16:15:04.608 - INFO - [ASTER_SOL] [OPEN] [1512986047] EXPIRED 0.50 @ 201.3100
2025-09-27 16:15:05.076 - INFO - [ASTER_SOL] [OPEN] [1512986106] OPEN 0.50 @ 201.2800
2025-09-27 16:15:05.076 - INFO - [ASTER_SOL] [OPEN] [1512986106] EXPIRED 0.50 @ 201.2800
2025-09-27 16:15:05.317 - INFO - [ASTER_SOL] [OPEN] Attempt 5 to place order
2025-09-27 16:15:05.740 - INFO - [ASTER_SOL] [OPEN] [1512986161] OPEN 0.50 @ 201.2700
2025-09-27 16:15:07.162 - INFO - [ASTER_SOL] [OPEN] [1512986161] FILLED 0.50 @ 201.2700
2025-09-27 16:15:07.516 - INFO - [ASTER_SOL] [CLOSE] [1512986330] OPEN 0.50 @ 201.3500
2025-09-27 16:15:19.371 - INFO - [ASTER_SOL] Current Position: 2.05 | Active closing amount: 2.05 | Order quantity: 5
2025-09-27 16:15:26.961 - INFO - [ASTER_SOL] [CLOSE] [1512986330] FILLED 0.50 @ 201.3500
2025-09-27 16:16:11.857 - INFO - [ASTER_SOL] [OPEN] [1512993332] OPEN 0.50 @ 201.3100
2025-09-27 16:16:12.175 - INFO - [ASTER_SOL] [OPEN] [1512993332] PARTIALLY_FILLED 0.31 @ 201.3100
2025-09-27 16:16:13.887 - INFO - [ASTER_SOL] [OPEN] [1512993332] FILLED 0.50 @ 201.3100
2025-09-27 16:16:14.305 - INFO - [ASTER_SOL] [CLOSE] [1512993595] OPEN 0.50 @ 201.3900
2025-09-27 16:16:20.439 - INFO - [ASTER_SOL] Current Position: 2.05 | Active closing amount: 2.05 | Order quantity: 5
2025-09-27 16:16:41.542 - INFO - [ASTER_SOL] [CLOSE] [1512993595] FILLED 0.50 @ 201.3900
2025-09-27 16:17:00.408 - INFO - [ASTER_SOL] [OPEN] [1512998900] OPEN 0.50 @ 201.3000
2025-09-27 16:17:03.949 - INFO - [ASTER_SOL] [OPEN] [1512998900] FILLED 0.50 @ 201.3000
2025-09-27 16:17:04.423 - INFO - [ASTER_SOL] [CLOSE] [1512999203] OPEN 0.50 @ 201.3800
2025-09-27 16:17:17.278 - INFO - [ASTER_SOL] [CLOSE] [1512999203] FILLED 0.50 @ 201.3800
2025-09-27 16:17:20.918 - INFO - [ASTER_SOL] Current Position: 1.55 | Active closing amount: 1.55 | Order quantity: 4
2025-09-27 16:18:22.214 - INFO - [ASTER_SOL] Current Position: 1.55 | Active closing amount: 1.55 | Order quantity: 4
2025-09-27 16:19:23.055 - INFO - [ASTER_SOL] Current Position: 1.55 | Active closing amount: 1.55 | Order quantity: 4
2025-09-27 16:20:23.961 - INFO - [ASTER_SOL] Current Position: 1.55 | Active closing amount: 1.55 | Order quantity: 4
2025-09-27 16:21:24.940 - INFO - [ASTER_SOL] Current Position: 1.55 | Active closing amount: 1.55 | Order quantity: 4
2025-09-27 16:22:26.303 - INFO - [ASTER_SOL] Current Position: 1.55 | Active closing amount: 1.55 | Order quantity: 4
2025-09-27 16:23:17.953 - INFO - [ASTER_SOL] [CLOSE] [1512931450] FILLED 0.50 @ 201.8100
2025-09-27 16:23:27.228 - INFO - [ASTER_SOL] Current Position: 1.05 | Active closing amount: 1.05 | Order quantity: 3
2025-09-27 16:24:27.681 - INFO - [ASTER_SOL] Current Position: 1.05 | Active closing amount: 1.05 | Order quantity: 3
2025-09-27 16:24:35.687 - INFO - [ASTER_SOL] [OPEN] [1513039506] OPEN 0.50 @ 201.6300
2025-09-27 16:24:35.687 - INFO - [ASTER_SOL] [OPEN] [1513039506] EXPIRED 0.50 @ 201.6300
2025-09-27 16:24:36.197 - INFO - [ASTER_SOL] [OPEN] [1513039574] OPEN 0.50 @ 201.5800
2025-09-27 16:24:48.374 - INFO - [ASTER_SOL] [OPEN] [1513039574] Cancelling order and placing a new order
2025-09-27 16:24:48.501 - INFO - [ASTER_SOL] [OPEN] [1513039574] CANCELED 0.50 @ 201.5800
2025-09-27 16:24:48.995 - INFO - [ASTER_SOL] [OPEN] [1513040633] OPEN 0.50 @ 201.6000
2025-09-27 16:25:01.180 - INFO - [ASTER_SOL] [OPEN] [1513040633] Cancelling order and placing a new order
2025-09-27 16:25:01.402 - INFO - [ASTER_SOL] [OPEN] [1513040633] CANCELED 0.50 @ 201.6000
2025-09-27 16:25:02.259 - INFO - [ASTER_SOL] [OPEN] [1513041740] OPEN 0.50 @ 201.6600
2025-09-27 16:25:14.559 - INFO - [ASTER_SOL] [OPEN] [1513041740] Cancelling order and placing a new order
2025-09-27 16:25:14.814 - INFO - [ASTER_SOL] [OPEN] [1513041740] CANCELED 0.50 @ 201.6600
2025-09-27 16:25:15.448 - INFO - [ASTER_SOL] [OPEN] [1513042938] OPEN 0.50 @ 201.6700
2025-09-27 16:25:26.593 - INFO - [ASTER_SOL] [OPEN] [1513042938] FILLED 0.50 @ 201.6700
2025-09-27 16:25:27.022 - INFO - [ASTER_SOL] [CLOSE] [1513043842] OPEN 0.50 @ 201.7500
2025-09-27 16:25:29.689 - INFO - [ASTER_SOL] Current Position: 1.55 | Active closing amount: 1.55 | Order quantity: 4
2025-09-27 16:25:59.171 - INFO - [ASTER_SOL] [CLOSE] [1513043842] PARTIALLY_FILLED 0.37 @ 201.7500
2025-09-27 16:26:00.051 - INFO - [ASTER_SOL] [CLOSE] [1513043842] PARTIALLY_FILLED 0.47 @ 201.7500
2025-09-27 16:26:01.564 - INFO - [ASTER_SOL] [CLOSE] [1513043842] PARTIALLY_FILLED 0.48 @ 201.7500
2025-09-27 16:26:02.534 - INFO - [ASTER_SOL] [CLOSE] [1513043842] FILLED 0.50 @ 201.7500
2025-09-27 16:26:30.110 - INFO - [ASTER_SOL] Current Position: 1.05 | Active closing amount: 1.05 | Order quantity: 3
2025-09-27 16:27:17.152 - INFO - [ASTER_SOL] [OPEN] [1513052786] OPEN 0.50 @ 201.7400
2025-09-27 16:27:29.262 - INFO - [ASTER_SOL] [OPEN] [1513052786] Cancelling order and placing a new order
2025-09-27 16:27:29.483 - INFO - [ASTER_SOL] [OPEN] [1513052786] CANCELED 0.50 @ 201.7400
2025-09-27 16:27:30.135 - INFO - [ASTER_SOL] [OPEN] [1513053751] OPEN 0.50 @ 201.7400
2025-09-27 16:27:42.149 - INFO - [ASTER_SOL] [OPEN] [1513053751] FILLED 0.50 @ 201.7400
2025-09-27 16:27:42.567 - INFO - [ASTER_SOL] [CLOSE] [1513054614] OPEN 0.50 @ 201.8200
2025-09-27 16:27:45.109 - INFO - [ASTER_SOL] Current Position: 1.55 | Active closing amount: 1.55 | Order quantity: 4
2025-09-27 16:28:46.290 - INFO - [ASTER_SOL] Current Position: 1.55 | Active closing amount: 1.55 | Order quantity: 4
2025-09-27 16:29:47.579 - INFO - [ASTER_SOL] Current Position: 1.55 | Active closing amount: 1.55 | Order quantity: 4
2025-09-27 16:30:48.145 - INFO - [ASTER_SOL] Current Position: 1.55 | Active closing amount: 1.55 | Order quantity: 4
2025-09-27 16:31:49.515 - INFO - [ASTER_SOL] Current Position: 1.55 | Active closing amount: 1.55 | Order quantity: 4
2025-09-27 16:32:50.881 - INFO - [ASTER_SOL] Current Position: 1.55 | Active closing amount: 1.55 | Order quantity: 4
2025-09-27 16:33:51.780 - INFO - [ASTER_SOL] Current Position: 1.55 | Active closing amount: 1.55 | Order quantity: 4
2025-09-27 16:34:52.129 - INFO - [ASTER_SOL] Current Position: 1.55 | Active closing amount: 1.55 | Order quantity: 4
2025-09-27 16:35:53.221 - INFO - [ASTER_SOL] Current Position: 1.55 | Active closing amount: 1.55 | Order quantity: 4
2025-09-27 16:36:53.927 - INFO - [ASTER_SOL] Current Position: 1.55 | Active closing amount: 1.55 | Order quantity: 4
2025-09-27 16:37:54.409 - INFO - [ASTER_SOL] Current Position: 1.55 | Active closing amount: 1.55 | Order quantity: 4
2025-09-27 16:38:54.969 - INFO - [ASTER_SOL] Current Position: 1.55 | Active closing amount: 1.55 | Order quantity: 4
2025-09-27 16:39:55.589 - INFO - [ASTER_SOL] Current Position: 1.55 | Active closing amount: 1.55 | Order quantity: 4
2025-09-27 16:40:55.840 - INFO - [ASTER_SOL] Current Position: 1.55 | Active closing amount: 1.55 | Order quantity: 4
2025-09-27 16:41:57.003 - INFO - [ASTER_SOL] Current Position: 1.55 | Active closing amount: 1.55 | Order quantity: 4
2025-09-27 16:43:06.193 - WARNING - [ASTER_SOL] WebSocket connection closed
2025-09-27 16:43:56.229 - INFO - [ASTER_SOL] Current Position: None | Active closing amount: 0 | Order quantity: 0
2025-09-27 16:43:56.229 - ERROR - [ASTER_SOL] Error in periodic status check: unsupported operand type(s) for -: 'NoneType' and 'int'
2025-09-27 16:43:56.245 - ERROR - [ASTER_SOL] Traceback: Traceback (most recent call last):
  File "C:\Users\user\PyCharmMiscProject\predex\trading_bot.py", line 343, in _log_status_periodically
    if abs(position_amt - active_close_amount) > (2 * self.config.quantity):
           ~~~~~~~~~~~~~^~~~~~~~~~~~~~~~~~~~~
TypeError: unsupported operand type(s) for -: 'NoneType' and 'int'

2025-09-27 16:44:21.564 - ERROR - [ASTER_SOL] Failed to place order: Invalid bid/ask prices
2025-09-27 16:45:02.684 - ERROR - [ASTER_SOL] Failed to place order: Invalid bid/ask prices
2025-09-27 16:45:47.762 - INFO - [ASTER_SOL] Current Position: None | Active closing amount: 0 | Order quantity: 0
2025-09-27 16:45:47.762 - ERROR - [ASTER_SOL] Error in periodic status check: unsupported operand type(s) for -: 'NoneType' and 'int'
2025-09-27 16:45:47.762 - ERROR - [ASTER_SOL] Traceback: Traceback (most recent call last):
  File "C:\Users\user\PyCharmMiscProject\predex\trading_bot.py", line 343, in _log_status_periodically
    if abs(position_amt - active_close_amount) > (2 * self.config.quantity):
           ~~~~~~~~~~~~~^~~~~~~~~~~~~~~~~~~~~
TypeError: unsupported operand type(s) for -: 'NoneType' and 'int'

2025-09-27 16:46:02.799 - ERROR - [ASTER_SOL] Failed to place order: Invalid bid/ask prices
2025-09-27 16:46:32.873 - ERROR - [ASTER_SOL] Failed to place order: Invalid bid/ask prices
2025-09-27 16:47:17.971 - INFO - [ASTER_SOL] Current Position: None | Active closing amount: 0 | Order quantity: 0
2025-09-27 16:47:17.971 - ERROR - [ASTER_SOL] Error in periodic status check: unsupported operand type(s) for -: 'NoneType' and 'int'
2025-09-27 16:47:17.971 - ERROR - [ASTER_SOL] Traceback: Traceback (most recent call last):
  File "C:\Users\user\PyCharmMiscProject\predex\trading_bot.py", line 343, in _log_status_periodically
    if abs(position_amt - active_close_amount) > (2 * self.config.quantity):
           ~~~~~~~~~~~~~^~~~~~~~~~~~~~~~~~~~~
TypeError: unsupported operand type(s) for -: 'NoneType' and 'int'

2025-09-27 16:47:32.995 - ERROR - [ASTER_SOL] Failed to place order: Invalid bid/ask prices
2025-09-27 16:48:03.061 - ERROR - [ASTER_SOL] Failed to place order: Invalid bid/ask prices
2025-09-27 16:48:48.142 - INFO - [ASTER_SOL] Current Position: None | Active closing amount: 0 | Order quantity: 0
2025-09-27 16:48:48.142 - ERROR - [ASTER_SOL] Error in periodic status check: unsupported operand type(s) for -: 'NoneType' and 'int'
2025-09-27 16:48:48.142 - ERROR - [ASTER_SOL] Traceback: Traceback (most recent call last):
  File "C:\Users\user\PyCharmMiscProject\predex\trading_bot.py", line 343, in _log_status_periodically
    if abs(position_amt - active_close_amount) > (2 * self.config.quantity):
           ~~~~~~~~~~~~~^~~~~~~~~~~~~~~~~~~~~
TypeError: unsupported operand type(s) for -: 'NoneType' and 'int'

2025-09-27 16:49:03.181 - ERROR - [ASTER_SOL] Failed to place order: Invalid bid/ask prices
2025-09-27 16:49:33.244 - ERROR - [ASTER_SOL] Failed to place order: Invalid bid/ask prices
2025-09-27 16:50:18.343 - INFO - [ASTER_SOL] Current Position: None | Active closing amount: 0 | Order quantity: 0
2025-09-27 16:50:18.343 - ERROR - [ASTER_SOL] Error in periodic status check: unsupported operand type(s) for -: 'NoneType' and 'int'
2025-09-27 16:50:18.343 - ERROR - [ASTER_SOL] Traceback: Traceback (most recent call last):
  File "C:\Users\user\PyCharmMiscProject\predex\trading_bot.py", line 343, in _log_status_periodically
    if abs(position_amt - active_close_amount) > (2 * self.config.quantity):
           ~~~~~~~~~~~~~^~~~~~~~~~~~~~~~~~~~~
TypeError: unsupported operand type(s) for -: 'NoneType' and 'int'

2025-09-27 16:50:33.367 - ERROR - [ASTER_SOL] Failed to place order: Invalid bid/ask prices
2025-09-27 16:51:03.437 - ERROR - [ASTER_SOL] Failed to place order: Invalid bid/ask prices
2025-09-27 16:51:48.533 - INFO - [ASTER_SOL] Current Position: None | Active closing amount: 0 | Order quantity: 0
2025-09-27 16:51:48.533 - ERROR - [ASTER_SOL] Error in periodic status check: unsupported operand type(s) for -: 'NoneType' and 'int'
2025-09-27 16:51:48.533 - ERROR - [ASTER_SOL] Traceback: Traceback (most recent call last):
  File "C:\Users\user\PyCharmMiscProject\predex\trading_bot.py", line 343, in _log_status_periodically
    if abs(position_amt - active_close_amount) > (2 * self.config.quantity):
           ~~~~~~~~~~~~~^~~~~~~~~~~~~~~~~~~~~
TypeError: unsupported operand type(s) for -: 'NoneType' and 'int'

2025-09-27 16:52:03.562 - ERROR - [ASTER_SOL] Failed to place order: Invalid bid/ask prices
2025-09-27 16:52:33.608 - ERROR - [ASTER_SOL] Failed to place order: Invalid bid/ask prices
2025-09-27 16:53:18.703 - INFO - [ASTER_SOL] Current Position: None | Active closing amount: 0 | Order quantity: 0
2025-09-27 16:53:18.703 - ERROR - [ASTER_SOL] Error in periodic status check: unsupported operand type(s) for -: 'NoneType' and 'int'
2025-09-27 16:53:18.703 - ERROR - [ASTER_SOL] Traceback: Traceback (most recent call last):
  File "C:\Users\user\PyCharmMiscProject\predex\trading_bot.py", line 343, in _log_status_periodically
    if abs(position_amt - active_close_amount) > (2 * self.config.quantity):
           ~~~~~~~~~~~~~^~~~~~~~~~~~~~~~~~~~~
TypeError: unsupported operand type(s) for -: 'NoneType' and 'int'

2025-09-27 16:53:33.741 - ERROR - [ASTER_SOL] Failed to place order: Invalid bid/ask prices
2025-09-27 16:54:03.795 - ERROR - [ASTER_SOL] Failed to place order: Invalid bid/ask prices
2025-09-27 16:54:42.933 - ERROR - [ASTER_SOL] Error keeping alive listen key: Cannot connect to host fapi.asterdex.com:443 ssl:default [getaddrinfo failed]
2025-09-27 16:54:42.933 - WARNING - [ASTER_SOL] Listen key keepalive failed, reconnecting...
2025-09-27 16:54:42.933 - ERROR - [ASTER_SOL] WebSocket connection error: Cannot connect to host fapi.asterdex.com:443 ssl:default [getaddrinfo failed]
2025-09-27 16:54:42.933 - ERROR - [ASTER_SOL] Reconnection failed: Cannot connect to host fapi.asterdex.com:443 ssl:default [getaddrinfo failed]
2025-09-27 16:54:48.850 - INFO - [ASTER_SOL] Current Position: None | Active closing amount: 0 | Order quantity: 0
2025-09-27 16:54:48.850 - ERROR - [ASTER_SOL] Error in periodic status check: unsupported operand type(s) for -: 'NoneType' and 'int'
2025-09-27 16:54:48.850 - ERROR - [ASTER_SOL] Traceback: Traceback (most recent call last):
  File "C:\Users\user\PyCharmMiscProject\predex\trading_bot.py", line 343, in _log_status_periodically
    if abs(position_amt - active_close_amount) > (2 * self.config.quantity):
           ~~~~~~~~~~~~~^~~~~~~~~~~~~~~~~~~~~
TypeError: unsupported operand type(s) for -: 'NoneType' and 'int'

2025-09-27 16:55:03.871 - ERROR - [ASTER_SOL] Failed to place order: Invalid bid/ask prices
2025-09-27 16:55:33.946 - ERROR - [ASTER_SOL] Failed to place order: Invalid bid/ask prices
2025-09-27 16:56:19.043 - INFO - [ASTER_SOL] Current Position: None | Active closing amount: 0 | Order quantity: 0
2025-09-27 16:56:19.043 - ERROR - [ASTER_SOL] Error in periodic status check: unsupported operand type(s) for -: 'NoneType' and 'int'
2025-09-27 16:56:19.043 - ERROR - [ASTER_SOL] Traceback: Traceback (most recent call last):
  File "C:\Users\user\PyCharmMiscProject\predex\trading_bot.py", line 343, in _log_status_periodically
    if abs(position_amt - active_close_amount) > (2 * self.config.quantity):
           ~~~~~~~~~~~~~^~~~~~~~~~~~~~~~~~~~~
TypeError: unsupported operand type(s) for -: 'NoneType' and 'int'

2025-09-27 16:56:34.071 - ERROR - [ASTER_SOL] Failed to place order: Invalid bid/ask prices
2025-09-27 16:57:04.117 - ERROR - [ASTER_SOL] Failed to place order: Invalid bid/ask prices
2025-09-27 16:57:49.218 - INFO - [ASTER_SOL] Current Position: None | Active closing amount: 0 | Order quantity: 0
2025-09-27 16:57:49.218 - ERROR - [ASTER_SOL] Error in periodic status check: unsupported operand type(s) for -: 'NoneType' and 'int'
2025-09-27 16:57:49.218 - ERROR - [ASTER_SOL] Traceback: Traceback (most recent call last):
  File "C:\Users\user\PyCharmMiscProject\predex\trading_bot.py", line 343, in _log_status_periodically
    if abs(position_amt - active_close_amount) > (2 * self.config.quantity):
           ~~~~~~~~~~~~~^~~~~~~~~~~~~~~~~~~~~
TypeError: unsupported operand type(s) for -: 'NoneType' and 'int'

2025-09-27 16:58:04.251 - ERROR - [ASTER_SOL] Failed to place order: Invalid bid/ask prices
2025-09-27 16:58:34.319 - ERROR - [ASTER_SOL] Failed to place order: Invalid bid/ask prices
2025-09-27 16:59:19.423 - INFO - [ASTER_SOL] Current Position: None | Active closing amount: 0 | Order quantity: 0
2025-09-27 16:59:19.423 - ERROR - [ASTER_SOL] Error in periodic status check: unsupported operand type(s) for -: 'NoneType' and 'int'
2025-09-27 16:59:19.423 - ERROR - [ASTER_SOL] Traceback: Traceback (most recent call last):
  File "C:\Users\user\PyCharmMiscProject\predex\trading_bot.py", line 343, in _log_status_periodically
    if abs(position_amt - active_close_amount) > (2 * self.config.quantity):
           ~~~~~~~~~~~~~^~~~~~~~~~~~~~~~~~~~~
TypeError: unsupported operand type(s) for -: 'NoneType' and 'int'

2025-09-27 16:59:34.463 - ERROR - [ASTER_SOL] Failed to place order: Invalid bid/ask prices
2025-09-27 17:00:04.539 - ERROR - [ASTER_SOL] Failed to place order: Invalid bid/ask prices
2025-09-27 17:00:49.598 - INFO - [ASTER_SOL] Current Position: None | Active closing amount: 0 | Order quantity: 0
2025-09-27 17:00:49.598 - ERROR - [ASTER_SOL] Error in periodic status check: unsupported operand type(s) for -: 'NoneType' and 'int'
2025-09-27 17:00:49.598 - ERROR - [ASTER_SOL] Traceback: Traceback (most recent call last):
  File "C:\Users\user\PyCharmMiscProject\predex\trading_bot.py", line 343, in _log_status_periodically
    if abs(position_amt - active_close_amount) > (2 * self.config.quantity):
           ~~~~~~~~~~~~~^~~~~~~~~~~~~~~~~~~~~
TypeError: unsupported operand type(s) for -: 'NoneType' and 'int'

2025-09-27 17:01:04.634 - ERROR - [ASTER_SOL] Failed to place order: Invalid bid/ask prices
2025-09-27 17:01:34.730 - ERROR - [ASTER_SOL] Failed to place order: Invalid bid/ask prices
2025-09-27 17:02:19.830 - INFO - [ASTER_SOL] Current Position: None | Active closing amount: 0 | Order quantity: 0
2025-09-27 17:02:19.830 - ERROR - [ASTER_SOL] Error in periodic status check: unsupported operand type(s) for -: 'NoneType' and 'int'
2025-09-27 17:02:19.830 - ERROR - [ASTER_SOL] Traceback: Traceback (most recent call last):
  File "C:\Users\user\PyCharmMiscProject\predex\trading_bot.py", line 343, in _log_status_periodically
    if abs(position_amt - active_close_amount) > (2 * self.config.quantity):
           ~~~~~~~~~~~~~^~~~~~~~~~~~~~~~~~~~~
TypeError: unsupported operand type(s) for -: 'NoneType' and 'int'

2025-09-27 17:02:34.849 - ERROR - [ASTER_SOL] Failed to place order: Invalid bid/ask prices
2025-09-27 17:03:04.916 - ERROR - [ASTER_SOL] Failed to place order: Invalid bid/ask prices
2025-09-27 17:03:50.016 - INFO - [ASTER_SOL] Current Position: None | Active closing amount: 0 | Order quantity: 0
2025-09-27 17:03:50.016 - ERROR - [ASTER_SOL] Error in periodic status check: unsupported operand type(s) for -: 'NoneType' and 'int'
2025-09-27 17:03:50.018 - ERROR - [ASTER_SOL] Traceback: Traceback (most recent call last):
  File "C:\Users\user\PyCharmMiscProject\predex\trading_bot.py", line 343, in _log_status_periodically
    if abs(position_amt - active_close_amount) > (2 * self.config.quantity):
           ~~~~~~~~~~~~~^~~~~~~~~~~~~~~~~~~~~
TypeError: unsupported operand type(s) for -: 'NoneType' and 'int'

2025-09-27 17:04:05.047 - ERROR - [ASTER_SOL] Failed to place order: Invalid bid/ask prices
2025-09-27 17:04:35.109 - ERROR - [ASTER_SOL] Failed to place order: Invalid bid/ask prices
2025-09-27 17:05:20.180 - INFO - [ASTER_SOL] Current Position: None | Active closing amount: 0 | Order quantity: 0
2025-09-27 17:05:20.180 - ERROR - [ASTER_SOL] Error in periodic status check: unsupported operand type(s) for -: 'NoneType' and 'int'
2025-09-27 17:05:20.180 - ERROR - [ASTER_SOL] Traceback: Traceback (most recent call last):
  File "C:\Users\user\PyCharmMiscProject\predex\trading_bot.py", line 343, in _log_status_periodically
    if abs(position_amt - active_close_amount) > (2 * self.config.quantity):
           ~~~~~~~~~~~~~^~~~~~~~~~~~~~~~~~~~~
TypeError: unsupported operand type(s) for -: 'NoneType' and 'int'

2025-09-27 17:05:35.197 - ERROR - [ASTER_SOL] Failed to place order: Invalid bid/ask prices
2025-09-27 17:06:05.251 - ERROR - [ASTER_SOL] Failed to place order: Invalid bid/ask prices
2025-09-27 17:06:36.553 - INFO - [ASTER_SOL] Current Position: 1.55 | Active closing amount: 0 | Order quantity: 0
2025-09-27 17:06:36.649 - INFO - [ASTER_SOL] WebSocket disconnected
2025-09-27 17:08:21.447 - INFO - [ASTER_SOL] === Trading Configuration ===
2025-09-27 17:08:21.448 - INFO - [ASTER_SOL] Ticker: SOL
2025-09-27 17:08:21.448 - INFO - [ASTER_SOL] Contract ID: SOLUSDT
2025-09-27 17:08:21.448 - INFO - [ASTER_SOL] Quantity: 0.5
2025-09-27 17:08:21.448 - INFO - [ASTER_SOL] Take Profit: 0.04%
2025-09-27 17:08:21.449 - INFO - [ASTER_SOL] Direction: buy
2025-09-27 17:08:21.449 - INFO - [ASTER_SOL] Max Orders: 10
2025-09-27 17:08:21.449 - INFO - [ASTER_SOL] Wait Time: 30s
2025-09-27 17:08:21.449 - INFO - [ASTER_SOL] Exchange: aster
2025-09-27 17:08:21.450 - INFO - [ASTER_SOL] Grid Step: 0.2%
2025-09-27 17:08:21.450 - INFO - [ASTER_SOL] Stop Price: -1
2025-09-27 17:08:21.451 - INFO - [ASTER_SOL] Pause Price: -1
2025-09-27 17:08:21.451 - INFO - [ASTER_SOL] Aster Boost: False
2025-09-27 17:08:21.451 - INFO - [ASTER_SOL] =============================
2025-09-27 17:08:21.893 - INFO - [ASTER_SOL] Connected to Aster WebSocket with listen key
2025-09-27 17:08:23.836 - INFO - [ASTER_SOL] Current Position: 1.55 | Active closing amount: 1.55 | Order quantity: 4
2025-09-27 17:08:54.979 - INFO - [ASTER_SOL] [OPEN] [1513287685] OPEN 0.50 @ 200.0400
2025-09-27 17:08:55.011 - INFO - [ASTER_SOL] [OPEN] [1513287685] PARTIALLY_FILLED 0.19 @ 200.0400
2025-09-27 17:08:55.178 - INFO - [ASTER_SOL] [OPEN] [1513287685] FILLED 0.50 @ 200.0400
2025-09-27 17:08:55.565 - INFO - [ASTER_SOL] [CLOSE] [1513287837] OPEN 0.50 @ 200.1200
2025-09-27 17:09:24.183 - INFO - [ASTER_SOL] Current Position: 2.05 | Active closing amount: 2.05 | Order quantity: 5
2025-09-27 17:10:25.629 - INFO - [ASTER_SOL] Current Position: 2.05 | Active closing amount: 2.05 | Order quantity: 5
2025-09-27 17:10:58.070 - INFO - [ASTER_SOL] [CLOSE] [1513287837] FILLED 0.50 @ 200.1200
2025-09-27 17:10:58.934 - INFO - [ASTER_SOL] [OPEN] [1513301878] OPEN 0.50 @ 200.1200
2025-09-27 17:11:10.470 - INFO - [ASTER_SOL] [OPEN] [1513301878] FILLED 0.50 @ 200.1200
2025-09-27 17:11:10.929 - INFO - [ASTER_SOL] [CLOSE] [1513303204] OPEN 0.50 @ 200.2000
2025-09-27 17:11:25.939 - INFO - [ASTER_SOL] Current Position: 2.05 | Active closing amount: 2.05 | Order quantity: 5
2025-09-27 17:12:07.618 - INFO - [ASTER_SOL] [CLOSE] [1513303204] FILLED 0.50 @ 200.2000
2025-09-27 17:12:08.885 - INFO - [ASTER_SOL] [OPEN] [1513310267] OPEN 0.50 @ 200.2000
2025-09-27 17:12:10.534 - INFO - [ASTER_SOL] [OPEN] [1513310267] FILLED 0.50 @ 200.2000
2025-09-27 17:12:11.051 - INFO - [ASTER_SOL] [CLOSE] [1513310532] OPEN 0.50 @ 200.2800
2025-09-27 17:12:26.340 - INFO - [ASTER_SOL] Current Position: 2.05 | Active closing amount: 2.05 | Order quantity: 5
2025-09-27 17:13:27.400 - INFO - [ASTER_SOL] Current Position: 2.05 | Active closing amount: 2.05 | Order quantity: 5
2025-09-27 17:14:28.902 - INFO - [ASTER_SOL] Current Position: 2.05 | Active closing amount: 2.05 | Order quantity: 5
2025-09-27 17:15:28.652 - INFO - [ASTER_SOL] [CLOSE] [1513310532] FILLED 0.50 @ 200.2800
2025-09-27 17:15:29.118 - INFO - [ASTER_SOL] [OPEN] [1513331305] OPEN 0.50 @ 200.2800
2025-09-27 17:15:33.721 - INFO - [ASTER_SOL] [OPEN] [1513331305] PARTIALLY_FILLED 0.33 @ 200.2800
2025-09-27 17:15:36.353 - INFO - [ASTER_SOL] [OPEN] [1513331305] FILLED 0.50 @ 200.2800
2025-09-27 17:15:36.924 - INFO - [ASTER_SOL] [CLOSE] [1513332174] OPEN 0.50 @ 200.3600
2025-09-27 17:15:39.569 - INFO - [ASTER_SOL] Current Position: 2.05 | Active closing amount: 2.05 | Order quantity: 5
2025-09-27 17:16:40.146 - INFO - [ASTER_SOL] Current Position: 2.05 | Active closing amount: 2.05 | Order quantity: 5
2025-09-27 17:17:41.598 - INFO - [ASTER_SOL] Current Position: 2.05 | Active closing amount: 2.05 | Order quantity: 5
2025-09-27 17:18:13.442 - INFO - [ASTER_SOL] [CLOSE] [1513332174] FILLED 0.50 @ 200.3600
2025-09-27 17:18:14.350 - INFO - [ASTER_SOL] [OPEN] [1513350095] OPEN 0.50 @ 200.3600
2025-09-27 17:18:17.956 - INFO - [ASTER_SOL] [OPEN] [1513350095] FILLED 0.50 @ 200.3600
2025-09-27 17:18:18.297 - INFO - [ASTER_SOL] [CLOSE] [1513350530] OPEN 0.50 @ 200.4400
2025-09-27 17:18:42.671 - INFO - [ASTER_SOL] Current Position: 2.05 | Active closing amount: 2.05 | Order quantity: 5
2025-09-27 17:19:43.933 - INFO - [ASTER_SOL] Current Position: 2.05 | Active closing amount: 2.05 | Order quantity: 5
2025-09-27 17:20:44.383 - INFO - [ASTER_SOL] Current Position: 2.05 | Active closing amount: 2.05 | Order quantity: 5
2025-09-27 17:21:45.064 - INFO - [ASTER_SOL] Current Position: 2.05 | Active closing amount: 2.05 | Order quantity: 5
2025-09-27 17:22:46.248 - INFO - [ASTER_SOL] Current Position: 2.05 | Active closing amount: 2.05 | Order quantity: 5
2025-09-27 17:23:15.275 - INFO - [ASTER_SOL] [CLOSE] [1513350530] FILLED 0.50 @ 200.4400
2025-09-27 17:23:16.345 - INFO - [ASTER_SOL] [OPEN] [1513381270] OPEN 0.50 @ 200.4400
2025-09-27 17:23:22.638 - INFO - [ASTER_SOL] [OPEN] [1513381270] FILLED 0.50 @ 200.4400
2025-09-27 17:23:23.004 - INFO - [ASTER_SOL] [CLOSE] [1513382190] OPEN 0.50 @ 200.5200
2025-09-27 17:23:47.213 - INFO - [ASTER_SOL] Current Position: 2.05 | Active closing amount: 2.05 | Order quantity: 5
2025-09-27 17:24:48.093 - INFO - [ASTER_SOL] Current Position: 2.05 | Active closing amount: 2.05 | Order quantity: 5
2025-09-27 17:25:49.021 - INFO - [ASTER_SOL] Current Position: 2.05 | Active closing amount: 2.05 | Order quantity: 5
2025-09-27 17:26:36.402 - INFO - [ASTER_SOL] [OPEN] [1513402075] OPEN 0.50 @ 200
2025-09-27 17:26:48.464 - INFO - [ASTER_SOL] [OPEN] [1513402075] Cancelling order and placing a new order
2025-09-27 17:26:48.611 - INFO - [ASTER_SOL] [OPEN] [1513402075] CANCELED 0.50 @ 200
2025-09-27 17:26:50.361 - INFO - [ASTER_SOL] Current Position: 2.05 | Active closing amount: 2.05 | Order quantity: 5
2025-09-27 17:27:16.967 - INFO - [ASTER_SOL] [OPEN] [1513406326] OPEN 0.50 @ 200.0100
2025-09-27 17:27:20.435 - INFO - [ASTER_SOL] [OPEN] [1513406326] FILLED 0.50 @ 200.0100
2025-09-27 17:27:20.965 - INFO - [ASTER_SOL] [CLOSE] [1513406630] OPEN 0.50 @ 200.0900
2025-09-27 17:27:51.629 - INFO - [ASTER_SOL] Current Position: 2.55 | Active closing amount: 2.55 | Order quantity: 6
2025-09-27 17:28:52.707 - INFO - [ASTER_SOL] Current Position: 2.55 | Active closing amount: 2.55 | Order quantity: 6
2025-09-27 17:29:53.944 - INFO - [ASTER_SOL] Current Position: 2.55 | Active closing amount: 2.55 | Order quantity: 6
2025-09-27 17:30:41.917 - INFO - [ASTER_SOL] [CLOSE] [1513406630] FILLED 0.50 @ 200.0900
2025-09-27 17:30:55.507 - INFO - [ASTER_SOL] Current Position: 2.05 | Active closing amount: 2.05 | Order quantity: 5
2025-09-27 17:31:56.490 - INFO - [ASTER_SOL] Current Position: 2.05 | Active closing amount: 2.05 | Order quantity: 5
2025-09-27 17:32:14.372 - INFO - [ASTER_SOL] [CLOSE] [1513382190] FILLED 0.50 @ 200.5200
2025-09-27 17:32:15.939 - INFO - [ASTER_SOL] [OPEN] [1513437288] OPEN 0.50 @ 200.5200
2025-09-27 17:32:20.619 - INFO - [ASTER_SOL] [OPEN] [1513437288] FILLED 0.50 @ 200.5200
2025-09-27 17:32:21.037 - INFO - [ASTER_SOL] [CLOSE] [1513437757] OPEN 0.50 @ 200.6000
2025-09-27 17:32:57.800 - INFO - [ASTER_SOL] Current Position: 2.05 | Active closing amount: 2.05 | Order quantity: 5
2025-09-27 17:33:58.256 - INFO - [ASTER_SOL] Current Position: 2.05 | Active closing amount: 2.05 | Order quantity: 5
2025-09-27 17:34:58.935 - INFO - [ASTER_SOL] Current Position: 2.05 | Active closing amount: 2.05 | Order quantity: 5
2025-09-27 17:36:00.145 - INFO - [ASTER_SOL] Current Position: 2.05 | Active closing amount: 2.05 | Order quantity: 5
2025-09-27 17:36:32.168 - INFO - [ASTER_SOL] [CLOSE] [1513437757] FILLED 0.50 @ 200.6000
2025-09-27 17:36:33.338 - INFO - [ASTER_SOL] [OPEN] [1513465120] OPEN 0.50 @ 200.6600
2025-09-27 17:36:33.711 - INFO - [ASTER_SOL] [OPEN] [1513465120] FILLED 0.50 @ 200.6600
2025-09-27 17:36:34.371 - INFO - [ASTER_SOL] [CLOSE] [1513465320] OPEN 0.50 @ 200.7400
2025-09-27 17:36:47.056 - INFO - [ASTER_SOL] [CLOSE] [1513465320] FILLED 0.50 @ 200.7400
2025-09-27 17:36:48.524 - INFO - [ASTER_SOL] [OPEN] [1513466913] OPEN 0.50 @ 200.7200
2025-09-27 17:37:00.760 - INFO - [ASTER_SOL] [OPEN] [1513466913] Cancelling order and placing a new order
2025-09-27 17:37:00.952 - INFO - [ASTER_SOL] [OPEN] [1513466913] CANCELED 0.50 @ 200.7200
2025-09-27 17:37:01.475 - INFO - [ASTER_SOL] Current Position: 1.55 | Active closing amount: 1.55 | Order quantity: 4
2025-09-27 17:37:02.096 - INFO - [ASTER_SOL] [OPEN] [1513468357] OPEN 0.50 @ 200.7500
2025-09-27 17:37:14.167 - INFO - [ASTER_SOL] [OPEN] [1513468357] Cancelling order and placing a new order
2025-09-27 17:37:14.333 - INFO - [ASTER_SOL] [OPEN] [1513468357] CANCELED 0.50 @ 200.7500
2025-09-27 17:37:15.299 - INFO - [ASTER_SOL] [OPEN] [1513470143] OPEN 0.50 @ 200.8600
2025-09-27 17:37:27.390 - INFO - [ASTER_SOL] [OPEN] [1513470143] Cancelling order and placing a new order
2025-09-27 17:37:27.605 - INFO - [ASTER_SOL] [OPEN] [1513470143] CANCELED 0.50 @ 200.8600
2025-09-27 17:37:28.439 - INFO - [ASTER_SOL] [OPEN] [1513471720] OPEN 0.50 @ 200.8700
2025-09-27 17:37:40.487 - INFO - [ASTER_SOL] [OPEN] [1513471720] Cancelling order and placing a new order
2025-09-27 17:37:40.650 - INFO - [ASTER_SOL] [OPEN] [1513471720] CANCELED 0.50 @ 200.8700
2025-09-27 17:37:41.473 - INFO - [ASTER_SOL] [OPEN] [1513472810] OPEN 0.50 @ 200.8700
2025-09-27 17:37:45.689 - INFO - [ASTER_SOL] [OPEN] [1513472810] FILLED 0.50 @ 200.8700
2025-09-27 17:37:46.246 - INFO - [ASTER_SOL] [CLOSE] [1513473305] OPEN 0.50 @ 200.9500
2025-09-27 17:38:01.830 - INFO - [ASTER_SOL] Current Position: 2.05 | Active closing amount: 2.05 | Order quantity: 5
2025-09-27 17:38:08.701 - INFO - [ASTER_SOL] [CLOSE] [1513473305] FILLED 0.50 @ 200.9500
2025-09-27 17:38:10.142 - INFO - [ASTER_SOL] [OPEN] [1513477208] OPEN 0.50 @ 200.9900
2025-09-27 17:38:22.281 - INFO - [ASTER_SOL] [OPEN] [1513477208] Cancelling order and placing a new order
2025-09-27 17:38:22.439 - INFO - [ASTER_SOL] [OPEN] [1513477208] CANCELED 0.50 @ 200.9900
2025-09-27 17:38:22.959 - INFO - [ASTER_SOL] [OPEN] [1513478385] OPEN 0.50 @ 201.0100
2025-09-27 17:38:35.162 - INFO - [ASTER_SOL] [OPEN] [1513478385] Cancelling order and placing a new order
2025-09-27 17:38:35.286 - INFO - [ASTER_SOL] [OPEN] [1513478385] CANCELED 0.50 @ 201.0100
2025-09-27 17:38:35.718 - INFO - [ASTER_SOL] [OPEN] [1513479574] OPEN 0.50 @ 201.0400
2025-09-27 17:38:37.070 - INFO - [ASTER_SOL] [OPEN] [1513479574] FILLED 0.50 @ 201.0400
2025-09-27 17:38:37.535 - INFO - [ASTER_SOL] [CLOSE] [1513479768] OPEN 0.50 @ 201.1200
2025-09-27 17:39:02.876 - INFO - [ASTER_SOL] Current Position: 2.05 | Active closing amount: 2.05 | Order quantity: 5
2025-09-27 17:40:04.083 - INFO - [ASTER_SOL] Current Position: 2.05 | Active closing amount: 2.05 | Order quantity: 5
2025-09-27 17:40:45.913 - INFO - [ASTER_SOL] [CLOSE] [1513479768] FILLED 0.50 @ 201.1200
2025-09-27 17:40:47.361 - INFO - [ASTER_SOL] [OPEN] [1513491740] OPEN 0.50 @ 201.1300
2025-09-27 17:40:59.572 - INFO - [ASTER_SOL] [OPEN] [1513491740] Cancelling order and placing a new order
2025-09-27 17:40:59.747 - INFO - [ASTER_SOL] [OPEN] [1513491740] CANCELED 0.50 @ 201.1300
2025-09-27 17:41:00.240 - INFO - [ASTER_SOL] [OPEN] [1513492622] OPEN 0.50 @ 201.1300
2025-09-27 17:41:00.922 - INFO - [ASTER_SOL] [OPEN] [1513492622] FILLED 0.50 @ 201.1300
2025-09-27 17:41:01.500 - INFO - [ASTER_SOL] [CLOSE] [1513492769] OPEN 0.50 @ 201.2100
2025-09-27 17:41:05.200 - INFO - [ASTER_SOL] Current Position: 2.05 | Active closing amount: 2.05 | Order quantity: 5
2025-09-27 17:42:05.593 - INFO - [ASTER_SOL] Current Position: 2.05 | Active closing amount: 2.05 | Order quantity: 5
2025-09-27 17:43:05.890 - INFO - [ASTER_SOL] Current Position: 2.05 | Active closing amount: 2.05 | Order quantity: 5
2025-09-27 17:44:07.036 - INFO - [ASTER_SOL] Current Position: 2.05 | Active closing amount: 2.05 | Order quantity: 5
2025-09-27 17:45:08.257 - INFO - [ASTER_SOL] Current Position: 2.05 | Active closing amount: 2.05 | Order quantity: 5
2025-09-27 17:46:09.365 - INFO - [ASTER_SOL] Current Position: 2.05 | Active closing amount: 2.05 | Order quantity: 5
2025-09-27 17:47:10.546 - INFO - [ASTER_SOL] Current Position: 2.05 | Active closing amount: 2.05 | Order quantity: 5
2025-09-27 17:47:41.633 - INFO - [ASTER_SOL] [CLOSE] [1513492769] FILLED 0.50 @ 201.2100
2025-09-27 17:47:42.969 - INFO - [ASTER_SOL] [OPEN] [1513544064] OPEN 0.50 @ 201.2300
2025-09-27 17:47:44.686 - INFO - [ASTER_SOL] [OPEN] [1513544064] FILLED 0.50 @ 201.2300
2025-09-27 17:47:45.124 - INFO - [ASTER_SOL] [CLOSE] [1513544269] OPEN 0.50 @ 201.3100
2025-09-27 17:48:11.702 - INFO - [ASTER_SOL] Current Position: 2.05 | Active closing amount: 2.05 | Order quantity: 5
2025-09-27 17:48:16.716 - INFO - [ASTER_SOL] [CLOSE] [1513544269] FILLED 0.50 @ 201.3100
2025-09-27 17:48:17.962 - INFO - [ASTER_SOL] [OPEN] [1513547847] OPEN 0.50 @ 201.3000
2025-09-27 17:48:30.149 - INFO - [ASTER_SOL] [OPEN] [1513547847] Cancelling order and placing a new order
2025-09-27 17:48:30.276 - INFO - [ASTER_SOL] [OPEN] [1513547847] CANCELED 0.50 @ 201.3000
2025-09-27 17:48:30.752 - INFO - [ASTER_SOL] [OPEN] [1513548679] OPEN 0.50 @ 201.3000
2025-09-27 17:48:42.859 - INFO - [ASTER_SOL] [OPEN] [1513548679] Cancelling order and placing a new order
2025-09-27 17:48:42.970 - INFO - [ASTER_SOL] [OPEN] [1513548679] CANCELED 0.50 @ 201.3000
2025-09-27 17:48:51.346 - INFO - [ASTER_SOL] [OPEN] [1513550487] OPEN 0.50 @ 201.3200
2025-09-27 17:49:03.489 - INFO - [ASTER_SOL] [OPEN] [1513550487] Cancelling order and placing a new order
2025-09-27 17:49:03.648 - INFO - [ASTER_SOL] [OPEN] [1513550487] CANCELED 0.50 @ 201.3200
2025-09-27 17:49:04.140 - INFO - [ASTER_SOL] [OPEN] [1513551384] OPEN 0.50 @ 201.3200
2025-09-27 17:49:04.999 - INFO - [ASTER_SOL] [OPEN] [1513551384] FILLED 0.50 @ 201.3200
2025-09-27 17:49:05.532 - INFO - [ASTER_SOL] [CLOSE] [1513551625] OPEN 0.50 @ 201.4000
2025-09-27 17:49:12.456 - INFO - [ASTER_SOL] Current Position: 2.05 | Active closing amount: 2.05 | Order quantity: 5
2025-09-27 17:50:13.648 - INFO - [ASTER_SOL] Current Position: 2.05 | Active closing amount: 2.05 | Order quantity: 5
2025-09-27 17:51:15.163 - INFO - [ASTER_SOL] Current Position: 2.05 | Active closing amount: 2.05 | Order quantity: 5
2025-09-27 17:52:16.225 - INFO - [ASTER_SOL] Current Position: 2.05 | Active closing amount: 2.05 | Order quantity: 5
2025-09-27 17:53:17.785 - INFO - [ASTER_SOL] [CLOSE] [1513551625] FILLED 0.50 @ 201.4000
2025-09-27 17:53:17.818 - INFO - [ASTER_SOL] Current Position: 1.55 | Active closing amount: 2.05 | Order quantity: 5
2025-09-27 17:54:19.395 - INFO - [ASTER_SOL] Current Position: 1.55 | Active closing amount: 1.55 | Order quantity: 4
2025-09-27 17:54:41.320 - INFO - [ASTER_SOL] [OPEN] [1513608686] OPEN 0.50 @ 201.3100
2025-09-27 17:54:45.691 - INFO - [ASTER_SOL] [OPEN] [1513608686] FILLED 0.50 @ 201.3100
2025-09-27 17:54:46.101 - INFO - [ASTER_SOL] [CLOSE] [1513609239] OPEN 0.50 @ 201.3900
2025-09-27 17:55:20.928 - INFO - [ASTER_SOL] Current Position: 2.05 | Active closing amount: 2.05 | Order quantity: 5
2025-09-27 17:56:21.650 - INFO - [ASTER_SOL] Current Position: 2.05 | Active closing amount: 2.05 | Order quantity: 5
2025-09-27 17:57:22.712 - INFO - [ASTER_SOL] Current Position: 2.05 | Active closing amount: 2.05 | Order quantity: 5
2025-09-27 17:58:23.626 - INFO - [ASTER_SOL] Current Position: 2.05 | Active closing amount: 2.05 | Order quantity: 5
2025-09-27 17:59:24.684 - INFO - [ASTER_SOL] Current Position: 2.05 | Active closing amount: 2.05 | Order quantity: 5
2025-09-27 18:00:25.384 - INFO - [ASTER_SOL] Current Position: 2.05 | Active closing amount: 2.05 | Order quantity: 5
2025-09-27 18:01:25.820 - INFO - [ASTER_SOL] Current Position: 2.05 | Active closing amount: 2.05 | Order quantity: 5
2025-09-27 18:02:26.148 - INFO - [ASTER_SOL] Current Position: 2.05 | Active closing amount: 2.05 | Order quantity: 5
2025-09-27 18:03:26.672 - INFO - [ASTER_SOL] Current Position: 2.05 | Active closing amount: 2.05 | Order quantity: 5
2025-09-27 18:04:27.673 - INFO - [ASTER_SOL] Current Position: 2.05 | Active closing amount: 2.05 | Order quantity: 5
2025-09-27 18:05:28.377 - INFO - [ASTER_SOL] Current Position: 2.05 | Active closing amount: 2.05 | Order quantity: 5
2025-09-27 18:06:29.835 - INFO - [ASTER_SOL] Current Position: 2.05 | Active closing amount: 2.05 | Order quantity: 5
2025-09-27 18:07:30.553 - INFO - [ASTER_SOL] Current Position: 2.05 | Active closing amount: 2.05 | Order quantity: 5
2025-09-27 18:08:31.494 - INFO - [ASTER_SOL] Current Position: 2.05 | Active closing amount: 2.05 | Order quantity: 5
2025-09-27 18:09:10.638 - INFO - [ASTER_SOL] [OPEN] [1513716772] OPEN 0.50 @ 200.8900
2025-09-27 18:09:12.440 - INFO - [ASTER_SOL] [OPEN] [1513716772] FILLED 0.50 @ 200.8900
2025-09-27 18:09:12.869 - INFO - [ASTER_SOL] [CLOSE] [1513717064] OPEN 0.50 @ 200.9700
2025-09-27 18:09:32.681 - INFO - [ASTER_SOL] Current Position: 2.55 | Active closing amount: 2.55 | Order quantity: 6
2025-09-27 18:10:33.318 - INFO - [ASTER_SOL] Current Position: 2.55 | Active closing amount: 2.55 | Order quantity: 6
2025-09-27 18:11:34.503 - INFO - [ASTER_SOL] Current Position: 2.55 | Active closing amount: 2.55 | Order quantity: 6
2025-09-27 18:12:34.838 - INFO - [ASTER_SOL] Current Position: 2.55 | Active closing amount: 2.55 | Order quantity: 6
2025-09-27 18:13:36.185 - INFO - [ASTER_SOL] Current Position: 2.55 | Active closing amount: 2.55 | Order quantity: 6
2025-09-27 18:13:46.148 - INFO - [ASTER_SOL] [CLOSE] [1513717064] FILLED 0.50 @ 200.9700
2025-09-27 18:14:36.784 - INFO - [ASTER_SOL] Current Position: 2.05 | Active closing amount: 2.05 | Order quantity: 5
2025-09-27 18:15:01.704 - INFO - [ASTER_SOL] [OPEN] [1513747477] OPEN 0.50 @ 200.8900
2025-09-27 18:15:01.704 - INFO - [ASTER_SOL] [OPEN] [1513747477] EXPIRED 0.50 @ 200.8900
2025-09-27 18:15:02.149 - INFO - [ASTER_SOL] [OPEN] [1513747511] OPEN 0.50 @ 200.8800
2025-09-27 18:15:03.354 - INFO - [ASTER_SOL] [OPEN] [1513747511] FILLED 0.50 @ 200.8800
2025-09-27 18:15:03.927 - INFO - [ASTER_SOL] [CLOSE] [1513747769] OPEN 0.50 @ 200.9600
2025-09-27 18:15:37.247 - INFO - [ASTER_SOL] Current Position: 2.55 | Active closing amount: 2.55 | Order quantity: 6
2025-09-27 18:16:38.677 - INFO - [ASTER_SOL] Current Position: 2.55 | Active closing amount: 2.55 | Order quantity: 6
2025-09-27 18:17:39.405 - INFO - [ASTER_SOL] Current Position: 2.55 | Active closing amount: 2.55 | Order quantity: 6
2025-09-27 18:18:40.714 - INFO - [ASTER_SOL] Current Position: 2.55 | Active closing amount: 2.55 | Order quantity: 6
2025-09-27 18:19:41.380 - INFO - [ASTER_SOL] Current Position: 2.55 | Active closing amount: 2.55 | Order quantity: 6
2025-09-27 18:20:41.708 - INFO - [ASTER_SOL] Current Position: 2.55 | Active closing amount: 2.55 | Order quantity: 6
2025-09-27 18:21:42.413 - INFO - [ASTER_SOL] Current Position: 2.55 | Active closing amount: 2.55 | Order quantity: 6
2025-09-27 18:22:42.770 - INFO - [ASTER_SOL] Current Position: 2.55 | Active closing amount: 2.55 | Order quantity: 6
2025-09-27 18:23:43.614 - INFO - [ASTER_SOL] Current Position: 2.55 | Active closing amount: 2.55 | Order quantity: 6
2025-09-27 18:24:33.394 - INFO - [ASTER_SOL] [OPEN] [1513799224] OPEN 0.50 @ 200.4300
2025-09-27 18:24:35.925 - INFO - [ASTER_SOL] [OPEN] [1513799224] FILLED 0.50 @ 200.4300
2025-09-27 18:24:36.328 - INFO - [ASTER_SOL] [CLOSE] [1513799551] OPEN 0.50 @ 200.5100
2025-09-27 18:24:44.406 - INFO - [ASTER_SOL] Current Position: 3.05 | Active closing amount: 3.05 | Order quantity: 7
2025-09-27 18:24:45.097 - INFO - [ASTER_SOL] [CLOSE] [1513799551] FILLED 0.50 @ 200.5100
2025-09-27 18:25:45.531 - INFO - [ASTER_SOL] Current Position: 2.55 | Active closing amount: 2.55 | Order quantity: 6
2025-09-27 18:26:45.836 - INFO - [ASTER_SOL] Current Position: 2.55 | Active closing amount: 2.55 | Order quantity: 6
2025-09-27 18:27:47.084 - INFO - [ASTER_SOL] Current Position: 2.55 | Active closing amount: 2.55 | Order quantity: 6
2025-09-27 18:28:48.166 - INFO - [ASTER_SOL] Current Position: 2.55 | Active closing amount: 2.55 | Order quantity: 6
2025-09-27 18:29:49.525 - INFO - [ASTER_SOL] Current Position: 2.55 | Active closing amount: 2.55 | Order quantity: 6
2025-09-27 18:30:50.350 - INFO - [ASTER_SOL] Current Position: 2.55 | Active closing amount: 2.55 | Order quantity: 6
2025-09-27 18:31:50.890 - INFO - [ASTER_SOL] Current Position: 2.55 | Active closing amount: 2.55 | Order quantity: 6
2025-09-27 18:32:51.639 - INFO - [ASTER_SOL] Current Position: 2.55 | Active closing amount: 2.55 | Order quantity: 6
2025-09-27 18:33:53.019 - INFO - [ASTER_SOL] Current Position: 2.55 | Active closing amount: 2.55 | Order quantity: 6
2025-09-27 18:34:42.145 - INFO - [ASTER_SOL] [CLOSE] [1513747769] FILLED 0.50 @ 200.9600
2025-09-27 18:34:54.147 - INFO - [ASTER_SOL] Current Position: 2.05 | Active closing amount: 2.05 | Order quantity: 5
2025-09-27 18:35:54.809 - INFO - [ASTER_SOL] Current Position: 2.05 | Active closing amount: 2.05 | Order quantity: 5
2025-09-27 18:36:04.807 - INFO - [ASTER_SOL] [CLOSE] [1513609239] FILLED 0.50 @ 201.3900
2025-09-27 18:36:32.158 - INFO - [ASTER_SOL] [CLOSE] [1513054614] PARTIALLY_FILLED 0.18 @ 201.8200
2025-09-27 18:36:32.317 - INFO - [ASTER_SOL] [CLOSE] [1513054614] FILLED 0.50 @ 201.8200
2025-09-27 18:36:32.778 - INFO - [ASTER_SOL] [OPEN] [1513869560] OPEN 0.50 @ 201.6300
2025-09-27 18:36:44.782 - INFO - [ASTER_SOL] [OPEN] [1513869560] Cancelling order and placing a new order
2025-09-27 18:36:44.941 - INFO - [ASTER_SOL] [OPEN] [1513869560] CANCELED 0.50 @ 201.6300
2025-09-27 18:36:55.598 - INFO - [ASTER_SOL] Current Position: 1.05 | Active closing amount: 1.05 | Order quantity: 3
2025-09-27 18:36:56.163 - INFO - [ASTER_SOL] [OPEN] [1513873555] OPEN 0.50 @ 201.7100
2025-09-27 18:36:56.163 - INFO - [ASTER_SOL] [OPEN] [1513873555] EXPIRED 0.50 @ 201.7100
2025-09-27 18:36:56.628 - INFO - [ASTER_SOL] [OPEN] [1513873593] OPEN 0.50 @ 201.7100
2025-09-27 18:36:56.628 - INFO - [ASTER_SOL] [OPEN] [1513873593] EXPIRED 0.50 @ 201.7100
2025-09-27 18:36:57.149 - INFO - [ASTER_SOL] [OPEN] [1513873700] OPEN 0.50 @ 201.7000
2025-09-27 18:36:57.149 - INFO - [ASTER_SOL] [OPEN] [1513873700] EXPIRED 0.50 @ 201.7000
2025-09-27 18:36:57.640 - INFO - [ASTER_SOL] [OPEN] [1513873741] OPEN 0.50 @ 201.7000
2025-09-27 18:36:57.640 - INFO - [ASTER_SOL] [OPEN] [1513873741] EXPIRED 0.50 @ 201.7000
2025-09-27 18:36:57.855 - INFO - [ASTER_SOL] [OPEN] Attempt 5 to place order
2025-09-27 18:36:58.320 - INFO - [ASTER_SOL] [OPEN] [1513873819] OPEN 0.50 @ 201.7000
2025-09-27 18:36:58.320 - INFO - [ASTER_SOL] [OPEN] [1513873819] EXPIRED 0.50 @ 201.7000
2025-09-27 18:36:58.827 - INFO - [ASTER_SOL] [OPEN] [1513873916] OPEN 0.50 @ 201.7000
2025-09-27 18:36:58.827 - INFO - [ASTER_SOL] [OPEN] [1513873916] EXPIRED 0.50 @ 201.7000
2025-09-27 18:36:59.279 - INFO - [ASTER_SOL] [OPEN] [1513873982] OPEN 0.50 @ 201.7000
2025-09-27 18:36:59.279 - INFO - [ASTER_SOL] [OPEN] [1513873982] EXPIRED 0.50 @ 201.7000
2025-09-27 18:36:59.758 - INFO - [ASTER_SOL] [OPEN] [1513874026] OPEN 0.50 @ 201.6700
2025-09-27 18:36:59.758 - INFO - [ASTER_SOL] [OPEN] [1513874026] EXPIRED 0.50 @ 201.6700
2025-09-27 18:37:00.243 - INFO - [ASTER_SOL] [OPEN] [1513874059] OPEN 0.50 @ 201.6600
2025-09-27 18:37:00.243 - INFO - [ASTER_SOL] [OPEN] [1513874059] EXPIRED 0.50 @ 201.6600
2025-09-27 18:37:00.480 - INFO - [ASTER_SOL] [OPEN] Attempt 10 to place order
2025-09-27 18:37:00.880 - INFO - [ASTER_SOL] [OPEN] [1513874153] OPEN 0.50 @ 201.6400
2025-09-27 18:37:00.880 - INFO - [ASTER_SOL] [OPEN] [1513874153] EXPIRED 0.50 @ 201.6400
2025-09-27 18:37:01.461 - INFO - [ASTER_SOL] [OPEN] [1513874212] OPEN 0.50 @ 201.6200
2025-09-27 18:37:01.461 - INFO - [ASTER_SOL] [OPEN] [1513874212] EXPIRED 0.50 @ 201.6200
2025-09-27 18:37:01.925 - INFO - [ASTER_SOL] [OPEN] [1513874319] OPEN 0.50 @ 201.6000
2025-09-27 18:37:01.925 - INFO - [ASTER_SOL] [OPEN] [1513874319] EXPIRED 0.50 @ 201.6000
2025-09-27 18:37:02.402 - INFO - [ASTER_SOL] [OPEN] [1513874391] OPEN 0.50 @ 201.6100
2025-09-27 18:37:02.402 - INFO - [ASTER_SOL] [OPEN] [1513874391] EXPIRED 0.50 @ 201.6100
2025-09-27 18:37:02.934 - INFO - [ASTER_SOL] [OPEN] [1513874518] OPEN 0.50 @ 201.6000
2025-09-27 18:37:02.934 - INFO - [ASTER_SOL] [OPEN] [1513874518] EXPIRED 0.50 @ 201.6000
2025-09-27 18:37:03.154 - INFO - [ASTER_SOL] [OPEN] Attempt 15 to place order
2025-09-27 18:37:03.580 - INFO - [ASTER_SOL] [OPEN] [1513874700] OPEN 0.50 @ 201.6000
2025-09-27 18:37:03.580 - INFO - [ASTER_SOL] [OPEN] [1513874700] EXPIRED 0.50 @ 201.6000
2025-09-27 18:37:04.104 - INFO - [ASTER_SOL] [OPEN] [1513874775] OPEN 0.50 @ 201.6000
2025-09-27 18:37:04.104 - INFO - [ASTER_SOL] [OPEN] [1513874775] EXPIRED 0.50 @ 201.6000
2025-09-27 18:37:04.578 - INFO - [ASTER_SOL] [OPEN] [1513874826] OPEN 0.50 @ 201.6000
2025-09-27 18:37:04.578 - INFO - [ASTER_SOL] [OPEN] [1513874826] EXPIRED 0.50 @ 201.6000
2025-09-27 18:37:05.157 - INFO - [ASTER_SOL] [OPEN] [1513874959] OPEN 0.50 @ 201.6000
2025-09-27 18:37:05.157 - INFO - [ASTER_SOL] [OPEN] [1513874959] EXPIRED 0.50 @ 201.6000
2025-09-27 18:37:05.654 - INFO - [ASTER_SOL] [OPEN] [1513875008] OPEN 0.50 @ 201.5600
2025-09-27 18:37:05.654 - INFO - [ASTER_SOL] [OPEN] [1513875008] EXPIRED 0.50 @ 201.5600
2025-09-27 18:37:05.876 - INFO - [ASTER_SOL] [OPEN] Attempt 20 to place order
2025-09-27 18:37:06.301 - INFO - [ASTER_SOL] [OPEN] [1513875045] OPEN 0.50 @ 201.5100
2025-09-27 18:37:06.301 - INFO - [ASTER_SOL] [OPEN] [1513875045] EXPIRED 0.50 @ 201.5100
2025-09-27 18:37:06.827 - INFO - [ASTER_SOL] [OPEN] [1513875147] OPEN 0.50 @ 201.5100
2025-09-27 18:37:06.827 - INFO - [ASTER_SOL] [OPEN] [1513875147] EXPIRED 0.50 @ 201.5100
2025-09-27 18:37:07.378 - INFO - [ASTER_SOL] [OPEN] [1513875252] OPEN 0.50 @ 201.5000
2025-09-27 18:37:07.378 - INFO - [ASTER_SOL] [OPEN] [1513875252] EXPIRED 0.50 @ 201.5000
2025-09-27 18:37:07.852 - INFO - [ASTER_SOL] [OPEN] [1513875290] OPEN 0.50 @ 201.5000
2025-09-27 18:37:07.852 - INFO - [ASTER_SOL] [OPEN] [1513875290] EXPIRED 0.50 @ 201.5000
2025-09-27 18:37:08.398 - INFO - [ASTER_SOL] [OPEN] [1513875363] OPEN 0.50 @ 201.5000
2025-09-27 18:37:08.398 - INFO - [ASTER_SOL] [OPEN] [1513875363] EXPIRED 0.50 @ 201.5000
2025-09-27 18:37:08.622 - INFO - [ASTER_SOL] [OPEN] Attempt 25 to place order
2025-09-27 18:37:08.995 - INFO - [ASTER_SOL] [OPEN] [1513875506] OPEN 0.50 @ 201.5000
2025-09-27 18:37:08.995 - INFO - [ASTER_SOL] [OPEN] [1513875506] EXPIRED 0.50 @ 201.5000
2025-09-27 18:37:09.506 - INFO - [ASTER_SOL] [OPEN] [1513875584] OPEN 0.50 @ 201.5000
2025-09-27 18:37:09.506 - INFO - [ASTER_SOL] [OPEN] [1513875584] EXPIRED 0.50 @ 201.5000
2025-09-27 18:37:09.987 - INFO - [ASTER_SOL] [OPEN] [1513875627] OPEN 0.50 @ 201.4900
2025-09-27 18:37:09.988 - INFO - [ASTER_SOL] [OPEN] [1513875627] EXPIRED 0.50 @ 201.4900
2025-09-27 18:37:10.498 - INFO - [ASTER_SOL] [OPEN] [1513875712] OPEN 0.50 @ 201.4900
2025-09-27 18:37:10.498 - INFO - [ASTER_SOL] [OPEN] [1513875712] EXPIRED 0.50 @ 201.4900
2025-09-27 18:37:11.015 - INFO - [ASTER_SOL] [OPEN] [1513875789] OPEN 0.50 @ 201.4900
2025-09-27 18:37:11.015 - INFO - [ASTER_SOL] [OPEN] [1513875789] EXPIRED 0.50 @ 201.4900
2025-09-27 18:37:11.229 - INFO - [ASTER_SOL] [OPEN] Attempt 30 to place order
2025-09-27 18:37:11.657 - INFO - [ASTER_SOL] [OPEN] [1513875893] OPEN 0.50 @ 201.4900
2025-09-27 18:37:11.657 - INFO - [ASTER_SOL] [OPEN] [1513875893] EXPIRED 0.50 @ 201.4900
2025-09-27 18:37:12.175 - INFO - [ASTER_SOL] [OPEN] [1513875951] OPEN 0.50 @ 201.4900
2025-09-27 18:37:12.175 - INFO - [ASTER_SOL] [OPEN] [1513875951] EXPIRED 0.50 @ 201.4900
2025-09-27 18:37:12.725 - INFO - [ASTER_SOL] [OPEN] [1513876017] OPEN 0.50 @ 201.4900
2025-09-27 18:37:12.725 - INFO - [ASTER_SOL] [OPEN] [1513876017] EXPIRED 0.50 @ 201.4900
2025-09-27 18:37:13.298 - INFO - [ASTER_SOL] [OPEN] [1513876132] OPEN 0.50 @ 201.4500
2025-09-27 18:37:13.299 - INFO - [ASTER_SOL] [OPEN] [1513876132] EXPIRED 0.50 @ 201.4500
2025-09-27 18:37:13.805 - INFO - [ASTER_SOL] [OPEN] [1513876182] OPEN 0.50 @ 201.4000
2025-09-27 18:37:13.805 - INFO - [ASTER_SOL] [OPEN] [1513876182] EXPIRED 0.50 @ 201.4000
2025-09-27 18:37:14.042 - INFO - [ASTER_SOL] [OPEN] Attempt 35 to place order
2025-09-27 18:37:14.482 - INFO - [ASTER_SOL] [OPEN] [1513876248] OPEN 0.50 @ 201.4000
2025-09-27 18:37:14.482 - INFO - [ASTER_SOL] [OPEN] [1513876248] EXPIRED 0.50 @ 201.4000
2025-09-27 18:37:14.970 - INFO - [ASTER_SOL] [OPEN] [1513876327] OPEN 0.50 @ 201.4000
2025-09-27 18:37:14.970 - INFO - [ASTER_SOL] [OPEN] [1513876327] EXPIRED 0.50 @ 201.4000
2025-09-27 18:37:15.470 - INFO - [ASTER_SOL] [OPEN] [1513876392] OPEN 0.50 @ 201.3900
2025-09-27 18:37:15.470 - INFO - [ASTER_SOL] [OPEN] [1513876392] EXPIRED 0.50 @ 201.3900
2025-09-27 18:37:16.002 - INFO - [ASTER_SOL] [OPEN] [1513876433] OPEN 0.50 @ 201.3900
2025-09-27 18:37:16.002 - INFO - [ASTER_SOL] [OPEN] [1513876433] EXPIRED 0.50 @ 201.3900
2025-09-27 18:37:16.598 - INFO - [ASTER_SOL] [OPEN] [1513876491] OPEN 0.50 @ 201.3800
2025-09-27 18:37:16.598 - INFO - [ASTER_SOL] [OPEN] [1513876491] EXPIRED 0.50 @ 201.3800
2025-09-27 18:37:16.919 - INFO - [ASTER_SOL] [OPEN] Attempt 40 to place order
2025-09-27 18:37:17.354 - INFO - [ASTER_SOL] [OPEN] [1513876601] OPEN 0.50 @ 201.3800
2025-09-27 18:37:17.354 - INFO - [ASTER_SOL] [OPEN] [1513876601] EXPIRED 0.50 @ 201.3800
2025-09-27 18:37:18.034 - INFO - [ASTER_SOL] [OPEN] [1513876711] OPEN 0.50 @ 201.3400
2025-09-27 18:37:18.034 - INFO - [ASTER_SOL] [OPEN] [1513876711] EXPIRED 0.50 @ 201.3400
2025-09-27 18:37:18.703 - INFO - [ASTER_SOL] [OPEN] [1513876830] OPEN 0.50 @ 201.3400
2025-09-27 18:37:18.703 - INFO - [ASTER_SOL] [OPEN] [1513876830] EXPIRED 0.50 @ 201.3400
2025-09-27 18:37:19.405 - INFO - [ASTER_SOL] [OPEN] [1513876959] OPEN 0.50 @ 201.3800
2025-09-27 18:37:19.405 - INFO - [ASTER_SOL] [OPEN] [1513876959] EXPIRED 0.50 @ 201.3800
2025-09-27 18:37:20.005 - INFO - [ASTER_SOL] [OPEN] [1513877006] OPEN 0.50 @ 201.3400
2025-09-27 18:37:20.005 - INFO - [ASTER_SOL] [OPEN] [1513877006] EXPIRED 0.50 @ 201.3400
2025-09-27 18:37:20.295 - INFO - [ASTER_SOL] [OPEN] Attempt 45 to place order
2025-09-27 18:37:20.726 - INFO - [ASTER_SOL] [OPEN] [1513877121] OPEN 0.50 @ 201.3400
2025-09-27 18:37:20.726 - INFO - [ASTER_SOL] [OPEN] [1513877121] EXPIRED 0.50 @ 201.3400
2025-09-27 18:37:21.212 - INFO - [ASTER_SOL] [OPEN] [1513877185] OPEN 0.50 @ 201.3400
2025-09-27 18:37:21.212 - INFO - [ASTER_SOL] [OPEN] [1513877185] EXPIRED 0.50 @ 201.3400
2025-09-27 18:37:21.718 - INFO - [ASTER_SOL] [OPEN] [1513877253] OPEN 0.50 @ 201.3300
2025-09-27 18:37:21.718 - INFO - [ASTER_SOL] [OPEN] [1513877253] EXPIRED 0.50 @ 201.3300
2025-09-27 18:37:22.193 - INFO - [ASTER_SOL] [OPEN] [1513877294] OPEN 0.50 @ 201.3400
2025-09-27 18:37:22.193 - INFO - [ASTER_SOL] [OPEN] [1513877294] EXPIRED 0.50 @ 201.3400
2025-09-27 18:37:22.717 - INFO - [ASTER_SOL] [OPEN] [1513877339] OPEN 0.50 @ 201.3200
2025-09-27 18:37:22.717 - INFO - [ASTER_SOL] [OPEN] [1513877339] EXPIRED 0.50 @ 201.3200
2025-09-27 18:37:22.944 - INFO - [ASTER_SOL] [OPEN] Attempt 50 to place order
2025-09-27 18:37:23.349 - INFO - [ASTER_SOL] [OPEN] [1513877443] OPEN 0.50 @ 201.3400
2025-09-27 18:37:23.349 - INFO - [ASTER_SOL] [OPEN] [1513877443] EXPIRED 0.50 @ 201.3400
2025-09-27 18:37:23.812 - INFO - [ASTER_SOL] [OPEN] [1513877478] OPEN 0.50 @ 201.3200
2025-09-27 18:37:23.812 - INFO - [ASTER_SOL] [OPEN] [1513877478] EXPIRED 0.50 @ 201.3200
2025-09-27 18:37:24.315 - INFO - [ASTER_SOL] [OPEN] [1513877553] OPEN 0.50 @ 201.3300
2025-09-27 18:37:24.315 - INFO - [ASTER_SOL] [OPEN] [1513877553] EXPIRED 0.50 @ 201.3300
2025-09-27 18:37:24.858 - INFO - [ASTER_SOL] [OPEN] [1513877634] OPEN 0.50 @ 201.3300
2025-09-27 18:37:24.858 - INFO - [ASTER_SOL] [OPEN] [1513877634] EXPIRED 0.50 @ 201.3300
2025-09-27 18:37:25.371 - INFO - [ASTER_SOL] [OPEN] [1513877766] OPEN 0.50 @ 201.3100
2025-09-27 18:37:25.371 - INFO - [ASTER_SOL] [OPEN] [1513877766] EXPIRED 0.50 @ 201.3100
2025-09-27 18:37:25.577 - INFO - [ASTER_SOL] [OPEN] Attempt 55 to place order
2025-09-27 18:37:25.995 - INFO - [ASTER_SOL] [OPEN] [1513877808] OPEN 0.50 @ 201.3000
2025-09-27 18:37:25.995 - INFO - [ASTER_SOL] [OPEN] [1513877808] EXPIRED 0.50 @ 201.3000
2025-09-27 18:37:26.516 - INFO - [ASTER_SOL] [OPEN] [1513877848] OPEN 0.50 @ 201.3200
2025-09-27 18:37:26.516 - INFO - [ASTER_SOL] [OPEN] [1513877848] EXPIRED 0.50 @ 201.3200
2025-09-27 18:37:27.073 - INFO - [ASTER_SOL] [OPEN] [1513877891] OPEN 0.50 @ 201.3000
2025-09-27 18:37:27.073 - INFO - [ASTER_SOL] [OPEN] [1513877891] EXPIRED 0.50 @ 201.3000
2025-09-27 18:37:27.650 - INFO - [ASTER_SOL] [OPEN] [1513877939] OPEN 0.50 @ 201.2900
2025-09-27 18:37:27.650 - INFO - [ASTER_SOL] [OPEN] [1513877939] EXPIRED 0.50 @ 201.2900
2025-09-27 18:37:28.157 - INFO - [ASTER_SOL] [OPEN] [1513877978] OPEN 0.50 @ 201.2800
2025-09-27 18:37:28.157 - INFO - [ASTER_SOL] [OPEN] [1513877978] EXPIRED 0.50 @ 201.2800
2025-09-27 18:37:28.411 - INFO - [ASTER_SOL] [OPEN] Attempt 60 to place order
2025-09-27 18:37:29.068 - INFO - [ASTER_SOL] [OPEN] [1513878099] OPEN 0.50 @ 201.3000
2025-09-27 18:37:29.068 - INFO - [ASTER_SOL] [OPEN] [1513878099] EXPIRED 0.50 @ 201.3000
2025-09-27 18:37:29.763 - INFO - [ASTER_SOL] [OPEN] [1513878194] OPEN 0.50 @ 201.2500
2025-09-27 18:37:29.763 - INFO - [ASTER_SOL] [OPEN] [1513878194] EXPIRED 0.50 @ 201.2500
2025-09-27 18:37:30.375 - INFO - [ASTER_SOL] [OPEN] [1513878230] OPEN 0.50 @ 201.2800
2025-09-27 18:37:30.381 - INFO - [ASTER_SOL] [OPEN] [1513878230] EXPIRED 0.50 @ 201.2800
2025-09-27 18:37:31.094 - INFO - [ASTER_SOL] [OPEN] [1513878289] OPEN 0.50 @ 201.2500
2025-09-27 18:37:31.095 - INFO - [ASTER_SOL] [OPEN] [1513878289] EXPIRED 0.50 @ 201.2500
2025-09-27 18:37:31.723 - INFO - [ASTER_SOL] [OPEN] [1513878334] OPEN 0.50 @ 201.2800
2025-09-27 18:37:31.723 - INFO - [ASTER_SOL] [OPEN] [1513878334] EXPIRED 0.50 @ 201.2800
2025-09-27 18:37:31.988 - INFO - [ASTER_SOL] [OPEN] Attempt 65 to place order
2025-09-27 18:37:32.492 - INFO - [ASTER_SOL] [OPEN] [1513878387] OPEN 0.50 @ 201.2200
2025-09-27 18:37:33.114 - INFO - [ASTER_SOL] [OPEN] [1513878387] FILLED 0.50 @ 201.2200
2025-09-27 18:37:33.926 - INFO - [ASTER_SOL] [CLOSE] [1513878602] OPEN 0.50 @ 201.3000
2025-09-27 18:37:47.633 - INFO - [ASTER_SOL] [CLOSE] [1513878602] PARTIALLY_FILLED 0.35 @ 201.3000
2025-09-27 18:37:47.636 - INFO - [ASTER_SOL] [CLOSE] [1513878602] FILLED 0.50 @ 201.3000
2025-09-27 18:37:48.392 - INFO - [ASTER_SOL] [OPEN] [1513880027] OPEN 0.50 @ 201.3000
2025-09-27 18:37:51.561 - INFO - [ASTER_SOL] [OPEN] [1513880027] FILLED 0.50 @ 201.3000
2025-09-27 18:37:51.939 - INFO - [ASTER_SOL] [CLOSE] [1513880445] OPEN 0.50 @ 201.3800
2025-09-27 18:37:56.891 - INFO - [ASTER_SOL] Current Position: 1.55 | Active closing amount: 1.55 | Order quantity: 4
2025-09-27 18:38:28.464 - INFO - [ASTER_SOL] [CLOSE] [1513880445] FILLED 0.50 @ 201.3800
2025-09-27 18:38:29.946 - INFO - [ASTER_SOL] [OPEN] [1513883970] OPEN 0.50 @ 201.3800
2025-09-27 18:38:31.509 - INFO - [ASTER_SOL] [OPEN] [1513883970] FILLED 0.50 @ 201.3800
2025-09-27 18:38:32.234 - INFO - [ASTER_SOL] [CLOSE] [1513884252] OPEN 0.50 @ 201.4600
2025-09-27 18:38:45.855 - INFO - [ASTER_SOL] [CLOSE] [1513884252] FILLED 0.50 @ 201.4600
2025-09-27 18:38:46.871 - INFO - [ASTER_SOL] [OPEN] [1513885984] OPEN 0.50 @ 201.4500
2025-09-27 18:38:58.942 - INFO - [ASTER_SOL] [OPEN] [1513885984] Cancelling order and placing a new order
2025-09-27 18:38:59.054 - INFO - [ASTER_SOL] [OPEN] [1513885984] CANCELED 0.50 @ 201.4500
2025-09-27 18:38:59.477 - INFO - [ASTER_SOL] Current Position: 1.05 | Active closing amount: 1.05 | Order quantity: 3
2025-09-27 18:38:59.886 - INFO - [ASTER_SOL] [OPEN] [1513887914] OPEN 0.50 @ 201.6100
2025-09-27 18:39:00.079 - INFO - [ASTER_SOL] [OPEN] [1513887914] FILLED 0.50 @ 201.6100
2025-09-27 18:39:00.548 - INFO - [ASTER_SOL] [CLOSE] [1513888032] OPEN 0.50 @ 201.6900
2025-09-27 18:39:06.934 - INFO - [ASTER_SOL] [CLOSE] [1513888032] PARTIALLY_FILLED 0.16 @ 201.6900
2025-09-27 18:39:06.934 - INFO - [ASTER_SOL] [CLOSE] [1513888032] FILLED 0.50 @ 201.6900
2025-09-27 18:39:07.795 - INFO - [ASTER_SOL] [OPEN] [1513889131] OPEN 0.50 @ 201.7100
2025-09-27 18:39:09.339 - INFO - [ASTER_SOL] [OPEN] [1513889131] FILLED 0.50 @ 201.7100
2025-09-27 18:39:09.817 - INFO - [ASTER_SOL] [CLOSE] [1513889428] OPEN 0.50 @ 201.7900
2025-09-27 18:39:59.987 - INFO - [ASTER_SOL] Current Position: 1.55 | Active closing amount: 1.55 | Order quantity: 4
2025-09-27 18:41:01.506 - INFO - [ASTER_SOL] Current Position: 1.55 | Active closing amount: 1.55 | Order quantity: 4
2025-09-27 18:42:03.057 - INFO - [ASTER_SOL] Current Position: 1.55 | Active closing amount: 1.55 | Order quantity: 4
2025-09-27 18:43:04.031 - INFO - [ASTER_SOL] Current Position: 1.55 | Active closing amount: 1.55 | Order quantity: 4
2025-09-27 18:44:04.702 - INFO - [ASTER_SOL] Current Position: 1.55 | Active closing amount: 1.55 | Order quantity: 4
2025-09-27 18:45:05.394 - INFO - [ASTER_SOL] Current Position: 1.55 | Active closing amount: 1.55 | Order quantity: 4
2025-09-27 18:45:22.256 - INFO - [ASTER_SOL] [CLOSE] [1513889428] FILLED 0.50 @ 201.7900
2025-09-27 18:45:49.801 - INFO - [ASTER_SOL] [OPEN] [1513932459] OPEN 0.50 @ 201.7300
2025-09-27 18:45:52.473 - INFO - [ASTER_SOL] [OPEN] [1513932459] FILLED 0.50 @ 201.7300
2025-09-27 18:45:52.880 - INFO - [ASTER_SOL] [CLOSE] [1513932757] OPEN 0.50 @ 201.8100
2025-09-27 18:46:05.875 - INFO - [ASTER_SOL] Current Position: 1.55 | Active closing amount: 1.55 | Order quantity: 4
2025-09-27 18:47:06.470 - INFO - [ASTER_SOL] Current Position: 1.55 | Active closing amount: 1.55 | Order quantity: 4
2025-09-27 18:48:06.788 - INFO - [ASTER_SOL] Current Position: 1.55 | Active closing amount: 1.55 | Order quantity: 4
2025-09-27 18:49:07.037 - INFO - [ASTER_SOL] Current Position: 1.55 | Active closing amount: 1.55 | Order quantity: 4
2025-09-27 18:49:09.440 - INFO - [ASTER_SOL] [CLOSE] [1513932757] FILLED 0.50 @ 201.8100
2025-09-27 18:49:51.987 - INFO - [ASTER_SOL] [OPEN] [1513956084] OPEN 0.50 @ 201.7400
2025-09-27 18:49:51.987 - INFO - [ASTER_SOL] [OPEN] [1513956084] EXPIRED 0.50 @ 201.7400
2025-09-27 18:49:52.565 - INFO - [ASTER_SOL] [OPEN] [1513956125] OPEN 0.50 @ 201.7300
2025-09-27 18:50:04.728 - INFO - [ASTER_SOL] [OPEN] [1513956125] Cancelling order and placing a new order
2025-09-27 18:50:04.872 - INFO - [ASTER_SOL] [OPEN] [1513956125] CANCELED 0.50 @ 201.7300
2025-09-27 18:50:07.791 - INFO - [ASTER_SOL] Current Position: 1.05 | Active closing amount: 1.05 | Order quantity: 3
2025-09-27 18:51:08.550 - INFO - [ASTER_SOL] Current Position: 1.05 | Active closing amount: 1.05 | Order quantity: 3
2025-09-27 18:51:08.961 - INFO - [ASTER_SOL] [OPEN] [1513965266] OPEN 0.50 @ 201.7300
2025-09-27 18:51:10.698 - INFO - [ASTER_SOL] [OPEN] [1513965266] FILLED 0.50 @ 201.7300
2025-09-27 18:51:11.076 - INFO - [ASTER_SOL] [CLOSE] [1513965473] OPEN 0.50 @ 201.8100
2025-09-27 18:52:10.101 - INFO - [ASTER_SOL] Current Position: 1.55 | Active closing amount: 1.55 | Order quantity: 4
2025-09-27 18:53:10.613 - INFO - [ASTER_SOL] Current Position: 1.55 | Active closing amount: 1.55 | Order quantity: 4
2025-09-27 18:54:11.861 - INFO - [ASTER_SOL] Current Position: 1.55 | Active closing amount: 1.55 | Order quantity: 4
2025-09-27 18:55:13.062 - INFO - [ASTER_SOL] Current Position: 1.55 | Active closing amount: 1.55 | Order quantity: 4
2025-09-27 18:56:14.655 - INFO - [ASTER_SOL] Current Position: 1.55 | Active closing amount: 1.55 | Order quantity: 4
2025-09-27 18:57:16.193 - INFO - [ASTER_SOL] Current Position: 1.55 | Active closing amount: 1.55 | Order quantity: 4
2025-09-27 18:58:17.467 - INFO - [ASTER_SOL] Current Position: 1.55 | Active closing amount: 1.55 | Order quantity: 4
2025-09-27 18:59:19.129 - INFO - [ASTER_SOL] Current Position: 1.55 | Active closing amount: 1.55 | Order quantity: 4
2025-09-27 19:00:20.340 - INFO - [ASTER_SOL] Current Position: 1.55 | Active closing amount: 1.55 | Order quantity: 4
2025-09-27 19:01:21.391 - INFO - [ASTER_SOL] Current Position: 1.55 | Active closing amount: 1.55 | Order quantity: 4
2025-09-27 19:02:22.805 - INFO - [ASTER_SOL] Current Position: 1.55 | Active closing amount: 1.55 | Order quantity: 4
2025-09-27 19:03:23.760 - INFO - [ASTER_SOL] Current Position: 1.55 | Active closing amount: 1.55 | Order quantity: 4
2025-09-27 19:04:25.032 - INFO - [ASTER_SOL] Current Position: 1.55 | Active closing amount: 1.55 | Order quantity: 4
2025-09-27 19:05:25.932 - INFO - [ASTER_SOL] Current Position: 1.55 | Active closing amount: 1.55 | Order quantity: 4
2025-09-27 19:06:26.347 - INFO - [ASTER_SOL] Current Position: 1.55 | Active closing amount: 1.55 | Order quantity: 4
2025-09-27 19:07:27.025 - INFO - [ASTER_SOL] Current Position: 1.55 | Active closing amount: 1.55 | Order quantity: 4
2025-09-27 19:08:27.507 - INFO - [ASTER_SOL] Current Position: 1.55 | Active closing amount: 1.55 | Order quantity: 4
2025-09-27 19:09:28.093 - INFO - [ASTER_SOL] Current Position: 1.55 | Active closing amount: 1.55 | Order quantity: 4
2025-09-27 19:10:29.429 - INFO - [ASTER_SOL] Current Position: 1.55 | Active closing amount: 1.55 | Order quantity: 4
2025-09-27 19:11:29.918 - INFO - [ASTER_SOL] Current Position: 1.55 | Active closing amount: 1.55 | Order quantity: 4
2025-09-27 19:12:30.507 - INFO - [ASTER_SOL] Current Position: 1.55 | Active closing amount: 1.55 | Order quantity: 4
2025-09-27 19:13:31.987 - INFO - [ASTER_SOL] Current Position: 1.55 | Active closing amount: 1.55 | Order quantity: 4
2025-09-27 19:14:32.764 - INFO - [ASTER_SOL] Current Position: 1.55 | Active closing amount: 1.55 | Order quantity: 4
2025-09-27 19:15:33.120 - INFO - [ASTER_SOL] Current Position: 1.55 | Active closing amount: 1.55 | Order quantity: 4
2025-09-27 19:16:34.679 - INFO - [ASTER_SOL] Current Position: 1.55 | Active closing amount: 1.55 | Order quantity: 4
2025-09-27 19:17:35.979 - INFO - [ASTER_SOL] Current Position: 1.55 | Active closing amount: 1.55 | Order quantity: 4
2025-09-27 19:18:36.292 - INFO - [ASTER_SOL] Current Position: 1.55 | Active closing amount: 1.55 | Order quantity: 4
2025-09-27 19:19:36.587 - INFO - [ASTER_SOL] Current Position: 1.55 | Active closing amount: 1.55 | Order quantity: 4
2025-09-27 19:20:13.178 - INFO - [ASTER_SOL] [CLOSE] [1513965473] FILLED 0.50 @ 201.8100
2025-09-27 19:20:37.087 - INFO - [ASTER_SOL] Current Position: 1.05 | Active closing amount: 1.05 | Order quantity: 3
2025-09-27 19:21:37.998 - INFO - [ASTER_SOL] Current Position: 1.05 | Active closing amount: 1.05 | Order quantity: 3
2025-09-27 19:22:03.361 - INFO - [ASTER_SOL] [OPEN] [1514124134] OPEN 0.50 @ 201.7400
2025-09-27 19:22:07.280 - INFO - [ASTER_SOL] [OPEN] [1514124134] FILLED 0.50 @ 201.7400
2025-09-27 19:22:07.678 - INFO - [ASTER_SOL] [CLOSE] [1514124639] OPEN 0.50 @ 201.8200
2025-09-27 19:22:38.611 - INFO - [ASTER_SOL] Current Position: 1.55 | Active closing amount: 1.55 | Order quantity: 4
2025-09-27 19:23:38.995 - INFO - [ASTER_SOL] Current Position: 1.55 | Active closing amount: 1.55 | Order quantity: 4
2025-09-27 19:24:39.300 - INFO - [ASTER_SOL] Current Position: 1.55 | Active closing amount: 1.55 | Order quantity: 4
2025-09-27 19:25:40.551 - INFO - [ASTER_SOL] Current Position: 1.55 | Active closing amount: 1.55 | Order quantity: 4
2025-09-27 19:26:41.060 - INFO - [ASTER_SOL] Current Position: 1.55 | Active closing amount: 1.55 | Order quantity: 4
2025-09-27 19:27:42.002 - INFO - [ASTER_SOL] Current Position: 1.55 | Active closing amount: 1.55 | Order quantity: 4
2025-09-27 19:28:22.840 - INFO - [ASTER_SOL] [CLOSE] [1514124639] FILLED 0.50 @ 201.8200
2025-09-27 19:28:42.529 - INFO - [ASTER_SOL] Current Position: 1.05 | Active closing amount: 1.05 | Order quantity: 3
2025-09-27 19:29:44.063 - INFO - [ASTER_SOL] Current Position: 1.05 | Active closing amount: 1.05 | Order quantity: 3
2025-09-27 19:30:44.826 - INFO - [ASTER_SOL] Current Position: 1.05 | Active closing amount: 1.05 | Order quantity: 3
2025-09-27 19:31:45.206 - INFO - [ASTER_SOL] Current Position: 1.05 | Active closing amount: 1.05 | Order quantity: 3
2025-09-27 19:32:45.577 - INFO - [ASTER_SOL] Current Position: 1.05 | Active closing amount: 1.05 | Order quantity: 3
2025-09-27 19:33:46.931 - INFO - [ASTER_SOL] Current Position: 1.05 | Active closing amount: 1.05 | Order quantity: 3
2025-09-27 19:34:48.410 - INFO - [ASTER_SOL] Current Position: 1.05 | Active closing amount: 1.05 | Order quantity: 3
2025-09-27 19:35:49.140 - INFO - [ASTER_SOL] Current Position: 1.05 | Active closing amount: 1.05 | Order quantity: 3
2025-09-27 19:36:49.625 - INFO - [ASTER_SOL] Current Position: 1.05 | Active closing amount: 1.05 | Order quantity: 3
2025-09-27 19:37:33.954 - INFO - [ASTER_SOL] [OPEN] [1514197838] OPEN 0.50 @ 201.7400
2025-09-27 19:37:46.066 - INFO - [ASTER_SOL] [OPEN] [1514197838] Cancelling order and placing a new order
2025-09-27 19:37:46.193 - INFO - [ASTER_SOL] [OPEN] [1514197838] CANCELED 0.50 @ 201.7400
2025-09-27 19:37:46.739 - INFO - [ASTER_SOL] [OPEN] [1514198793] OPEN 0.50 @ 201.7400
2025-09-27 19:37:57.083 - INFO - [ASTER_SOL] [OPEN] [1514198793] PARTIALLY_FILLED 0.49 @ 201.7400
2025-09-27 19:37:58.988 - INFO - [ASTER_SOL] [OPEN] [1514198793] Cancelling order and placing a new order
2025-09-27 19:37:59.139 - INFO - [ASTER_SOL] [OPEN] [1514198793] CANCELED 0.50 @ 201.7400
2025-09-27 19:37:59.547 - INFO - [ASTER_SOL] [CLOSE] [1514199737] OPEN 0.49 @ 201.8200
2025-09-27 19:38:01.989 - INFO - [ASTER_SOL] Current Position: 1.54 | Active closing amount: 1.54 | Order quantity: 4
2025-09-27 19:39:03.374 - INFO - [ASTER_SOL] Current Position: 1.54 | Active closing amount: 1.54 | Order quantity: 4
2025-09-27 19:40:04.779 - INFO - [ASTER_SOL] Current Position: 1.54 | Active closing amount: 1.54 | Order quantity: 4
2025-09-27 19:41:06.138 - INFO - [ASTER_SOL] Current Position: 1.54 | Active closing amount: 1.54 | Order quantity: 4
2025-09-27 19:42:07.536 - INFO - [ASTER_SOL] Current Position: 1.54 | Active closing amount: 1.54 | Order quantity: 4
2025-09-27 19:43:08.579 - INFO - [ASTER_SOL] Current Position: 1.54 | Active closing amount: 1.54 | Order quantity: 4
2025-09-27 19:44:09.875 - INFO - [ASTER_SOL] Current Position: 1.54 | Active closing amount: 1.54 | Order quantity: 4
2025-09-27 19:45:10.650 - INFO - [ASTER_SOL] Current Position: 1.54 | Active closing amount: 1.54 | Order quantity: 4
2025-09-27 19:45:48.036 - INFO - [ASTER_SOL] [OPEN] [1514238096] OPEN 0.50 @ 201.3100
2025-09-27 19:46:00.251 - INFO - [ASTER_SOL] [OPEN] [1514238096] Cancelling order and placing a new order
2025-09-27 19:46:00.399 - INFO - [ASTER_SOL] [OPEN] [1514238096] CANCELED 0.50 @ 201.3100
2025-09-27 19:46:00.900 - INFO - [ASTER_SOL] [OPEN] [1514239222] OPEN 0.50 @ 201.3200
2025-09-27 19:46:13.037 - INFO - [ASTER_SOL] [OPEN] [1514239222] Cancelling order and placing a new order
2025-09-27 19:46:13.230 - INFO - [ASTER_SOL] [OPEN] [1514239222] CANCELED 0.50 @ 201.3200
2025-09-27 19:46:13.629 - INFO - [ASTER_SOL] Current Position: 1.54 | Active closing amount: 1.54 | Order quantity: 4
2025-09-27 19:46:45.864 - INFO - [ASTER_SOL] [OPEN] [1514242596] OPEN 0.50 @ 201.3100
2025-09-27 19:46:48.238 - INFO - [ASTER_SOL] [OPEN] [1514242596] FILLED 0.50 @ 201.3100
2025-09-27 19:46:48.628 - INFO - [ASTER_SOL] [CLOSE] [1514242783] OPEN 0.50 @ 201.3900
2025-09-27 19:47:15.042 - INFO - [ASTER_SOL] Current Position: 2.04 | Active closing amount: 2.04 | Order quantity: 5
2025-09-27 19:48:07.565 - INFO - [ASTER_SOL] [CLOSE] [1514242783] FILLED 0.50 @ 201.3900
2025-09-27 19:48:16.611 - INFO - [ASTER_SOL] Current Position: 1.54 | Active closing amount: 1.54 | Order quantity: 4
2025-09-27 19:49:17.262 - INFO - [ASTER_SOL] Current Position: 1.54 | Active closing amount: 1.54 | Order quantity: 4
2025-09-27 19:50:17.896 - INFO - [ASTER_SOL] Current Position: 1.54 | Active closing amount: 1.54 | Order quantity: 4
2025-09-27 19:51:18.247 - INFO - [ASTER_SOL] Current Position: 1.54 | Active closing amount: 1.54 | Order quantity: 4
2025-09-27 19:52:18.576 - INFO - [ASTER_SOL] Current Position: 1.54 | Active closing amount: 1.54 | Order quantity: 4
2025-09-27 19:53:19.260 - INFO - [ASTER_SOL] Current Position: 1.54 | Active closing amount: 1.54 | Order quantity: 4
2025-09-27 19:54:20.651 - INFO - [ASTER_SOL] Current Position: 1.54 | Active closing amount: 1.54 | Order quantity: 4
2025-09-27 19:55:22.067 - INFO - [ASTER_SOL] Current Position: 1.54 | Active closing amount: 1.54 | Order quantity: 4
2025-09-27 19:56:23.167 - INFO - [ASTER_SOL] Current Position: 1.54 | Active closing amount: 1.54 | Order quantity: 4
2025-09-27 19:57:23.766 - INFO - [ASTER_SOL] Current Position: 1.54 | Active closing amount: 1.54 | Order quantity: 4
2025-09-27 19:58:24.941 - INFO - [ASTER_SOL] Current Position: 1.54 | Active closing amount: 1.54 | Order quantity: 4
2025-09-27 19:59:25.573 - INFO - [ASTER_SOL] Current Position: 1.54 | Active closing amount: 1.54 | Order quantity: 4
2025-09-27 20:00:27.009 - INFO - [ASTER_SOL] Current Position: 1.54 | Active closing amount: 1.54 | Order quantity: 4
2025-09-27 20:01:28.355 - INFO - [ASTER_SOL] Current Position: 1.54 | Active closing amount: 1.54 | Order quantity: 4
2025-09-27 20:02:29.915 - INFO - [ASTER_SOL] Current Position: 1.54 | Active closing amount: 1.54 | Order quantity: 4
2025-09-27 20:02:31.700 - INFO - [ASTER_SOL] [OPEN] [1514324185] OPEN 0.50 @ 201.3200
2025-09-27 20:02:35.894 - INFO - [ASTER_SOL] [OPEN] [1514324185] PARTIALLY_FILLED 0.01 @ 201.3200
2025-09-27 20:02:36.665 - INFO - [ASTER_SOL] [OPEN] [1514324185] PARTIALLY_FILLED 0.04 @ 201.3200
2025-09-27 20:02:43.158 - INFO - [ASTER_SOL] [OPEN] [1514324185] PARTIALLY_FILLED 0.14 @ 201.3200
2025-09-27 20:02:43.373 - INFO - [ASTER_SOL] [OPEN] [1514324185] PARTIALLY_FILLED 0.15 @ 201.3200
2025-09-27 20:02:43.831 - INFO - [ASTER_SOL] [OPEN] [1514324185] Cancelling order and placing a new order
2025-09-27 20:02:44.130 - INFO - [ASTER_SOL] [OPEN] [1514324185] CANCELED 0.50 @ 201.3200
2025-09-27 20:02:44.894 - INFO - [ASTER_SOL] [CLOSE] [1514325334] OPEN 0.15 @ 201.4000
2025-09-27 20:03:30.639 - INFO - [ASTER_SOL] Current Position: 1.69 | Active closing amount: 1.69 | Order quantity: 5
2025-09-27 20:04:31.232 - INFO - [ASTER_SOL] Current Position: 1.69 | Active closing amount: 1.69 | Order quantity: 5
2025-09-27 20:04:49.988 - INFO - [ASTER_SOL] [CLOSE] [1514325334] FILLED 0.15 @ 201.4000
2025-09-27 20:04:57.178 - INFO - [ASTER_SOL] [OPEN] [1514338559] OPEN 0.50 @ 201.3100
2025-09-27 20:05:00.642 - INFO - [ASTER_SOL] [OPEN] [1514338559] PARTIALLY_FILLED 0.44 @ 201.3100
2025-09-27 20:05:08.124 - INFO - [ASTER_SOL] [OPEN] [1514338559] FILLED 0.50 @ 201.3100
2025-09-27 20:05:08.528 - INFO - [ASTER_SOL] [CLOSE] [1514339689] OPEN 0.50 @ 201.3900
2025-09-27 20:05:31.780 - INFO - [ASTER_SOL] Current Position: 2.04 | Active closing amount: 2.04 | Order quantity: 5
2025-09-27 20:06:32.207 - INFO - [ASTER_SOL] Current Position: 2.04 | Active closing amount: 2.04 | Order quantity: 5
2025-09-27 20:07:08.158 - INFO - [ASTER_SOL] [OPEN] [1514351497] OPEN 9.93 @ 0
2025-09-27 20:07:08.159 - INFO - [ASTER_SOL] [OPEN] [1514351497] PARTIALLY_FILLED 0.24 @ 0
2025-09-27 20:07:08.160 - INFO - [ASTER_SOL] [OPEN] [1514351497] PARTIALLY_FILLED 0.29 @ 0
2025-09-27 20:07:08.160 - INFO - [ASTER_SOL] [OPEN] [1514351497] PARTIALLY_FILLED 0.49 @ 0
2025-09-27 20:07:08.225 - INFO - [ASTER_SOL] [OPEN] [1514351497] PARTIALLY_FILLED 1.49 @ 0
2025-09-27 20:07:08.225 - INFO - [ASTER_SOL] [OPEN] [1514351497] PARTIALLY_FILLED 3.01 @ 0
2025-09-27 20:07:08.225 - INFO - [ASTER_SOL] [OPEN] [1514351497] PARTIALLY_FILLED 3.33 @ 0
2025-09-27 20:07:08.225 - INFO - [ASTER_SOL] [OPEN] [1514351497] PARTIALLY_FILLED 3.44 @ 0
2025-09-27 20:07:08.226 - INFO - [ASTER_SOL] [OPEN] [1514351497] FILLED 9.93 @ 0
2025-09-27 20:07:27.345 - INFO - [ASTER_SOL] [CLOSE] [1514353382] OPEN 0 @ 0
2025-09-27 20:07:33.412 - INFO - [ASTER_SOL] Current Position: 11.97 | Active closing amount: 2.04 | Order quantity: 6
2025-09-27 20:07:33.532 - INFO - [ASTER_SOL] WebSocket disconnected
2025-09-28 21:33:21.623 - INFO - [ASTER_SOL] === Trading Configuration ===
2025-09-28 21:33:21.623 - INFO - [ASTER_SOL] Ticker: SOL
2025-09-28 21:33:21.623 - INFO - [ASTER_SOL] Contract ID: SOLUSDT
2025-09-28 21:33:21.623 - INFO - [ASTER_SOL] Quantity: 0.5
2025-09-28 21:33:21.623 - INFO - [ASTER_SOL] Take Profit: 0.04%
2025-09-28 21:33:21.624 - INFO - [ASTER_SOL] Direction: buy
2025-09-28 21:33:21.624 - INFO - [ASTER_SOL] Max Orders: 10
2025-09-28 21:33:21.624 - INFO - [ASTER_SOL] Wait Time: 30s
2025-09-28 21:33:21.624 - INFO - [ASTER_SOL] Exchange: aster
2025-09-28 21:33:21.624 - INFO - [ASTER_SOL] Grid Step: 0.2%
2025-09-28 21:33:21.624 - INFO - [ASTER_SOL] Stop Price: -1
2025-09-28 21:33:21.624 - INFO - [ASTER_SOL] Pause Price: -1
2025-09-28 21:33:21.624 - INFO - [ASTER_SOL] Aster Boost: False
2025-09-28 21:33:21.624 - INFO - [ASTER_SOL] =============================
2025-09-28 21:33:22.227 - INFO - [ASTER_SOL] Connected to Aster WebSocket with listen key
2025-09-28 21:33:24.031 - INFO - [ASTER_SOL] Current Position: 0.00 | Active closing amount: 0 | Order quantity: 0
2025-09-28 21:33:24.441 - INFO - [ASTER_SOL] [OPEN] [1523466967] OPEN 0.50 @ 199.4200
2025-09-28 21:33:36.460 - INFO - [ASTER_SOL] [OPEN] [1523466967] Cancelling order and placing a new order
2025-09-28 21:33:36.591 - INFO - [ASTER_SOL] [OPEN] [1523466967] CANCELED 0.50 @ 199.4200
2025-09-28 21:33:37.248 - INFO - [ASTER_SOL] [OPEN] [1523468439] OPEN 0.50 @ 199.4600
2025-09-28 21:33:49.319 - INFO - [ASTER_SOL] [OPEN] [1523468439] Cancelling order and placing a new order
2025-09-28 21:33:49.468 - INFO - [ASTER_SOL] [OPEN] [1523468439] CANCELED 0.50 @ 199.4600
2025-09-28 21:33:49.849 - INFO - [ASTER_SOL] [OPEN] [1523469769] OPEN 0.50 @ 199.4600
2025-09-28 21:34:01.940 - INFO - [ASTER_SOL] [OPEN] [1523469769] Cancelling order and placing a new order
2025-09-28 21:34:02.087 - INFO - [ASTER_SOL] [OPEN] [1523469769] CANCELED 0.50 @ 199.4600
2025-09-28 21:34:02.744 - INFO - [ASTER_SOL] [OPEN] [1523471307] OPEN 0.50 @ 199.5300
2025-09-28 21:34:14.875 - INFO - [ASTER_SOL] [OPEN] [1523471307] Cancelling order and placing a new order
2025-09-28 21:34:15.063 - INFO - [ASTER_SOL] [OPEN] [1523471307] CANCELED 0.50 @ 199.5300
2025-09-28 21:34:15.396 - INFO - [ASTER_SOL] [OPEN] [1523472803] OPEN 0.50 @ 199.6000
2025-09-28 21:34:27.492 - INFO - [ASTER_SOL] [OPEN] [1523472803] Cancelling order and placing a new order
2025-09-28 21:34:27.729 - INFO - [ASTER_SOL] [OPEN] [1523472803] CANCELED 0.50 @ 199.6000
2025-09-28 21:34:28.139 - INFO - [ASTER_SOL] Current Position: 0.00 | Active closing amount: 0 | Order quantity: 0
2025-09-28 21:34:28.645 - INFO - [ASTER_SOL] [OPEN] [1523474171] OPEN 0.50 @ 199.7200
2025-09-28 21:34:29.569 - INFO - [ASTER_SOL] [OPEN] [1523474171] FILLED 0.50 @ 199.7200
2025-09-28 21:34:30.043 - INFO - [ASTER_SOL] [CLOSE] [1523474479] OPEN 0.50 @ 199.8000
2025-09-28 21:35:04.701 - INFO - [ASTER_SOL] [CLOSE] [1523474479] FILLED 0.50 @ 199.8000
2025-09-28 21:35:06.006 - INFO - [ASTER_SOL] [OPEN] [1523479118] OPEN 0.50 @ 199.6600
2025-09-28 21:35:18.103 - INFO - [ASTER_SOL] [OPEN] [1523479118] Cancelling order and placing a new order
2025-09-28 21:35:18.241 - INFO - [ASTER_SOL] [OPEN] [1523479118] CANCELED 0.50 @ 199.6600
2025-09-28 21:35:18.867 - INFO - [ASTER_SOL] [OPEN] [1523480710] OPEN 0.50 @ 199.8400
2025-09-28 21:35:18.867 - INFO - [ASTER_SOL] [OPEN] [1523480710] EXPIRED 0.50 @ 199.8400
2025-09-28 21:35:19.547 - INFO - [ASTER_SOL] [OPEN] [1523480763] OPEN 0.50 @ 199.7900
2025-09-28 21:35:31.706 - INFO - [ASTER_SOL] [OPEN] [1523480763] Cancelling order and placing a new order
2025-09-28 21:35:31.915 - INFO - [ASTER_SOL] [OPEN] [1523480763] CANCELED 0.50 @ 199.7900
2025-09-28 21:35:32.276 - INFO - [ASTER_SOL] Current Position: 0.00 | Active closing amount: 0 | Order quantity: 0
2025-09-28 21:35:32.887 - INFO - [ASTER_SOL] [OPEN] [1523482163] OPEN 0.50 @ 199.8000
2025-09-28 21:35:45.144 - INFO - [ASTER_SOL] [OPEN] [1523482163] Cancelling order and placing a new order
2025-09-28 21:35:45.282 - INFO - [ASTER_SOL] [OPEN] [1523482163] CANCELED 0.50 @ 199.8000
2025-09-28 21:35:45.692 - INFO - [ASTER_SOL] [OPEN] [1523483459] OPEN 0.50 @ 199.8000
2025-09-28 21:35:58.011 - INFO - [ASTER_SOL] [OPEN] [1523483459] Cancelling order and placing a new order
2025-09-28 21:35:58.317 - INFO - [ASTER_SOL] [OPEN] [1523483459] CANCELED 0.50 @ 199.8000
2025-09-28 21:35:58.796 - INFO - [ASTER_SOL] [OPEN] [1523485033] OPEN 0.50 @ 199.8100
2025-09-28 21:36:10.824 - INFO - [ASTER_SOL] [OPEN] [1523485033] Cancelling order and placing a new order
2025-09-28 21:36:10.983 - INFO - [ASTER_SOL] [OPEN] [1523485033] CANCELED 0.50 @ 199.8100
2025-09-28 21:36:11.650 - INFO - [ASTER_SOL] [OPEN] [1523486605] OPEN 0.50 @ 199.8900
2025-09-28 21:36:17.600 - INFO - [ASTER_SOL] [OPEN] [1523486605] FILLED 0.50 @ 199.8900
2025-09-28 21:36:17.960 - INFO - [ASTER_SOL] [CLOSE] [1523487322] OPEN 0.50 @ 199.9700
2025-09-28 21:36:29.947 - INFO - [ASTER_SOL] [CLOSE] [1523487322] PARTIALLY_FILLED 0.16 @ 199.9700
2025-09-28 21:36:29.947 - INFO - [ASTER_SOL] [CLOSE] [1523487322] FILLED 0.50 @ 199.9700
2025-09-28 21:36:31.732 - INFO - [ASTER_SOL] [OPEN] [1523489193] OPEN 0.50 @ 199.9200
2025-09-28 21:36:43.891 - INFO - [ASTER_SOL] [OPEN] [1523489193] Cancelling order and placing a new order
2025-09-28 21:36:44.086 - INFO - [ASTER_SOL] [OPEN] [1523489193] CANCELED 0.50 @ 199.9200
2025-09-28 21:36:44.461 - INFO - [ASTER_SOL] Current Position: 0.00 | Active closing amount: 0 | Order quantity: 0
2025-09-28 21:36:45.010 - INFO - [ASTER_SOL] [OPEN] [1523490648] OPEN 0.50 @ 200.0200
2025-09-28 21:36:45.016 - INFO - [ASTER_SOL] [OPEN] [1523490648] EXPIRED 0.50 @ 200.0200
2025-09-28 21:36:45.760 - INFO - [ASTER_SOL] [OPEN] [1523490728] OPEN 0.50 @ 200
2025-09-28 21:36:45.760 - INFO - [ASTER_SOL] [OPEN] [1523490728] EXPIRED 0.50 @ 200
2025-09-28 21:36:46.513 - INFO - [ASTER_SOL] [OPEN] [1523490775] OPEN 0.50 @ 200.0200
2025-09-28 21:36:46.513 - INFO - [ASTER_SOL] [OPEN] [1523490775] EXPIRED 0.50 @ 200.0200
2025-09-28 21:36:47.273 - INFO - [ASTER_SOL] [OPEN] [1523490913] OPEN 0.50 @ 200.0200
2025-09-28 21:36:47.274 - INFO - [ASTER_SOL] [OPEN] [1523490913] EXPIRED 0.50 @ 200.0200
2025-09-28 21:36:47.503 - INFO - [ASTER_SOL] [OPEN] Attempt 5 to place order
2025-09-28 21:36:48.266 - INFO - [ASTER_SOL] [OPEN] [1523491118] OPEN 0.50 @ 200
2025-09-28 21:37:00.308 - INFO - [ASTER_SOL] [OPEN] [1523491118] Cancelling order and placing a new order
2025-09-28 21:37:00.440 - INFO - [ASTER_SOL] [OPEN] [1523491118] CANCELED 0.50 @ 200
2025-09-28 21:37:00.849 - INFO - [ASTER_SOL] [OPEN] [1523492601] OPEN 0.50 @ 200.0100
2025-09-28 21:37:01.975 - INFO - [ASTER_SOL] [OPEN] [1523492601] FILLED 0.50 @ 200.0100
2025-09-28 21:37:02.471 - INFO - [ASTER_SOL] [CLOSE] [1523492864] OPEN 0.50 @ 200.0900
2025-09-28 21:37:45.003 - INFO - [ASTER_SOL] Current Position: 0.50 | Active closing amount: 0.50 | Order quantity: 1
2025-09-28 21:38:45.844 - INFO - [ASTER_SOL] Current Position: 0.50 | Active closing amount: 0.50 | Order quantity: 1
2025-09-28 21:38:47.488 - INFO - [ASTER_SOL] [CLOSE] [1523492864] FILLED 0.50 @ 200.0900
2025-09-28 21:38:48.801 - INFO - [ASTER_SOL] [OPEN] [1523505747] OPEN 0.50 @ 200.0400
2025-09-28 21:39:00.889 - INFO - [ASTER_SOL] [OPEN] [1523505747] Cancelling order and placing a new order
2025-09-28 21:39:01.022 - INFO - [ASTER_SOL] [OPEN] [1523505747] CANCELED 0.50 @ 200.0400
2025-09-28 21:39:01.668 - INFO - [ASTER_SOL] [OPEN] [1523507318] OPEN 0.50 @ 200.0600
2025-09-28 21:39:01.668 - INFO - [ASTER_SOL] [OPEN] [1523507318] EXPIRED 0.50 @ 200.0600
2025-09-28 21:39:02.459 - INFO - [ASTER_SOL] [OPEN] [1523507419] OPEN 0.50 @ 200.0400
2025-09-28 21:39:02.459 - INFO - [ASTER_SOL] [OPEN] [1523507419] EXPIRED 0.50 @ 200.0400
2025-09-28 21:39:03.215 - INFO - [ASTER_SOL] [OPEN] [1523507512] OPEN 0.50 @ 200.0300
2025-09-28 21:39:03.215 - INFO - [ASTER_SOL] [OPEN] [1523507512] EXPIRED 0.50 @ 200.0300
2025-09-28 21:39:03.622 - INFO - [ASTER_SOL] [OPEN] [1523507570] OPEN 0.50 @ 200.0200
2025-09-28 21:39:04.014 - INFO - [ASTER_SOL] [OPEN] [1523507570] FILLED 0.50 @ 200.0200
2025-09-28 21:39:04.421 - INFO - [ASTER_SOL] [CLOSE] [1523507663] OPEN 0.50 @ 200.1000
2025-09-28 21:39:40.467 - INFO - [ASTER_SOL] [CLOSE] [1523507663] FILLED 0.50 @ 200.1000
2025-09-28 21:39:41.042 - INFO - [ASTER_SOL] [OPEN] [1523512115] OPEN 0.50 @ 200.0900
2025-09-28 21:39:46.339 - INFO - [ASTER_SOL] [OPEN] [1523512115] FILLED 0.50 @ 200.0900
2025-09-28 21:39:46.739 - INFO - [ASTER_SOL] [CLOSE] [1523512829] OPEN 0.50 @ 200.1700
2025-09-28 21:39:49.264 - INFO - [ASTER_SOL] Current Position: 0.50 | Active closing amount: 0.50 | Order quantity: 1
2025-09-28 21:40:50.629 - INFO - [ASTER_SOL] Current Position: 0.50 | Active closing amount: 0.50 | Order quantity: 1
2025-09-28 21:41:51.052 - INFO - [ASTER_SOL] Current Position: 0.50 | Active closing amount: 0.50 | Order quantity: 1
2025-09-28 21:42:14.668 - INFO - [ASTER_SOL] [CLOSE] [1523512829] FILLED 0.50 @ 200.1700
2025-09-28 21:42:15.606 - INFO - [ASTER_SOL] [OPEN] [1523529662] OPEN 0.50 @ 200.1700
2025-09-28 21:42:18.321 - INFO - [ASTER_SOL] [OPEN] [1523529662] FILLED 0.50 @ 200.1700
2025-09-28 21:42:18.790 - INFO - [ASTER_SOL] [CLOSE] [1523530280] OPEN 0.50 @ 200.2500
2025-09-28 21:42:52.039 - INFO - [ASTER_SOL] Current Position: 0.50 | Active closing amount: 0.50 | Order quantity: 1
2025-09-28 21:43:52.487 - INFO - [ASTER_SOL] Current Position: 0.50 | Active closing amount: 0.50 | Order quantity: 1
2025-09-28 21:44:03.324 - INFO - [ASTER_SOL] [CLOSE] [1523530280] FILLED 0.50 @ 200.2500
2025-09-28 21:44:03.736 - INFO - [ASTER_SOL] [OPEN] [1523542231] OPEN 0.50 @ 200.2400
2025-09-28 21:44:09.289 - INFO - [ASTER_SOL] [OPEN] [1523542231] FILLED 0.50 @ 200.2400
2025-09-28 21:44:09.673 - INFO - [ASTER_SOL] [CLOSE] [1523543019] OPEN 0.50 @ 200.3200
2025-09-28 21:44:53.549 - INFO - [ASTER_SOL] Current Position: 0.50 | Active closing amount: 0.50 | Order quantity: 1
2025-09-28 21:45:54.972 - INFO - [ASTER_SOL] Current Position: 0.50 | Active closing amount: 0.50 | Order quantity: 1
2025-09-28 21:46:56.542 - INFO - [ASTER_SOL] Current Position: 0.50 | Active closing amount: 0.50 | Order quantity: 1
2025-09-28 21:47:56.843 - INFO - [ASTER_SOL] Current Position: 0.50 | Active closing amount: 0.50 | Order quantity: 1
2025-09-28 21:48:58.366 - INFO - [ASTER_SOL] Current Position: 0.50 | Active closing amount: 0.50 | Order quantity: 1
2025-09-28 21:49:58.862 - INFO - [ASTER_SOL] Current Position: 0.50 | Active closing amount: 0.50 | Order quantity: 1
2025-09-28 21:50:59.328 - INFO - [ASTER_SOL] Current Position: 0.50 | Active closing amount: 0.50 | Order quantity: 1
2025-09-28 21:51:59.845 - INFO - [ASTER_SOL] Current Position: 0.50 | Active closing amount: 0.50 | Order quantity: 1
2025-09-28 21:52:00.163 - INFO - [ASTER_SOL] [CLOSE] [1523543019] FILLED 0.50 @ 200.3200
2025-09-28 21:52:01.373 - INFO - [ASTER_SOL] [OPEN] [1523595923] OPEN 0.50 @ 200.3200
2025-09-28 21:52:13.589 - INFO - [ASTER_SOL] [OPEN] [1523595923] Cancelling order and placing a new order
2025-09-28 21:52:13.840 - INFO - [ASTER_SOL] [OPEN] [1523595923] CANCELED 0.50 @ 200.3200
2025-09-28 21:52:14.262 - INFO - [ASTER_SOL] [OPEN] [1523597190] OPEN 0.50 @ 200.3500
2025-09-28 21:52:26.082 - INFO - [ASTER_SOL] [OPEN] [1523597190] FILLED 0.50 @ 200.3500
2025-09-28 21:52:26.491 - INFO - [ASTER_SOL] [CLOSE] [1523598327] OPEN 0.50 @ 200.4300
2025-09-28 21:53:01.116 - INFO - [ASTER_SOL] Current Position: 0.50 | Active closing amount: 0.50 | Order quantity: 1
2025-09-28 21:54:02.314 - INFO - [ASTER_SOL] Current Position: 0.50 | Active closing amount: 0.50 | Order quantity: 1
2025-09-28 21:55:02.798 - INFO - [ASTER_SOL] Current Position: 0.50 | Active closing amount: 0.50 | Order quantity: 1
2025-09-28 21:55:05.565 - INFO - [ASTER_SOL] [CLOSE] [1523598327] FILLED 0.50 @ 200.4300
2025-09-28 21:55:07.002 - INFO - [ASTER_SOL] [OPEN] [1523614565] OPEN 0.50 @ 200.4200
2025-09-28 21:55:09.592 - INFO - [ASTER_SOL] [OPEN] [1523614565] PARTIALLY_FILLED 0.12 @ 200.4200
2025-09-28 21:55:15.957 - INFO - [ASTER_SOL] [OPEN] [1523614565] FILLED 0.50 @ 200.4200
2025-09-28 21:55:16.369 - INFO - [ASTER_SOL] [CLOSE] [1523615552] OPEN 0.50 @ 200.5000
2025-09-28 21:55:21.719 - INFO - [ASTER_SOL] [CLOSE] [1523615552] FILLED 0.50 @ 200.5000
2025-09-28 21:55:22.196 - INFO - [ASTER_SOL] [OPEN] [1523616813] OPEN 0.50 @ 200.4700
2025-09-28 21:55:34.401 - INFO - [ASTER_SOL] [OPEN] [1523616813] Cancelling order and placing a new order
2025-09-28 21:55:34.540 - INFO - [ASTER_SOL] [OPEN] [1523616813] CANCELED 0.50 @ 200.4700
2025-09-28 21:55:34.867 - INFO - [ASTER_SOL] [OPEN] [1523620001] OPEN 0.50 @ 200.6200
2025-09-28 21:55:39.692 - INFO - [ASTER_SOL] [OPEN] [1523620001] FILLED 0.50 @ 200.6200
2025-09-28 21:55:40.052 - INFO - [ASTER_SOL] [CLOSE] [1523621885] OPEN 0.50 @ 200.7000
2025-09-28 21:55:46.545 - INFO - [ASTER_SOL] [CLOSE] [1523621885] PARTIALLY_FILLED 0.10 @ 200.7000
2025-09-28 21:55:46.546 - INFO - [ASTER_SOL] [CLOSE] [1523621885] FILLED 0.50 @ 200.7000
2025-09-28 21:55:47.025 - INFO - [ASTER_SOL] [OPEN] [1523623192] OPEN 0.50 @ 200.7500
2025-09-28 21:55:47.026 - INFO - [ASTER_SOL] [OPEN] [1523623192] EXPIRED 0.50 @ 200.7500
2025-09-28 21:55:47.716 - INFO - [ASTER_SOL] [OPEN] [1523623965] OPEN 0.50 @ 200.7500
2025-09-28 21:55:59.792 - INFO - [ASTER_SOL] [OPEN] [1523623965] Cancelling order and placing a new order
2025-09-28 21:55:59.967 - INFO - [ASTER_SOL] [OPEN] [1523623965] CANCELED 0.50 @ 200.7500
2025-09-28 21:56:00.315 - INFO - [ASTER_SOL] [OPEN] [1523628285] OPEN 0.50 @ 200.6500
2025-09-28 21:56:12.349 - INFO - [ASTER_SOL] [OPEN] [1523628285] Cancelling order and placing a new order
2025-09-28 21:56:12.479 - INFO - [ASTER_SOL] [OPEN] [1523628285] CANCELED 0.50 @ 200.6500
2025-09-28 21:56:12.835 - INFO - [ASTER_SOL] Current Position: 0.00 | Active closing amount: 0 | Order quantity: 0
2025-09-28 21:56:13.303 - INFO - [ASTER_SOL] [OPEN] [1523631407] OPEN 0.50 @ 200.7700
2025-09-28 21:56:25.423 - INFO - [ASTER_SOL] [OPEN] [1523631407] Cancelling order and placing a new order
2025-09-28 21:56:25.545 - INFO - [ASTER_SOL] [OPEN] [1523631407] CANCELED 0.50 @ 200.7700
2025-09-28 21:56:26.111 - INFO - [ASTER_SOL] [OPEN] [1523635169] OPEN 0.50 @ 200.8100
2025-09-28 21:56:38.125 - INFO - [ASTER_SOL] [OPEN] [1523635169] Cancelling order and placing a new order
2025-09-28 21:56:38.249 - INFO - [ASTER_SOL] [OPEN] [1523635169] CANCELED 0.50 @ 200.8100
2025-09-28 21:56:38.573 - INFO - [ASTER_SOL] [OPEN] [1523639628] OPEN 0.50 @ 200.9300
2025-09-28 21:56:50.786 - INFO - [ASTER_SOL] [OPEN] [1523639628] Cancelling order and placing a new order
2025-09-28 21:56:50.933 - INFO - [ASTER_SOL] [OPEN] [1523639628] CANCELED 0.50 @ 200.9300
2025-09-28 21:56:51.494 - INFO - [ASTER_SOL] [OPEN] [1523643064] OPEN 0.50 @ 200.9300
2025-09-28 21:57:03.526 - INFO - [ASTER_SOL] [OPEN] [1523643064] Cancelling order and placing a new order
2025-09-28 21:57:03.834 - INFO - [ASTER_SOL] [OPEN] [1523643064] CANCELED 0.50 @ 200.9300
2025-09-28 21:57:04.311 - INFO - [ASTER_SOL] [OPEN] [1523645976] OPEN 0.50 @ 201.0700
2025-09-28 21:57:04.311 - INFO - [ASTER_SOL] [OPEN] [1523645976] EXPIRED 0.50 @ 201.0700
2025-09-28 21:57:05.017 - INFO - [ASTER_SOL] [OPEN] [1523646066] OPEN 0.50 @ 201.1300
2025-09-28 21:57:05.017 - INFO - [ASTER_SOL] [OPEN] [1523646066] EXPIRED 0.50 @ 201.1300
2025-09-28 21:57:05.882 - INFO - [ASTER_SOL] [OPEN] [1523646181] OPEN 0.50 @ 201.1300
2025-09-28 21:57:05.882 - INFO - [ASTER_SOL] [OPEN] [1523646181] EXPIRED 0.50 @ 201.1300
2025-09-28 21:57:06.741 - INFO - [ASTER_SOL] [OPEN] [1523646382] OPEN 0.50 @ 201.1300
2025-09-28 21:57:06.742 - INFO - [ASTER_SOL] [OPEN] [1523646382] EXPIRED 0.50 @ 201.1300
2025-09-28 21:57:06.962 - INFO - [ASTER_SOL] [OPEN] Attempt 5 to place order
2025-09-28 21:57:07.636 - INFO - [ASTER_SOL] [OPEN] [1523646625] OPEN 0.50 @ 201.1700
2025-09-28 21:57:07.636 - INFO - [ASTER_SOL] [OPEN] [1523646625] EXPIRED 0.50 @ 201.1700
2025-09-28 21:57:08.217 - INFO - [ASTER_SOL] [OPEN] [1523646810] OPEN 0.50 @ 201.0800
2025-09-28 21:57:08.218 - INFO - [ASTER_SOL] [OPEN] [1523646810] EXPIRED 0.50 @ 201.0800
2025-09-28 21:57:08.936 - INFO - [ASTER_SOL] [OPEN] [1523646919] OPEN 0.50 @ 201.2000
2025-09-28 21:57:08.936 - INFO - [ASTER_SOL] [OPEN] [1523646919] EXPIRED 0.50 @ 201.2000
2025-09-28 21:57:09.676 - INFO - [ASTER_SOL] [OPEN] [1523647077] OPEN 0.50 @ 201.2400
2025-09-28 21:57:09.677 - INFO - [ASTER_SOL] [OPEN] [1523647077] EXPIRED 0.50 @ 201.2400
2025-09-28 21:57:10.179 - INFO - [ASTER_SOL] [OPEN] [1523647190] OPEN 0.50 @ 201.0800
2025-09-28 21:57:10.181 - INFO - [ASTER_SOL] [OPEN] [1523647190] EXPIRED 0.50 @ 201.0800
2025-09-28 21:57:10.380 - INFO - [ASTER_SOL] [OPEN] Attempt 10 to place order
2025-09-28 21:57:10.794 - INFO - [ASTER_SOL] [OPEN] [1523647252] OPEN 0.50 @ 201.0700
2025-09-28 21:57:11.684 - INFO - [ASTER_SOL] [OPEN] [1523647252] FILLED 0.50 @ 201.0700
2025-09-28 21:57:12.184 - INFO - [ASTER_SOL] [CLOSE] [1523647494] OPEN 0.50 @ 201.2000
2025-09-28 21:57:14.727 - INFO - [ASTER_SOL] Current Position: 0.50 | Active closing amount: 0.50 | Order quantity: 1
2025-09-28 21:57:35.076 - INFO - [ASTER_SOL] [CLOSE] [1523647494] FILLED 0.50 @ 201.2000
2025-09-28 21:57:36.461 - INFO - [ASTER_SOL] [OPEN] [1523651165] OPEN 0.50 @ 201.1400
2025-09-28 21:57:48.685 - INFO - [ASTER_SOL] [OPEN] [1523651165] Cancelling order and placing a new order
2025-09-28 21:57:48.839 - INFO - [ASTER_SOL] [OPEN] [1523651165] CANCELED 0.50 @ 201.1400
2025-09-28 21:57:49.235 - INFO - [ASTER_SOL] [OPEN] [1523652493] OPEN 0.50 @ 201.2100
2025-09-28 21:57:49.237 - INFO - [ASTER_SOL] [OPEN] [1523652493] EXPIRED 0.50 @ 201.2100
2025-09-28 21:57:49.981 - INFO - [ASTER_SOL] [OPEN] [1523652682] OPEN 0.50 @ 201.2100
2025-09-28 21:57:49.982 - INFO - [ASTER_SOL] [OPEN] [1523652682] EXPIRED 0.50 @ 201.2100
2025-09-28 21:57:50.778 - INFO - [ASTER_SOL] [OPEN] [1523652810] OPEN 0.50 @ 201.2400
2025-09-28 21:57:50.779 - INFO - [ASTER_SOL] [OPEN] [1523652810] EXPIRED 0.50 @ 201.2400
2025-09-28 21:57:51.537 - INFO - [ASTER_SOL] [OPEN] [1523652889] OPEN 0.50 @ 201.2500
2025-09-28 21:57:51.537 - INFO - [ASTER_SOL] [OPEN] [1523652889] EXPIRED 0.50 @ 201.2500
2025-09-28 21:57:51.802 - INFO - [ASTER_SOL] [OPEN] Attempt 5 to place order
2025-09-28 21:57:52.418 - INFO - [ASTER_SOL] [OPEN] [1523653004] OPEN 0.50 @ 201.2300
2025-09-28 21:57:52.419 - INFO - [ASTER_SOL] [OPEN] [1523653004] EXPIRED 0.50 @ 201.2300
2025-09-28 21:57:53.291 - INFO - [ASTER_SOL] [OPEN] [1523653114] OPEN 0.50 @ 201.2300
2025-09-28 21:57:53.291 - INFO - [ASTER_SOL] [OPEN] [1523653114] EXPIRED 0.50 @ 201.2300
2025-09-28 21:57:54.124 - INFO - [ASTER_SOL] [OPEN] [1523653165] OPEN 0.50 @ 201.2100
2025-09-28 21:57:54.124 - INFO - [ASTER_SOL] [OPEN] [1523653165] EXPIRED 0.50 @ 201.2100
2025-09-28 21:57:54.697 - INFO - [ASTER_SOL] [OPEN] [1523653216] OPEN 0.50 @ 201.1700
2025-09-28 21:57:54.697 - INFO - [ASTER_SOL] [OPEN] [1523653216] EXPIRED 0.50 @ 201.1700
2025-09-28 21:57:55.470 - INFO - [ASTER_SOL] [OPEN] [1523653276] OPEN 0.50 @ 201.2300
2025-09-28 21:57:55.470 - INFO - [ASTER_SOL] [OPEN] [1523653276] EXPIRED 0.50 @ 201.2300
2025-09-28 21:57:55.709 - INFO - [ASTER_SOL] [OPEN] Attempt 10 to place order
2025-09-28 21:57:56.468 - INFO - [ASTER_SOL] [OPEN] [1523653428] OPEN 0.50 @ 201.2300
2025-09-28 21:57:56.468 - INFO - [ASTER_SOL] [OPEN] [1523653428] EXPIRED 0.50 @ 201.2300
2025-09-28 21:57:57.010 - INFO - [ASTER_SOL] [OPEN] [1523653486] OPEN 0.50 @ 201.1800
2025-09-28 21:57:57.011 - INFO - [ASTER_SOL] [OPEN] [1523653486] EXPIRED 0.50 @ 201.1800
2025-09-28 21:57:57.726 - INFO - [ASTER_SOL] [OPEN] [1523653578] OPEN 0.50 @ 201.2100
2025-09-28 21:57:57.727 - INFO - [ASTER_SOL] [OPEN] [1523653578] EXPIRED 0.50 @ 201.2100
2025-09-28 21:57:58.442 - INFO - [ASTER_SOL] [OPEN] [1523653670] OPEN 0.50 @ 201.2100
2025-09-28 21:57:58.445 - INFO - [ASTER_SOL] [OPEN] [1523653670] EXPIRED 0.50 @ 201.2100
2025-09-28 21:57:59.212 - INFO - [ASTER_SOL] [OPEN] [1523653831] OPEN 0.50 @ 201.2100
2025-09-28 21:57:59.212 - INFO - [ASTER_SOL] [OPEN] [1523653831] EXPIRED 0.50 @ 201.2100
2025-09-28 21:57:59.422 - INFO - [ASTER_SOL] [OPEN] Attempt 15 to place order
2025-09-28 21:57:59.796 - INFO - [ASTER_SOL] [OPEN] [1523653880] OPEN 0.50 @ 201.1800
2025-09-28 21:57:59.797 - INFO - [ASTER_SOL] [OPEN] [1523653880] EXPIRED 0.50 @ 201.1800
2025-09-28 21:58:00.268 - INFO - [ASTER_SOL] [OPEN] [1523653969] OPEN 0.50 @ 201.1400
2025-09-28 21:58:00.268 - INFO - [ASTER_SOL] [OPEN] [1523653969] EXPIRED 0.50 @ 201.1400
2025-09-28 21:58:00.973 - INFO - [ASTER_SOL] [OPEN] [1523654103] OPEN 0.50 @ 201.1900
2025-09-28 21:58:00.973 - INFO - [ASTER_SOL] [OPEN] [1523654103] EXPIRED 0.50 @ 201.1900
2025-09-28 21:58:01.437 - INFO - [ASTER_SOL] [OPEN] [1523654180] OPEN 0.50 @ 201.1700
2025-09-28 21:58:01.437 - INFO - [ASTER_SOL] [OPEN] [1523654180] EXPIRED 0.50 @ 201.1700
2025-09-28 21:58:02.165 - INFO - [ASTER_SOL] [OPEN] [1523654350] OPEN 0.50 @ 201.1900
2025-09-28 21:58:02.165 - INFO - [ASTER_SOL] [OPEN] [1523654350] EXPIRED 0.50 @ 201.1900
2025-09-28 21:58:02.405 - INFO - [ASTER_SOL] [OPEN] Attempt 20 to place order
2025-09-28 21:58:02.782 - INFO - [ASTER_SOL] [OPEN] [1523654488] OPEN 0.50 @ 201.1000
2025-09-28 21:58:02.782 - INFO - [ASTER_SOL] [OPEN] [1523654488] EXPIRED 0.50 @ 201.1000
2025-09-28 21:58:03.282 - INFO - [ASTER_SOL] [OPEN] [1523654528] OPEN 0.50 @ 201.1900
2025-09-28 21:58:03.282 - INFO - [ASTER_SOL] [OPEN] [1523654528] EXPIRED 0.50 @ 201.1900
2025-09-28 21:58:03.893 - INFO - [ASTER_SOL] [OPEN] [1523654585] OPEN 0.50 @ 201.0900
2025-09-28 21:58:03.893 - INFO - [ASTER_SOL] [OPEN] [1523654585] EXPIRED 0.50 @ 201.0900
2025-09-28 21:58:04.658 - INFO - [ASTER_SOL] [OPEN] [1523654728] OPEN 0.50 @ 201.1800
2025-09-28 21:58:04.659 - INFO - [ASTER_SOL] [OPEN] [1523654728] EXPIRED 0.50 @ 201.1800
2025-09-28 21:58:05.386 - INFO - [ASTER_SOL] [OPEN] [1523654815] OPEN 0.50 @ 201.1800
2025-09-28 21:58:05.386 - INFO - [ASTER_SOL] [OPEN] [1523654815] EXPIRED 0.50 @ 201.1800
2025-09-28 21:58:05.682 - INFO - [ASTER_SOL] [OPEN] Attempt 25 to place order
2025-09-28 21:58:06.297 - INFO - [ASTER_SOL] [OPEN] [1523654912] OPEN 0.50 @ 201.1800
2025-09-28 21:58:06.297 - INFO - [ASTER_SOL] [OPEN] [1523654912] EXPIRED 0.50 @ 201.1800
2025-09-28 21:58:07.013 - INFO - [ASTER_SOL] [OPEN] [1523655074] OPEN 0.50 @ 201.1800
2025-09-28 21:58:07.013 - INFO - [ASTER_SOL] [OPEN] [1523655074] EXPIRED 0.50 @ 201.1800
2025-09-28 21:58:07.745 - INFO - [ASTER_SOL] [OPEN] [1523655173] OPEN 0.50 @ 201.1600
2025-09-28 21:58:07.746 - INFO - [ASTER_SOL] [OPEN] [1523655173] EXPIRED 0.50 @ 201.1600
2025-09-28 21:58:08.499 - INFO - [ASTER_SOL] [OPEN] [1523655265] OPEN 0.50 @ 201.1400
2025-09-28 21:58:08.499 - INFO - [ASTER_SOL] [OPEN] [1523655265] EXPIRED 0.50 @ 201.1400
2025-09-28 21:58:09.222 - INFO - [ASTER_SOL] [OPEN] [1523655379] OPEN 0.50 @ 201.1300
2025-09-28 21:58:09.222 - INFO - [ASTER_SOL] [OPEN] [1523655379] EXPIRED 0.50 @ 201.1300
2025-09-28 21:58:09.497 - INFO - [ASTER_SOL] [OPEN] Attempt 30 to place order
2025-09-28 21:58:10.161 - INFO - [ASTER_SOL] [OPEN] [1523655479] OPEN 0.50 @ 201.1400
2025-09-28 21:58:10.161 - INFO - [ASTER_SOL] [OPEN] [1523655479] EXPIRED 0.50 @ 201.1400
2025-09-28 21:58:10.854 - INFO - [ASTER_SOL] [OPEN] [1523655640] OPEN 0.50 @ 201.1300
2025-09-28 21:58:10.855 - INFO - [ASTER_SOL] [OPEN] [1523655640] EXPIRED 0.50 @ 201.1300
2025-09-28 21:58:11.321 - INFO - [ASTER_SOL] [OPEN] [1523655736] OPEN 0.50 @ 201
2025-09-28 21:58:11.321 - INFO - [ASTER_SOL] [OPEN] [1523655736] EXPIRED 0.50 @ 201
2025-09-28 21:58:12.133 - INFO - [ASTER_SOL] [OPEN] [1523655817] OPEN 0.50 @ 201.1000
2025-09-28 21:58:12.133 - INFO - [ASTER_SOL] [OPEN] [1523655817] EXPIRED 0.50 @ 201.1000
2025-09-28 21:58:12.584 - INFO - [ASTER_SOL] [OPEN] [1523655885] OPEN 0.50 @ 201.0900
2025-09-28 21:58:12.584 - INFO - [ASTER_SOL] [OPEN] [1523655885] EXPIRED 0.50 @ 201.0900
2025-09-28 21:58:12.799 - INFO - [ASTER_SOL] [OPEN] Attempt 35 to place order
2025-09-28 21:58:13.242 - INFO - [ASTER_SOL] [OPEN] [1523656000] OPEN 0.50 @ 201
2025-09-28 21:58:13.242 - INFO - [ASTER_SOL] [OPEN] [1523656000] EXPIRED 0.50 @ 201
2025-09-28 21:58:14.004 - INFO - [ASTER_SOL] [OPEN] [1523656070] OPEN 0.50 @ 201.0900
2025-09-28 21:58:14.004 - INFO - [ASTER_SOL] [OPEN] [1523656070] EXPIRED 0.50 @ 201.0900
2025-09-28 21:58:14.510 - INFO - [ASTER_SOL] [OPEN] [1523656144] OPEN 0.50 @ 201.0300
2025-09-28 21:58:14.510 - INFO - [ASTER_SOL] [OPEN] [1523656144] EXPIRED 0.50 @ 201.0300
2025-09-28 21:58:15.178 - INFO - [ASTER_SOL] [OPEN] [1523656253] OPEN 0.50 @ 201.0900
2025-09-28 21:58:15.178 - INFO - [ASTER_SOL] [OPEN] [1523656253] EXPIRED 0.50 @ 201.0900
2025-09-28 21:58:15.759 - INFO - [ASTER_SOL] [OPEN] [1523656292] OPEN 0.50 @ 201.0500
2025-09-28 21:58:15.759 - INFO - [ASTER_SOL] [OPEN] [1523656292] EXPIRED 0.50 @ 201.0500
2025-09-28 21:58:16.018 - INFO - [ASTER_SOL] [OPEN] Attempt 40 to place order
2025-09-28 21:58:16.550 - INFO - [ASTER_SOL] [OPEN] [1523656359] OPEN 0.50 @ 201.0500
2025-09-28 21:58:16.550 - INFO - [ASTER_SOL] [OPEN] [1523656359] EXPIRED 0.50 @ 201.0500
2025-09-28 21:58:17.321 - INFO - [ASTER_SOL] [OPEN] [1523656565] OPEN 0.50 @ 201.0300
2025-09-28 21:58:29.476 - INFO - [ASTER_SOL] [OPEN] [1523656565] Cancelling order and placing a new order
2025-09-28 21:58:29.618 - INFO - [ASTER_SOL] [OPEN] [1523656565] CANCELED 0.50 @ 201.0300
2025-09-28 21:58:30.013 - INFO - [ASTER_SOL] Current Position: 0.00 | Active closing amount: 0 | Order quantity: 0
2025-09-28 21:58:30.276 - INFO - [ASTER_SOL] [OPEN] [1523657839] OPEN 0.50 @ 201.0600
2025-09-28 21:58:41.754 - INFO - [ASTER_SOL] [OPEN] [1523657839] FILLED 0.50 @ 201.0600
2025-09-28 21:58:42.233 - INFO - [ASTER_SOL] [CLOSE] [1523659267] OPEN 0.50 @ 201.1400
2025-09-28 21:59:30.679 - INFO - [ASTER_SOL] Current Position: 0.50 | Active closing amount: 0.50 | Order quantity: 1
2025-09-28 22:00:10.719 - INFO - [ASTER_SOL] [CLOSE] [1523659267] FILLED 0.50 @ 201.1400
2025-09-28 22:00:11.022 - INFO - [ASTER_SOL] [OPEN] [1523669975] OPEN 0.50 @ 200.9600
2025-09-28 22:00:23.049 - INFO - [ASTER_SOL] [OPEN] [1523669975] Cancelling order and placing a new order
2025-09-28 22:00:23.270 - INFO - [ASTER_SOL] [OPEN] [1523669975] CANCELED 0.50 @ 200.9600
2025-09-28 22:00:23.657 - INFO - [ASTER_SOL] [OPEN] [1523671674] OPEN 0.50 @ 200.9600
2025-09-28 22:00:35.785 - INFO - [ASTER_SOL] [OPEN] [1523671674] Cancelling order and placing a new order
2025-09-28 22:00:35.910 - INFO - [ASTER_SOL] [OPEN] [1523671674] CANCELED 0.50 @ 200.9600
2025-09-28 22:00:36.264 - INFO - [ASTER_SOL] Current Position: 0.00 | Active closing amount: 0 | Order quantity: 0
2025-09-28 22:00:36.528 - INFO - [ASTER_SOL] [OPEN] [1523673228] OPEN 0.50 @ 200.9900
2025-09-28 22:00:48.659 - INFO - [ASTER_SOL] [OPEN] [1523673228] Cancelling order and placing a new order
2025-09-28 22:00:48.793 - INFO - [ASTER_SOL] [OPEN] [1523673228] CANCELED 0.50 @ 200.9900
2025-09-28 22:00:49.209 - INFO - [ASTER_SOL] [OPEN] [1523674388] OPEN 0.50 @ 201.0700
2025-09-28 22:01:01.437 - INFO - [ASTER_SOL] [OPEN] [1523674388] Cancelling order and placing a new order
2025-09-28 22:01:01.590 - INFO - [ASTER_SOL] [OPEN] [1523674388] CANCELED 0.50 @ 201.0700
2025-09-28 22:01:02.320 - INFO - [ASTER_SOL] [OPEN] [1523675124] OPEN 0.50 @ 201.1800
2025-09-28 22:01:06.843 - INFO - [ASTER_SOL] [OPEN] [1523675124] PARTIALLY_FILLED 0.19 @ 201.1800
2025-09-28 22:01:06.907 - INFO - [ASTER_SOL] [OPEN] [1523675124] PARTIALLY_FILLED 0.29 @ 201.1800
2025-09-28 22:01:06.909 - INFO - [ASTER_SOL] [OPEN] [1523675124] PARTIALLY_FILLED 0.39 @ 201.1800
2025-09-28 22:01:06.947 - INFO - [ASTER_SOL] [OPEN] [1523675124] PARTIALLY_FILLED 0.49 @ 201.1800
2025-09-28 22:01:06.953 - INFO - [ASTER_SOL] [OPEN] [1523675124] FILLED 0.50 @ 201.1800
2025-09-28 22:01:07.829 - INFO - [ASTER_SOL] [CLOSE] [1523675863] OPEN 0.50 @ 201.2600
2025-09-28 22:01:36.588 - INFO - [ASTER_SOL] Current Position: 0.50 | Active closing amount: 0.50 | Order quantity: 1
2025-09-28 22:02:38.009 - INFO - [ASTER_SOL] Current Position: 0.50 | Active closing amount: 0.50 | Order quantity: 1
2025-09-28 22:03:38.266 - INFO - [ASTER_SOL] Current Position: 0.50 | Active closing amount: 0.50 | Order quantity: 1
2025-09-28 22:03:50.260 - INFO - [ASTER_SOL] [OPEN] [1523693959] OPEN 0.50 @ 200.7500
2025-09-28 22:04:02.416 - INFO - [ASTER_SOL] [OPEN] [1523693959] Cancelling order and placing a new order
2025-09-28 22:04:02.557 - INFO - [ASTER_SOL] [OPEN] [1523693959] CANCELED 0.50 @ 200.7500
2025-09-28 22:04:03.029 - INFO - [ASTER_SOL] [OPEN] [1523695443] OPEN 0.50 @ 200.7600
2025-09-28 22:04:13.098 - INFO - [ASTER_SOL] [OPEN] [1523695443] FILLED 0.50 @ 200.7600
2025-09-28 22:04:13.508 - INFO - [ASTER_SOL] [CLOSE] [1523696559] OPEN 0.50 @ 200.8400
2025-09-28 22:04:38.700 - INFO - [ASTER_SOL] Current Position: 1.00 | Active closing amount: 1.00 | Order quantity: 2
2025-09-28 22:05:39.814 - INFO - [ASTER_SOL] Current Position: 1.00 | Active closing amount: 1.00 | Order quantity: 2
2025-09-28 22:06:40.062 - INFO - [ASTER_SOL] Current Position: 1.00 | Active closing amount: 1.00 | Order quantity: 2
2025-09-28 22:07:40.681 - INFO - [ASTER_SOL] Current Position: 1.00 | Active closing amount: 1.00 | Order quantity: 2
2025-09-28 22:08:41.717 - INFO - [ASTER_SOL] Current Position: 1.00 | Active closing amount: 1.00 | Order quantity: 2
2025-09-29 10:13:27.792 - WARNING - [ASTER_SOL] WebSocket connection closed
2025-09-29 10:13:35.155 - INFO - [ASTER_SOL] Current Position: 0.00 | Active closing amount: 0 | Order quantity: 0
2025-09-29 10:14:36.588 - INFO - [ASTER_SOL] Current Position: 0.50 | Active closing amount: 0.50 | Order quantity: 1
2025-09-29 10:15:37.911 - INFO - [ASTER_SOL] Current Position: 0.50 | Active closing amount: 0.50 | Order quantity: 1
2025-09-29 10:16:39.417 - INFO - [ASTER_SOL] Current Position: 0.50 | Active closing amount: 0.50 | Order quantity: 1
2025-09-29 10:17:40.660 - INFO - [ASTER_SOL] Current Position: 0.50 | Active closing amount: 0.50 | Order quantity: 1
2025-09-29 10:18:41.780 - INFO - [ASTER_SOL] Current Position: 0.50 | Active closing amount: 0.50 | Order quantity: 1
2025-09-29 10:19:42.924 - INFO - [ASTER_SOL] Current Position: 0.50 | Active closing amount: 0.50 | Order quantity: 1
2025-09-29 10:20:43.339 - INFO - [ASTER_SOL] Current Position: 0.50 | Active closing amount: 0.50 | Order quantity: 1
2025-09-29 10:21:25.562 - INFO - [ASTER_SOL] [OPEN] [1529025302] Cancelling order and placing a new order
2025-09-29 10:21:25.699 - ERROR - [ASTER_SOL] [CLOSE] Failed to cancel order 1529025302: API request failed: {'code': -2011, 'msg': 'Unknown order sent.'}
2025-09-29 10:21:38.243 - INFO - [ASTER_SOL] [OPEN] [1529026545] Cancelling order and placing a new order
2025-09-29 10:21:43.977 - INFO - [ASTER_SOL] Current Position: 0.50 | Active closing amount: 0 | Order quantity: 0
2025-09-29 10:21:56.218 - INFO - [ASTER_SOL] [OPEN] [1529028444] Cancelling order and placing a new order
2025-09-29 10:22:14.337 - INFO - [ASTER_SOL] [OPEN] [1529030373] Cancelling order and placing a new order
2025-09-29 10:22:32.059 - INFO - [ASTER_SOL] [OPEN] [1529033776] Cancelling order and placing a new order
2025-09-29 10:22:32.242 - ERROR - [ASTER_SOL] [CLOSE] Failed to cancel order 1529033776: API request failed: {'code': -2011, 'msg': 'Unknown order sent.'}
2025-09-29 10:22:44.862 - INFO - [ASTER_SOL] [OPEN] [1529034830] Cancelling order and placing a new order
2025-09-29 10:22:50.467 - INFO - [ASTER_SOL] Current Position: 1.00 | Active closing amount: 0 | Order quantity: 0
2025-09-29 10:23:02.961 - INFO - [ASTER_SOL] [OPEN] [1529036815] Cancelling order and placing a new order
2025-09-29 10:23:03.109 - ERROR - [ASTER_SOL] [CLOSE] Failed to cancel order 1529036815: API request failed: {'code': -2011, 'msg': 'Unknown order sent.'}
2025-09-29 10:23:45.709 - INFO - [ASTER_SOL] [OPEN] [1529041992] Cancelling order and placing a new order
2025-09-29 10:23:51.454 - INFO - [ASTER_SOL] Current Position: 1.50 | Active closing amount: 0 | Order quantity: 0
2025-09-29 10:23:51.627 - INFO - [ASTER_SOL] WebSocket disconnected
2025-09-29 12:40:59.658 - INFO - [ASTER_SOL] === Trading Configuration ===
2025-09-29 12:40:59.658 - INFO - [ASTER_SOL] Ticker: SOL
2025-09-29 12:40:59.658 - INFO - [ASTER_SOL] Contract ID: SOLUSDT
2025-09-29 12:40:59.658 - INFO - [ASTER_SOL] Quantity: 0.5
2025-09-29 12:40:59.658 - INFO - [ASTER_SOL] Take Profit: 0.04%
2025-09-29 12:40:59.658 - INFO - [ASTER_SOL] Direction: buy
2025-09-29 12:40:59.658 - INFO - [ASTER_SOL] Max Orders: 10
2025-09-29 12:40:59.664 - INFO - [ASTER_SOL] Wait Time: 30s
2025-09-29 12:40:59.664 - INFO - [ASTER_SOL] Exchange: aster
2025-09-29 12:40:59.665 - INFO - [ASTER_SOL] Grid Step: 0.2%
2025-09-29 12:40:59.665 - INFO - [ASTER_SOL] Stop Price: -1
2025-09-29 12:40:59.665 - INFO - [ASTER_SOL] Pause Price: -1
2025-09-29 12:40:59.665 - INFO - [ASTER_SOL] Aster Boost: False
2025-09-29 12:40:59.665 - INFO - [ASTER_SOL] =============================
2025-09-29 12:41:00.287 - INFO - [ASTER_SOL] Connected to Aster WebSocket with listen key
2025-09-29 12:41:02.011 - INFO - [ASTER_SOL] Current Position: 0.00 | Active closing amount: 0 | Order quantity: 0
2025-09-29 12:41:02.251 - INFO - [ASTER_SOL] [OPEN] [1529994211] OPEN 0.50 @ 210.2000
2025-09-29 12:41:14.277 - INFO - [ASTER_SOL] [OPEN] [1529994211] Cancelling order and placing a new order
2025-09-29 12:41:14.463 - INFO - [ASTER_SOL] [OPEN] [1529994211] CANCELED 0.50 @ 210.2000
2025-09-29 12:41:15.198 - INFO - [ASTER_SOL] [OPEN] [1529996128] OPEN 0.50 @ 210.3200
2025-09-29 12:41:15.198 - INFO - [ASTER_SOL] [OPEN] [1529996128] EXPIRED 0.50 @ 210.3200
2025-09-29 12:41:15.800 - INFO - [ASTER_SOL] [OPEN] [1529996311] OPEN 0.50 @ 210.3200
2025-09-29 12:41:27.879 - INFO - [ASTER_SOL] [OPEN] [1529996311] Cancelling order and placing a new order
2025-09-29 12:41:28.201 - INFO - [ASTER_SOL] [OPEN] [1529996311] CANCELED 0.50 @ 210.3200
2025-09-29 12:41:28.602 - INFO - [ASTER_SOL] [OPEN] [1529998246] OPEN 0.50 @ 210.3700
2025-09-29 12:41:32.230 - INFO - [ASTER_SOL] [OPEN] [1529998246] FILLED 0.50 @ 210.3700
2025-09-29 12:41:32.854 - INFO - [ASTER_SOL] [CLOSE] [1529998719] OPEN 0.50 @ 210.4500
2025-09-29 12:42:02.559 - INFO - [ASTER_SOL] Current Position: 0.50 | Active closing amount: 0.50 | Order quantity: 1
2025-09-29 12:43:03.619 - INFO - [ASTER_SOL] Current Position: 0.50 | Active closing amount: 0.50 | Order quantity: 1
2025-09-29 12:44:04.678 - INFO - [ASTER_SOL] Current Position: 0.50 | Active closing amount: 0.50 | Order quantity: 1
2025-09-29 12:45:06.010 - INFO - [ASTER_SOL] Current Position: 0.50 | Active closing amount: 0.50 | Order quantity: 1
2025-09-29 12:46:07.293 - INFO - [ASTER_SOL] Current Position: 0.50 | Active closing amount: 0.50 | Order quantity: 1
2025-09-29 12:47:08.269 - INFO - [ASTER_SOL] Current Position: 0.50 | Active closing amount: 0.50 | Order quantity: 1
2025-09-29 12:48:09.472 - INFO - [ASTER_SOL] Current Position: 0.50 | Active closing amount: 0.50 | Order quantity: 1
2025-09-29 12:49:09.761 - INFO - [ASTER_SOL] Current Position: 0.50 | Active closing amount: 0.50 | Order quantity: 1
2025-09-29 12:50:10.240 - INFO - [ASTER_SOL] Current Position: 0.50 | Active closing amount: 0.50 | Order quantity: 1
2025-09-29 12:51:11.651 - INFO - [ASTER_SOL] Current Position: 0.50 | Active closing amount: 0.50 | Order quantity: 1
2025-09-29 12:52:12.661 - INFO - [ASTER_SOL] Current Position: 0.50 | Active closing amount: 0.50 | Order quantity: 1
2025-09-29 12:53:14.390 - INFO - [ASTER_SOL] Current Position: 0.50 | Active closing amount: 0.50 | Order quantity: 1
2025-09-29 12:54:15.106 - INFO - [ASTER_SOL] Current Position: 0.50 | Active closing amount: 0.50 | Order quantity: 1
2025-09-29 12:55:16.247 - INFO - [ASTER_SOL] Current Position: 0.50 | Active closing amount: 0.50 | Order quantity: 1
2025-09-29 12:56:17.141 - INFO - [ASTER_SOL] Current Position: 0.50 | Active closing amount: 0.50 | Order quantity: 1
2025-09-29 12:57:18.109 - INFO - [ASTER_SOL] Current Position: 0.50 | Active closing amount: 0.50 | Order quantity: 1
2025-09-29 12:58:19.304 - INFO - [ASTER_SOL] Current Position: 0.50 | Active closing amount: 0.50 | Order quantity: 1
2025-09-29 12:59:20.493 - INFO - [ASTER_SOL] Current Position: 0.50 | Active closing amount: 0.50 | Order quantity: 1
2025-09-29 13:00:21.134 - INFO - [ASTER_SOL] Current Position: 0.50 | Active closing amount: 0.50 | Order quantity: 1
2025-09-29 13:01:06.230 - INFO - [ASTER_SOL] [OPEN] [1530104687] OPEN 0.50 @ 209.9200
2025-09-29 13:01:18.224 - INFO - [ASTER_SOL] [OPEN] [1530104687] Cancelling order and placing a new order
2025-09-29 13:01:18.532 - INFO - [ASTER_SOL] [OPEN] [1530104687] CANCELED 0.50 @ 209.9200
2025-09-29 13:01:21.794 - INFO - [ASTER_SOL] Current Position: 0.50 | Active closing amount: 0.50 | Order quantity: 1
2025-09-29 13:01:23.473 - INFO - [ASTER_SOL] [OPEN] [1530106521] OPEN 0.50 @ 209.9200
2025-09-29 13:01:26.194 - INFO - [ASTER_SOL] [OPEN] [1530106521] FILLED 0.50 @ 209.9200
2025-09-29 13:01:26.598 - INFO - [ASTER_SOL] [CLOSE] [1530106852] OPEN 0.50 @ 210
2025-09-29 13:02:04.360 - INFO - [ASTER_SOL] [CLOSE] [1530106852] FILLED 0.50 @ 210
2025-09-29 13:02:23.207 - INFO - [ASTER_SOL] Current Position: 0.50 | Active closing amount: 0.50 | Order quantity: 1
2025-09-29 13:02:45.617 - INFO - [ASTER_SOL] [OPEN] [1530114269] OPEN 0.50 @ 209.8900
2025-09-29 13:02:50.833 - INFO - [ASTER_SOL] [OPEN] [1530114269] FILLED 0.50 @ 209.8900
2025-09-29 13:02:51.228 - INFO - [ASTER_SOL] [CLOSE] [1530114842] OPEN 0.50 @ 209.9700
2025-09-29 13:03:24.879 - INFO - [ASTER_SOL] Current Position: 1.00 | Active closing amount: 1.00 | Order quantity: 2
2025-09-29 13:04:25.899 - INFO - [ASTER_SOL] Current Position: 1.00 | Active closing amount: 1.00 | Order quantity: 2
2025-09-29 13:05:07.747 - INFO - [ASTER_SOL] [OPEN] [1530130092] OPEN 0.50 @ 209.4500
2025-09-29 13:05:10.859 - INFO - [ASTER_SOL] [OPEN] [1530130092] FILLED 0.50 @ 209.4500
2025-09-29 13:05:11.321 - INFO - [ASTER_SOL] [CLOSE] [1530130576] OPEN 0.50 @ 209.5300
2025-09-29 13:05:26.767 - INFO - [ASTER_SOL] Current Position: 1.50 | Active closing amount: 1.50 | Order quantity: 3
2025-09-29 13:06:28.097 - INFO - [ASTER_SOL] Current Position: 1.50 | Active closing amount: 1.50 | Order quantity: 3
2025-09-29 13:07:28.737 - INFO - [ASTER_SOL] Current Position: 1.50 | Active closing amount: 1.50 | Order quantity: 3
2025-09-29 13:08:29.574 - INFO - [ASTER_SOL] Current Position: 1.50 | Active closing amount: 1.50 | Order quantity: 3
2025-09-29 13:09:29.983 - INFO - [ASTER_SOL] Current Position: 1.50 | Active closing amount: 1.50 | Order quantity: 3
2025-09-29 13:10:31.114 - INFO - [ASTER_SOL] Current Position: 1.50 | Active closing amount: 1.50 | Order quantity: 3
2025-09-29 13:10:32.261 - INFO - [ASTER_SOL] [CLOSE] [1530130576] FILLED 0.50 @ 209.5300
2025-09-29 13:11:22.707 - INFO - [ASTER_SOL] [OPEN] [1530177363] OPEN 0.50 @ 209.4500
2025-09-29 13:11:23.467 - INFO - [ASTER_SOL] [OPEN] [1530177363] FILLED 0.50 @ 209.4500
2025-09-29 13:11:24.041 - INFO - [ASTER_SOL] [CLOSE] [1530177573] OPEN 0.50 @ 209.5300
2025-09-29 13:11:32.388 - INFO - [ASTER_SOL] Current Position: 1.50 | Active closing amount: 1.50 | Order quantity: 3
2025-09-29 13:12:33.198 - INFO - [ASTER_SOL] Current Position: 1.50 | Active closing amount: 1.50 | Order quantity: 3
2025-09-29 13:13:33.940 - INFO - [ASTER_SOL] Current Position: 1.50 | Active closing amount: 1.50 | Order quantity: 3
2025-09-29 13:14:35.278 - INFO - [ASTER_SOL] Current Position: 1.50 | Active closing amount: 1.50 | Order quantity: 3
2025-09-29 13:15:36.706 - INFO - [ASTER_SOL] Current Position: 1.50 | Active closing amount: 1.50 | Order quantity: 3
2025-09-29 13:16:37.636 - INFO - [ASTER_SOL] Current Position: 1.50 | Active closing amount: 1.50 | Order quantity: 3
2025-09-29 13:17:39.018 - INFO - [ASTER_SOL] Current Position: 1.50 | Active closing amount: 1.50 | Order quantity: 3
2025-09-29 13:18:39.536 - INFO - [ASTER_SOL] Current Position: 1.50 | Active closing amount: 1.50 | Order quantity: 3
2025-09-29 13:19:40.340 - INFO - [ASTER_SOL] Current Position: 1.50 | Active closing amount: 1.50 | Order quantity: 3
2025-09-29 13:20:41.204 - INFO - [ASTER_SOL] Current Position: 1.50 | Active closing amount: 1.50 | Order quantity: 3
2025-09-29 13:21:41.609 - INFO - [ASTER_SOL] Current Position: 1.50 | Active closing amount: 1.50 | Order quantity: 3
2025-09-29 13:22:42.540 - INFO - [ASTER_SOL] Current Position: 1.50 | Active closing amount: 1.50 | Order quantity: 3
2025-09-29 13:23:44.029 - INFO - [ASTER_SOL] Current Position: 1.50 | Active closing amount: 1.50 | Order quantity: 3
2025-09-29 13:24:14.236 - INFO - [ASTER_SOL] [OPEN] [1530267597] OPEN 0.50 @ 208.9900
2025-09-29 13:24:14.236 - INFO - [ASTER_SOL] [OPEN] [1530267597] EXPIRED 0.50 @ 208.9900
2025-09-29 13:24:14.729 - INFO - [ASTER_SOL] [OPEN] [1530267671] OPEN 0.50 @ 208.9400
2025-09-29 13:24:15.947 - INFO - [ASTER_SOL] [OPEN] [1530267671] FILLED 0.50 @ 208.9400
2025-09-29 13:24:16.324 - INFO - [ASTER_SOL] [CLOSE] [1530267978] OPEN 0.50 @ 209.0200
2025-09-29 13:24:45.491 - INFO - [ASTER_SOL] Current Position: 2.00 | Active closing amount: 2.00 | Order quantity: 4
2025-09-29 13:25:45.990 - INFO - [ASTER_SOL] Current Position: 2.00 | Active closing amount: 2.00 | Order quantity: 4
2025-09-29 13:26:30.889 - INFO - [ASTER_SOL] [CLOSE] [1530267978] PARTIALLY_FILLED 0.32 @ 209.0200
2025-09-29 13:26:31.315 - INFO - [ASTER_SOL] [CLOSE] [1530267978] FILLED 0.50 @ 209.0200
2025-09-29 13:26:32.579 - INFO - [ASTER_SOL] [OPEN] [1530283547] OPEN 0.50 @ 208.9900
2025-09-29 13:26:44.613 - INFO - [ASTER_SOL] [OPEN] [1530283547] Cancelling order and placing a new order
2025-09-29 13:26:44.753 - INFO - [ASTER_SOL] [OPEN] [1530283547] CANCELED 0.50 @ 208.9900
2025-09-29 13:26:46.572 - INFO - [ASTER_SOL] Current Position: 1.50 | Active closing amount: 1.50 | Order quantity: 3
2025-09-29 13:27:18.417 - INFO - [ASTER_SOL] [OPEN] [1530290604] OPEN 0.50 @ 209.0100
2025-09-29 13:27:25.550 - INFO - [ASTER_SOL] [OPEN] [1530290604] FILLED 0.50 @ 209.0100
2025-09-29 13:27:25.972 - INFO - [ASTER_SOL] [CLOSE] [1530291273] OPEN 0.50 @ 209.0900
2025-09-29 13:27:47.565 - INFO - [ASTER_SOL] [CLOSE] [1530291273] FILLED 0.50 @ 209.0900
2025-09-29 13:27:47.902 - INFO - [ASTER_SOL] Current Position: 1.50 | Active closing amount: 1.50 | Order quantity: 3
2025-09-29 13:28:48.624 - INFO - [ASTER_SOL] Current Position: 1.50 | Active closing amount: 1.50 | Order quantity: 3
2025-09-29 13:29:49.040 - INFO - [ASTER_SOL] Current Position: 1.50 | Active closing amount: 1.50 | Order quantity: 3
2025-09-29 13:30:45.138 - INFO - [ASTER_SOL] [OPEN] [1530312157] OPEN 0.50 @ 209
2025-09-29 13:30:49.725 - INFO - [ASTER_SOL] [OPEN] [1530312157] FILLED 0.50 @ 209
2025-09-29 13:30:50.239 - INFO - [ASTER_SOL] [CLOSE] [1530312675] OPEN 0.50 @ 209.0800
2025-09-29 13:30:52.830 - INFO - [ASTER_SOL] Current Position: 2.00 | Active closing amount: 2.00 | Order quantity: 4
2025-09-29 13:31:54.128 - INFO - [ASTER_SOL] Current Position: 2.00 | Active closing amount: 2.00 | Order quantity: 4
2025-09-29 13:32:54.722 - INFO - [ASTER_SOL] Current Position: 2.00 | Active closing amount: 2.00 | Order quantity: 4
2025-09-29 13:33:55.854 - INFO - [ASTER_SOL] Current Position: 2.00 | Active closing amount: 2.00 | Order quantity: 4
2025-09-29 13:34:56.880 - INFO - [ASTER_SOL] Current Position: 2.00 | Active closing amount: 2.00 | Order quantity: 4
2025-09-29 13:35:58.345 - INFO - [ASTER_SOL] Current Position: 2.00 | Active closing amount: 2.00 | Order quantity: 4
2025-09-29 13:36:59.014 - INFO - [ASTER_SOL] Current Position: 2.00 | Active closing amount: 2.00 | Order quantity: 4
2025-09-29 13:37:21.187 - INFO - [ASTER_SOL] [CLOSE] [1530312675] FILLED 0.50 @ 209.0800
2025-09-29 13:37:59.414 - INFO - [ASTER_SOL] Current Position: 1.50 | Active closing amount: 1.50 | Order quantity: 3
2025-09-29 13:38:59.719 - INFO - [ASTER_SOL] Current Position: 1.50 | Active closing amount: 1.50 | Order quantity: 3
2025-09-29 13:40:00.043 - INFO - [ASTER_SOL] Current Position: 1.50 | Active closing amount: 1.50 | Order quantity: 3
2025-09-29 13:41:00.854 - INFO - [ASTER_SOL] Current Position: 1.50 | Active closing amount: 1.50 | Order quantity: 3
2025-09-29 13:41:13.015 - INFO - [ASTER_SOL] [OPEN] [1530373412] OPEN 0.50 @ 209
2025-09-29 13:41:25.229 - INFO - [ASTER_SOL] [OPEN] [1530373412] Cancelling order and placing a new order
2025-09-29 13:41:25.371 - INFO - [ASTER_SOL] [OPEN] [1530373412] CANCELED 0.50 @ 209
2025-09-29 13:42:01.717 - INFO - [ASTER_SOL] Current Position: 1.50 | Active closing amount: 1.50 | Order quantity: 3
2025-09-29 13:43:02.258 - INFO - [ASTER_SOL] Current Position: 1.50 | Active closing amount: 1.50 | Order quantity: 3
2025-09-29 13:44:03.142 - INFO - [ASTER_SOL] Current Position: 1.50 | Active closing amount: 1.50 | Order quantity: 3
2025-09-29 13:45:04.402 - INFO - [ASTER_SOL] Current Position: 1.50 | Active closing amount: 1.50 | Order quantity: 3
2025-09-29 13:46:05.104 - INFO - [ASTER_SOL] Current Position: 1.50 | Active closing amount: 1.50 | Order quantity: 3
2025-09-29 13:47:06.404 - INFO - [ASTER_SOL] Current Position: 1.50 | Active closing amount: 1.50 | Order quantity: 3
2025-09-29 13:48:06.872 - INFO - [ASTER_SOL] Current Position: 1.50 | Active closing amount: 1.50 | Order quantity: 3
2025-09-29 13:49:07.424 - INFO - [ASTER_SOL] Current Position: 1.50 | Active closing amount: 1.50 | Order quantity: 3
2025-09-29 13:50:07.841 - INFO - [ASTER_SOL] Current Position: 1.50 | Active closing amount: 1.50 | Order quantity: 3
2025-09-29 13:51:08.498 - INFO - [ASTER_SOL] Current Position: 1.50 | Active closing amount: 1.50 | Order quantity: 3
2025-09-29 13:52:09.632 - INFO - [ASTER_SOL] Current Position: 1.50 | Active closing amount: 1.50 | Order quantity: 3
2025-09-29 13:53:10.964 - INFO - [ASTER_SOL] Current Position: 1.50 | Active closing amount: 1.50 | Order quantity: 3
2025-09-29 13:54:11.821 - INFO - [ASTER_SOL] Current Position: 1.50 | Active closing amount: 1.50 | Order quantity: 3
2025-09-29 13:55:12.382 - INFO - [ASTER_SOL] Current Position: 1.50 | Active closing amount: 1.50 | Order quantity: 3
2025-09-29 13:56:12.664 - INFO - [ASTER_SOL] Current Position: 1.50 | Active closing amount: 1.50 | Order quantity: 3
2025-09-29 13:57:13.256 - INFO - [ASTER_SOL] Current Position: 1.50 | Active closing amount: 1.50 | Order quantity: 3
2025-09-29 13:58:13.729 - INFO - [ASTER_SOL] Current Position: 1.50 | Active closing amount: 1.50 | Order quantity: 3
2025-09-29 13:59:15.060 - INFO - [ASTER_SOL] Current Position: 1.50 | Active closing amount: 1.50 | Order quantity: 3
2025-09-29 14:00:16.361 - INFO - [ASTER_SOL] Current Position: 1.50 | Active closing amount: 1.50 | Order quantity: 3
2025-09-29 14:01:05.707 - INFO - [ASTER_SOL] [OPEN] [1530487166] OPEN 0.50 @ 208.9500
2025-09-29 14:01:05.726 - INFO - [ASTER_SOL] [OPEN] [1530487166] PARTIALLY_FILLED 0.01 @ 208.9500
2025-09-29 14:01:05.727 - INFO - [ASTER_SOL] [OPEN] [1530487166] FILLED 0.50 @ 208.9500
2025-09-29 14:01:06.476 - INFO - [ASTER_SOL] [CLOSE] [1530487267] OPEN 0.50 @ 209.0300
2025-09-29 14:01:17.423 - INFO - [ASTER_SOL] Current Position: 2.00 | Active closing amount: 2.00 | Order quantity: 4
2025-09-29 14:02:17.902 - INFO - [ASTER_SOL] Current Position: 2.00 | Active closing amount: 2.00 | Order quantity: 4
2025-09-29 14:03:08.655 - INFO - [ASTER_SOL] [OPEN] [1530501222] OPEN 0.50 @ 208.5000
2025-09-29 14:03:08.655 - INFO - [ASTER_SOL] [OPEN] [1530501222] EXPIRED 0.50 @ 208.5000
2025-09-29 14:03:09.530 - INFO - [ASTER_SOL] [OPEN] [1530501761] OPEN 0.50 @ 208.4500
2025-09-29 14:03:18.410 - INFO - [ASTER_SOL] [OPEN] [1530501761] FILLED 0.50 @ 208.4500
2025-09-29 14:03:18.883 - INFO - [ASTER_SOL] [CLOSE] [1530503056] OPEN 0.50 @ 208.5300
2025-09-29 14:03:21.495 - INFO - [ASTER_SOL] Current Position: 2.50 | Active closing amount: 2.50 | Order quantity: 5
2025-09-29 14:04:07.573 - INFO - [ASTER_SOL] [CLOSE] [1530503056] FILLED 0.50 @ 208.5300
2025-09-29 14:04:10.030 - INFO - [ASTER_SOL] [OPEN] [1530509829] OPEN 0.50 @ 208.5100
2025-09-29 14:04:10.030 - INFO - [ASTER_SOL] [OPEN] [1530509829] EXPIRED 0.50 @ 208.5100
2025-09-29 14:04:10.564 - INFO - [ASTER_SOL] [OPEN] [1530509926] OPEN 0.50 @ 208.4900
2025-09-29 14:04:11.468 - INFO - [ASTER_SOL] [OPEN] [1530509926] FILLED 0.50 @ 208.4900
2025-09-29 14:04:12.125 - INFO - [ASTER_SOL] [CLOSE] [1530510054] OPEN 0.50 @ 208.5700
2025-09-29 14:04:22.100 - INFO - [ASTER_SOL] Current Position: 2.50 | Active closing amount: 2.50 | Order quantity: 5
2025-09-29 14:05:23.575 - INFO - [ASTER_SOL] Current Position: 2.50 | Active closing amount: 2.50 | Order quantity: 5
2025-09-29 14:06:09.296 - INFO - [ASTER_SOL] [CLOSE] [1530510054] FILLED 0.50 @ 208.5700
2025-09-29 14:06:25.222 - INFO - [ASTER_SOL] Current Position: 2.00 | Active closing amount: 2.00 | Order quantity: 4
2025-09-29 14:06:45.280 - INFO - [ASTER_SOL] [OPEN] [1530530934] OPEN 0.50 @ 208.4700
2025-09-29 14:06:57.383 - INFO - [ASTER_SOL] [OPEN] [1530530934] Cancelling order and placing a new order
2025-09-29 14:06:57.560 - INFO - [ASTER_SOL] [OPEN] [1530530934] CANCELED 0.50 @ 208.4700
2025-09-29 14:07:00.635 - INFO - [ASTER_SOL] [OPEN] [1530533100] OPEN 0.50 @ 208.4900
2025-09-29 14:07:02.483 - INFO - [ASTER_SOL] [OPEN] [1530533100] FILLED 0.50 @ 208.4900
2025-09-29 14:07:02.949 - INFO - [ASTER_SOL] [CLOSE] [1530533513] OPEN 0.50 @ 208.5700
2025-09-29 14:07:26.476 - INFO - [ASTER_SOL] Current Position: 2.50 | Active closing amount: 2.50 | Order quantity: 5
2025-09-29 14:08:27.143 - INFO - [ASTER_SOL] Current Position: 2.50 | Active closing amount: 2.50 | Order quantity: 5
2025-09-29 14:09:28.526 - INFO - [ASTER_SOL] Current Position: 2.50 | Active closing amount: 2.50 | Order quantity: 5
2025-09-29 14:10:29.928 - INFO - [ASTER_SOL] Current Position: 2.50 | Active closing amount: 2.50 | Order quantity: 5
2025-09-29 14:11:30.445 - INFO - [ASTER_SOL] Current Position: 2.50 | Active closing amount: 2.50 | Order quantity: 5
2025-09-29 14:11:50.571 - INFO - [ASTER_SOL] [OPEN] [1530569530] OPEN 0.50 @ 207.9300
2025-09-29 14:11:50.645 - INFO - [ASTER_SOL] [OPEN] [1530569530] PARTIALLY_FILLED 0.24 @ 207.9300
2025-09-29 14:11:50.889 - INFO - [ASTER_SOL] [OPEN] [1530569530] FILLED 0.50 @ 207.9300
2025-09-29 14:11:51.403 - INFO - [ASTER_SOL] [CLOSE] [1530570096] OPEN 0.50 @ 208.0100
2025-09-29 14:11:56.775 - INFO - [ASTER_SOL] [CLOSE] [1530570096] FILLED 0.50 @ 208.0100
2025-09-29 14:11:57.777 - INFO - [ASTER_SOL] [OPEN] [1530572590] OPEN 0.50 @ 208.0200
2025-09-29 14:11:59.624 - INFO - [ASTER_SOL] [OPEN] [1530572590] FILLED 0.50 @ 208.0200
2025-09-29 14:12:00.315 - INFO - [ASTER_SOL] [CLOSE] [1530573195] OPEN 0.50 @ 208.1000
2025-09-29 14:12:19.172 - INFO - [ASTER_SOL] [CLOSE] [1530573195] FILLED 0.50 @ 208.1000
2025-09-29 14:12:31.800 - INFO - [ASTER_SOL] Current Position: 2.50 | Active closing amount: 2.50 | Order quantity: 5
2025-09-29 14:12:36.127 - INFO - [ASTER_SOL] [OPEN] [1530579967] OPEN 0.50 @ 208.0300
2025-09-29 14:12:46.545 - INFO - [ASTER_SOL] [OPEN] [1530579967] PARTIALLY_FILLED 0.10 @ 208.0300
2025-09-29 14:12:47.203 - INFO - [ASTER_SOL] [OPEN] [1530579967] FILLED 0.50 @ 208.0300
2025-09-29 14:12:47.771 - INFO - [ASTER_SOL] [CLOSE] [1530581472] OPEN 0.50 @ 208.1100
2025-09-29 14:13:32.586 - INFO - [ASTER_SOL] Current Position: 3.00 | Active closing amount: 3.00 | Order quantity: 6
2025-09-29 14:14:33.454 - INFO - [ASTER_SOL] Current Position: 3.00 | Active closing amount: 3.00 | Order quantity: 6
2025-09-29 14:15:34.559 - INFO - [ASTER_SOL] Current Position: 3.00 | Active closing amount: 3.00 | Order quantity: 6
2025-09-29 14:16:36.065 - INFO - [ASTER_SOL] Current Position: 3.00 | Active closing amount: 3.00 | Order quantity: 6
2025-09-29 14:17:17.991 - INFO - [ASTER_SOL] [CLOSE] [1530581472] FILLED 0.50 @ 208.1100
2025-09-29 14:17:37.082 - INFO - [ASTER_SOL] Current Position: 2.50 | Active closing amount: 2.50 | Order quantity: 5
2025-09-29 14:18:38.644 - INFO - [ASTER_SOL] Current Position: 2.50 | Active closing amount: 2.50 | Order quantity: 5
2025-09-29 14:19:39.807 - INFO - [ASTER_SOL] Current Position: 2.50 | Active closing amount: 2.50 | Order quantity: 5
2025-09-29 14:20:41.182 - INFO - [ASTER_SOL] Current Position: 2.50 | Active closing amount: 2.50 | Order quantity: 5
2025-09-29 14:21:41.914 - INFO - [ASTER_SOL] Current Position: 2.50 | Active closing amount: 2.50 | Order quantity: 5
2025-09-29 14:22:43.073 - INFO - [ASTER_SOL] Current Position: 2.50 | Active closing amount: 2.50 | Order quantity: 5
2025-09-29 14:23:43.469 - INFO - [ASTER_SOL] Current Position: 2.50 | Active closing amount: 2.50 | Order quantity: 5
2025-09-29 14:24:44.833 - INFO - [ASTER_SOL] Current Position: 2.50 | Active closing amount: 2.50 | Order quantity: 5
2025-09-29 14:24:51.494 - INFO - [ASTER_SOL] [OPEN] [1530664031] OPEN 0.50 @ 208.0500
2025-09-29 14:25:03.497 - INFO - [ASTER_SOL] [OPEN] [1530664031] Cancelling order and placing a new order
2025-09-29 14:25:03.763 - INFO - [ASTER_SOL] [OPEN] [1530664031] CANCELED 0.50 @ 208.0500
2025-09-29 14:25:04.381 - INFO - [ASTER_SOL] [OPEN] [1530665186] OPEN 0.50 @ 208.0400
2025-09-29 14:25:04.702 - INFO - [ASTER_SOL] [OPEN] [1530665186] FILLED 0.50 @ 208.0400
2025-09-29 14:25:05.374 - INFO - [ASTER_SOL] [CLOSE] [1530665360] OPEN 0.50 @ 208.1200
2025-09-29 14:25:45.120 - INFO - [ASTER_SOL] Current Position: 3.00 | Active closing amount: 3.00 | Order quantity: 6
2025-09-29 14:26:45.796 - INFO - [ASTER_SOL] Current Position: 3.00 | Active closing amount: 3.00 | Order quantity: 6
2025-09-29 14:26:52.108 - INFO - [ASTER_SOL] [CLOSE] [1530665360] FILLED 0.50 @ 208.1200
2025-09-29 14:27:03.944 - INFO - [ASTER_SOL] [OPEN] [1530682319] OPEN 0.50 @ 207.9800
2025-09-29 14:27:16.026 - INFO - [ASTER_SOL] [OPEN] [1530682319] Cancelling order and placing a new order
2025-09-29 14:27:16.159 - INFO - [ASTER_SOL] [OPEN] [1530682319] CANCELED 0.50 @ 207.9800
2025-09-29 14:27:16.800 - INFO - [ASTER_SOL] [OPEN] [1530684181] OPEN 0.50 @ 208.0400
2025-09-29 14:27:17.623 - INFO - [ASTER_SOL] [OPEN] [1530684181] PARTIALLY_FILLED 0.07 @ 208.0400
2025-09-29 14:27:17.640 - INFO - [ASTER_SOL] [OPEN] [1530684181] FILLED 0.50 @ 208.0400
2025-09-29 14:27:18.090 - INFO - [ASTER_SOL] [CLOSE] [1530684438] OPEN 0.50 @ 208.1200
2025-09-29 14:27:30.429 - INFO - [ASTER_SOL] [CLOSE] [1530684438] PARTIALLY_FILLED 0.38 @ 208.1200
2025-09-29 14:27:36.269 - INFO - [ASTER_SOL] [CLOSE] [1530684438] PARTIALLY_FILLED 0.47 @ 208.1200
2025-09-29 14:27:37.693 - INFO - [ASTER_SOL] [CLOSE] [1530684438] FILLED 0.50 @ 208.1200
2025-09-29 14:27:47.093 - INFO - [ASTER_SOL] Current Position: 2.50 | Active closing amount: 2.50 | Order quantity: 5
2025-09-29 14:28:48.068 - INFO - [ASTER_SOL] Current Position: 2.50 | Active closing amount: 2.50 | Order quantity: 5
2025-09-29 14:29:20.788 - INFO - [ASTER_SOL] [OPEN] [1530697268] OPEN 0.50 @ 208
2025-09-29 14:29:24.474 - INFO - [ASTER_SOL] [OPEN] [1530697268] PARTIALLY_FILLED 0.27 @ 208
2025-09-29 14:29:25.782 - INFO - [ASTER_SOL] [OPEN] [1530697268] FILLED 0.50 @ 208
2025-09-29 14:29:26.271 - INFO - [ASTER_SOL] [CLOSE] [1530697821] OPEN 0.50 @ 208.0800
2025-09-29 14:29:48.658 - INFO - [ASTER_SOL] Current Position: 3.00 | Active closing amount: 3.00 | Order quantity: 6
2025-09-29 14:30:48.942 - INFO - [ASTER_SOL] Current Position: 3.00 | Active closing amount: 3.00 | Order quantity: 6
2025-09-29 14:31:50.341 - INFO - [ASTER_SOL] Current Position: 3.00 | Active closing amount: 3.00 | Order quantity: 6
2025-09-29 14:32:50.783 - INFO - [ASTER_SOL] Current Position: 3.00 | Active closing amount: 3.00 | Order quantity: 6
2025-09-29 14:33:52.176 - INFO - [ASTER_SOL] Current Position: 3.00 | Active closing amount: 3.00 | Order quantity: 6
2025-09-29 14:34:52.568 - INFO - [ASTER_SOL] Current Position: 3.00 | Active closing amount: 3.00 | Order quantity: 6
2025-09-29 14:35:54.091 - INFO - [ASTER_SOL] Current Position: 3.00 | Active closing amount: 3.00 | Order quantity: 6
2025-09-29 14:36:54.880 - INFO - [ASTER_SOL] Current Position: 3.00 | Active closing amount: 3.00 | Order quantity: 6
2025-09-29 14:37:05.115 - INFO - [ASTER_SOL] [CLOSE] [1530697821] FILLED 0.50 @ 208.0800
2025-09-29 14:37:08.342 - INFO - [ASTER_SOL] [OPEN] [1530759532] OPEN 0.50 @ 208.0500
2025-09-29 14:37:20.425 - INFO - [ASTER_SOL] [OPEN] [1530759532] Cancelling order and placing a new order
2025-09-29 14:37:20.576 - INFO - [ASTER_SOL] [OPEN] [1530759532] CANCELED 0.50 @ 208.0500
2025-09-29 14:37:43.111 - INFO - [ASTER_SOL] [OPEN] [1530763476] OPEN 0.50 @ 208.0500
2025-09-29 14:37:43.538 - INFO - [ASTER_SOL] [OPEN] [1530763476] FILLED 0.50 @ 208.0500
2025-09-29 14:37:44.057 - INFO - [ASTER_SOL] [CLOSE] [1530763613] OPEN 0.50 @ 208.1300
2025-09-29 14:37:55.789 - INFO - [ASTER_SOL] Current Position: 3.00 | Active closing amount: 3.00 | Order quantity: 6
2025-09-29 14:38:14.096 - INFO - [ASTER_SOL] [CLOSE] [1530763613] FILLED 0.50 @ 208.1300
2025-09-29 14:38:56.523 - INFO - [ASTER_SOL] Current Position: 2.50 | Active closing amount: 2.50 | Order quantity: 5
2025-09-29 14:39:57.173 - INFO - [ASTER_SOL] Current Position: 2.50 | Active closing amount: 2.50 | Order quantity: 5
2025-09-29 14:40:57.782 - INFO - [ASTER_SOL] Current Position: 2.50 | Active closing amount: 2.50 | Order quantity: 5
2025-09-29 14:41:58.721 - INFO - [ASTER_SOL] Current Position: 2.50 | Active closing amount: 2.50 | Order quantity: 5
2025-09-29 14:42:59.914 - INFO - [ASTER_SOL] Current Position: 2.50 | Active closing amount: 2.50 | Order quantity: 5
2025-09-29 14:44:01.324 - INFO - [ASTER_SOL] Current Position: 2.50 | Active closing amount: 2.50 | Order quantity: 5
2025-09-29 14:45:02.417 - INFO - [ASTER_SOL] Current Position: 2.50 | Active closing amount: 2.50 | Order quantity: 5
2025-09-29 14:46:03.568 - INFO - [ASTER_SOL] Current Position: 2.50 | Active closing amount: 2.50 | Order quantity: 5
2025-09-29 14:46:10.071 - INFO - [ASTER_SOL] [CLOSE] [1530533513] FILLED 0.50 @ 208.5700
2025-09-29 14:47:04.016 - INFO - [ASTER_SOL] Current Position: 2.00 | Active closing amount: 2.00 | Order quantity: 4
2025-09-29 14:47:22.171 - INFO - [ASTER_SOL] [OPEN] [1530829112] OPEN 0.50 @ 208.5000
2025-09-29 14:47:23.874 - INFO - [ASTER_SOL] [OPEN] [1530829112] FILLED 0.50 @ 208.5000
2025-09-29 14:47:24.324 - INFO - [ASTER_SOL] [CLOSE] [1530829535] OPEN 0.50 @ 208.5800
2025-09-29 14:48:04.692 - INFO - [ASTER_SOL] Current Position: 2.50 | Active closing amount: 2.50 | Order quantity: 5
2025-09-29 14:49:05.409 - INFO - [ASTER_SOL] Current Position: 2.50 | Active closing amount: 2.50 | Order quantity: 5
2025-09-29 14:49:51.637 - INFO - [ASTER_SOL] [CLOSE] [1530829535] FILLED 0.50 @ 208.5800
2025-09-29 14:50:04.742 - INFO - [ASTER_SOL] [OPEN] [1530850386] OPEN 0.50 @ 208.4800
2025-09-29 14:50:07.173 - INFO - [ASTER_SOL] [OPEN] [1530850386] FILLED 0.50 @ 208.4800
2025-09-29 14:50:07.657 - INFO - [ASTER_SOL] [CLOSE] [1530850701] OPEN 0.50 @ 208.5600
2025-09-29 14:50:10.100 - INFO - [ASTER_SOL] Current Position: 2.50 | Active closing amount: 2.50 | Order quantity: 5
2025-09-29 14:50:54.073 - INFO - [ASTER_SOL] [CLOSE] [1530850701] PARTIALLY_FILLED 0.21 @ 208.5600
2025-09-29 14:50:54.104 - INFO - [ASTER_SOL] [CLOSE] [1530850701] FILLED 0.50 @ 208.5600
2025-09-29 14:51:11.471 - INFO - [ASTER_SOL] Current Position: 2.00 | Active closing amount: 2.00 | Order quantity: 4
2025-09-29 14:51:19.391 - INFO - [ASTER_SOL] [OPEN] [1530860176] OPEN 0.50 @ 208.5100
2025-09-29 14:51:19.649 - INFO - [ASTER_SOL] [OPEN] [1530860176] FILLED 0.50 @ 208.5100
2025-09-29 14:51:20.278 - INFO - [ASTER_SOL] [CLOSE] [1530860384] OPEN 0.50 @ 208.5900
2025-09-29 14:52:12.322 - INFO - [ASTER_SOL] Current Position: 2.50 | Active closing amount: 2.50 | Order quantity: 5
2025-09-29 14:53:13.653 - INFO - [ASTER_SOL] Current Position: 2.50 | Active closing amount: 2.50 | Order quantity: 5
2025-09-29 14:54:15.025 - INFO - [ASTER_SOL] Current Position: 2.50 | Active closing amount: 2.50 | Order quantity: 5
2025-09-29 14:55:15.820 - INFO - [ASTER_SOL] Current Position: 2.50 | Active closing amount: 2.50 | Order quantity: 5
2025-09-29 14:56:17.209 - INFO - [ASTER_SOL] Current Position: 2.50 | Active closing amount: 2.50 | Order quantity: 5
2025-09-29 14:57:18.104 - INFO - [ASTER_SOL] Current Position: 2.50 | Active closing amount: 2.50 | Order quantity: 5
2025-09-29 14:58:19.380 - INFO - [ASTER_SOL] Current Position: 2.50 | Active closing amount: 2.50 | Order quantity: 5
2025-09-29 14:59:20.283 - INFO - [ASTER_SOL] Current Position: 2.50 | Active closing amount: 2.50 | Order quantity: 5
2025-09-29 14:59:38.769 - INFO - [ASTER_SOL] [OPEN] [1530922461] OPEN 0.50 @ 208.0700
2025-09-29 14:59:45.338 - INFO - [ASTER_SOL] [OPEN] [1530922461] FILLED 0.50 @ 208.0700
2025-09-29 14:59:45.747 - INFO - [ASTER_SOL] [CLOSE] [1530923122] OPEN 0.50 @ 208.1500
2025-09-29 15:00:21.290 - INFO - [ASTER_SOL] Current Position: 3.00 | Active closing amount: 3.00 | Order quantity: 6
2025-09-29 15:00:35.618 - INFO - [ASTER_SOL] [CLOSE] [1530923122] PARTIALLY_FILLED 0.34 @ 208.1500
2025-09-29 15:00:35.621 - INFO - [ASTER_SOL] [CLOSE] [1530923122] FILLED 0.50 @ 208.1500
2025-09-29 15:00:58.897 - INFO - [ASTER_SOL] [OPEN] [1530931568] OPEN 0.50 @ 208.0500
2025-09-29 15:01:11.056 - INFO - [ASTER_SOL] [OPEN] [1530931568] Cancelling order and placing a new order
2025-09-29 15:01:11.295 - INFO - [ASTER_SOL] [OPEN] [1530931568] CANCELED 0.50 @ 208.0500
2025-09-29 15:01:21.865 - INFO - [ASTER_SOL] Current Position: 2.50 | Active closing amount: 2.50 | Order quantity: 5
2025-09-29 15:01:23.498 - INFO - [ASTER_SOL] [OPEN] [1530935875] OPEN 0.50 @ 208.0800
2025-09-29 15:01:23.996 - INFO - [ASTER_SOL] [OPEN] [1530935875] FILLED 0.50 @ 208.0800
2025-09-29 15:01:24.553 - INFO - [ASTER_SOL] [CLOSE] [1530936069] OPEN 0.50 @ 208.1600
2025-09-29 15:02:22.696 - INFO - [ASTER_SOL] Current Position: 3.00 | Active closing amount: 3.00 | Order quantity: 6
2025-09-29 15:03:23.166 - INFO - [ASTER_SOL] Current Position: 3.00 | Active closing amount: 3.00 | Order quantity: 6
2025-09-29 15:04:23.470 - INFO - [ASTER_SOL] Current Position: 3.00 | Active closing amount: 3.00 | Order quantity: 6
2025-09-29 15:05:24.642 - INFO - [ASTER_SOL] Current Position: 3.00 | Active closing amount: 3.00 | Order quantity: 6
2025-09-29 15:06:25.275 - INFO - [ASTER_SOL] Current Position: 3.00 | Active closing amount: 3.00 | Order quantity: 6
2025-09-29 15:07:18.397 - INFO - [ASTER_SOL] [OPEN] [1530975396] OPEN 0.50 @ 207.6500
2025-09-29 15:07:30.635 - INFO - [ASTER_SOL] [OPEN] [1530975396] Cancelling order and placing a new order
2025-09-29 15:07:30.831 - INFO - [ASTER_SOL] [OPEN] [1530975396] CANCELED 0.50 @ 207.6500
2025-09-29 15:07:31.165 - INFO - [ASTER_SOL] Current Position: 3.00 | Active closing amount: 3.00 | Order quantity: 6
2025-09-29 15:08:31.945 - INFO - [ASTER_SOL] Current Position: 3.00 | Active closing amount: 3.00 | Order quantity: 6
2025-09-29 15:09:32.654 - INFO - [ASTER_SOL] Current Position: 3.00 | Active closing amount: 3.00 | Order quantity: 6
2025-09-29 15:10:33.736 - INFO - [ASTER_SOL] Current Position: 3.00 | Active closing amount: 3.00 | Order quantity: 6
2025-09-29 15:11:33.358 - INFO - [ASTER_SOL] [CLOSE] [1530936069] FILLED 0.50 @ 208.1600
2025-09-29 15:11:35.238 - INFO - [ASTER_SOL] Current Position: 2.50 | Active closing amount: 2.50 | Order quantity: 5
2025-09-29 15:12:35.726 - INFO - [ASTER_SOL] Current Position: 2.50 | Active closing amount: 2.50 | Order quantity: 5
2025-09-29 15:12:41.468 - INFO - [ASTER_SOL] [OPEN] [1531011351] OPEN 0.50 @ 208.0500
2025-09-29 15:12:45.357 - INFO - [ASTER_SOL] [OPEN] [1531011351] FILLED 0.50 @ 208.0500
2025-09-29 15:12:45.839 - INFO - [ASTER_SOL] [CLOSE] [1531011816] OPEN 0.50 @ 208.1300
2025-09-29 15:13:36.341 - INFO - [ASTER_SOL] Current Position: 3.00 | Active closing amount: 3.00 | Order quantity: 6
2025-09-29 15:14:37.345 - INFO - [ASTER_SOL] Current Position: 3.00 | Active closing amount: 3.00 | Order quantity: 6
2025-09-29 15:15:38.126 - INFO - [ASTER_SOL] Current Position: 3.00 | Active closing amount: 3.00 | Order quantity: 6
2025-09-29 15:16:09.682 - INFO - [ASTER_SOL] [OPEN] [1531038463] OPEN 0.50 @ 207.5600
2025-09-29 15:16:11.103 - INFO - [ASTER_SOL] [OPEN] [1531038463] FILLED 0.50 @ 207.5600
2025-09-29 15:16:11.631 - INFO - [ASTER_SOL] [CLOSE] [1531039098] OPEN 0.50 @ 207.6400
2025-09-29 15:16:38.535 - INFO - [ASTER_SOL] Current Position: 3.50 | Active closing amount: 3.50 | Order quantity: 7
2025-09-29 15:17:39.097 - INFO - [ASTER_SOL] Current Position: 3.50 | Active closing amount: 3.50 | Order quantity: 7
2025-09-29 15:18:40.788 - INFO - [ASTER_SOL] Current Position: 3.50 | Active closing amount: 3.50 | Order quantity: 7
2025-09-29 15:19:42.071 - INFO - [ASTER_SOL] Current Position: 3.50 | Active closing amount: 3.50 | Order quantity: 7
2025-09-29 15:20:43.328 - INFO - [ASTER_SOL] Current Position: 3.50 | Active closing amount: 3.50 | Order quantity: 7
2025-09-29 15:21:44.152 - INFO - [ASTER_SOL] Current Position: 3.50 | Active closing amount: 3.50 | Order quantity: 7
2025-09-29 15:21:45.839 - INFO - [ASTER_SOL] [CLOSE] [1531039098] FILLED 0.50 @ 207.6400
2025-09-29 15:22:10.758 - INFO - [ASTER_SOL] [OPEN] [1531084834] OPEN 0.50 @ 207.6200
2025-09-29 15:22:14.290 - INFO - [ASTER_SOL] [OPEN] [1531084834] FILLED 0.50 @ 207.6200
2025-09-29 15:22:14.684 - INFO - [ASTER_SOL] [CLOSE] [1531085326] OPEN 0.50 @ 207.7000
2025-09-29 15:22:45.212 - INFO - [ASTER_SOL] Current Position: 3.50 | Active closing amount: 3.50 | Order quantity: 7
2025-09-29 15:23:46.358 - INFO - [ASTER_SOL] Current Position: 3.50 | Active closing amount: 3.50 | Order quantity: 7
2025-09-29 15:24:47.481 - INFO - [ASTER_SOL] Current Position: 3.50 | Active closing amount: 3.50 | Order quantity: 7
2025-09-29 15:25:48.457 - INFO - [ASTER_SOL] Current Position: 3.50 | Active closing amount: 3.50 | Order quantity: 7
2025-09-29 15:26:49.794 - INFO - [ASTER_SOL] Current Position: 3.50 | Active closing amount: 3.50 | Order quantity: 7
2025-09-29 15:27:50.130 - INFO - [ASTER_SOL] Current Position: 3.50 | Active closing amount: 3.50 | Order quantity: 7
2025-09-29 15:28:48.960 - INFO - [ASTER_SOL] [CLOSE] [1531085326] FILLED 0.50 @ 207.7000
2025-09-29 15:28:50.343 - INFO - [ASTER_SOL] Current Position: 3.00 | Active closing amount: 3.00 | Order quantity: 6
2025-09-29 15:29:50.842 - INFO - [ASTER_SOL] Current Position: 3.00 | Active closing amount: 3.00 | Order quantity: 6
2025-09-29 15:30:52.352 - INFO - [ASTER_SOL] Current Position: 3.00 | Active closing amount: 3.00 | Order quantity: 6
2025-09-29 15:31:53.069 - INFO - [ASTER_SOL] Current Position: 3.00 | Active closing amount: 3.00 | Order quantity: 6
2025-09-29 15:32:03.305 - INFO - [ASTER_SOL] [CLOSE] [1531011816] PARTIALLY_FILLED 0.10 @ 208.1300
2025-09-29 15:32:03.306 - INFO - [ASTER_SOL] [CLOSE] [1531011816] FILLED 0.50 @ 208.1300
2025-09-29 15:32:17.070 - INFO - [ASTER_SOL] [OPEN] [1531154789] OPEN 0.50 @ 208.0500
2025-09-29 15:32:17.552 - INFO - [ASTER_SOL] [OPEN] [1531154789] FILLED 0.50 @ 208.0500
2025-09-29 15:32:17.981 - INFO - [ASTER_SOL] [CLOSE] [1531154933] OPEN 0.50 @ 208.1300
2025-09-29 15:32:54.386 - INFO - [ASTER_SOL] Current Position: 3.00 | Active closing amount: 3.00 | Order quantity: 6
2025-09-29 15:33:36.714 - INFO - [ASTER_SOL] [CLOSE] [1531154933] FILLED 0.50 @ 208.1300
2025-09-29 15:33:55.566 - INFO - [ASTER_SOL] Current Position: 2.50 | Active closing amount: 2.50 | Order quantity: 5
2025-09-29 15:34:56.953 - INFO - [ASTER_SOL] Current Position: 2.50 | Active closing amount: 2.50 | Order quantity: 5
2025-09-29 15:35:57.664 - INFO - [ASTER_SOL] Current Position: 2.50 | Active closing amount: 2.50 | Order quantity: 5
2025-09-29 15:36:58.643 - INFO - [ASTER_SOL] Current Position: 2.50 | Active closing amount: 2.50 | Order quantity: 5
2025-09-29 15:37:09.479 - INFO - [ASTER_SOL] [CLOSE] [1530860384] FILLED 0.50 @ 208.5900
2025-09-29 15:37:59.252 - INFO - [ASTER_SOL] Current Position: 2.00 | Active closing amount: 2.00 | Order quantity: 4
2025-09-29 15:39:00.534 - INFO - [ASTER_SOL] Current Position: 2.00 | Active closing amount: 2.00 | Order quantity: 4
2025-09-29 15:40:00.885 - INFO - [ASTER_SOL] Current Position: 2.00 | Active closing amount: 2.00 | Order quantity: 4
2025-09-29 15:41:01.580 - INFO - [ASTER_SOL] Current Position: 2.00 | Active closing amount: 2.00 | Order quantity: 4
2025-09-29 15:42:01.948 - INFO - [ASTER_SOL] Current Position: 2.00 | Active closing amount: 2.00 | Order quantity: 4
2025-09-29 15:42:59.957 - INFO - [ASTER_SOL] [CLOSE] [1530487267] FILLED 0.50 @ 209.0300
2025-09-29 15:43:02.440 - INFO - [ASTER_SOL] Current Position: 1.50 | Active closing amount: 1.50 | Order quantity: 3
2025-09-29 15:43:25.902 - INFO - [ASTER_SOL] [OPEN] [1531236126] OPEN 0.50 @ 209.0100
2025-09-29 15:43:31.893 - INFO - [ASTER_SOL] [OPEN] [1531236126] FILLED 0.50 @ 209.0100
2025-09-29 15:43:32.366 - INFO - [ASTER_SOL] [CLOSE] [1531236891] OPEN 0.50 @ 209.0900
2025-09-29 15:44:02.931 - INFO - [ASTER_SOL] Current Position: 2.00 | Active closing amount: 2.00 | Order quantity: 4
2025-09-29 15:45:03.878 - INFO - [ASTER_SOL] Current Position: 2.00 | Active closing amount: 2.00 | Order quantity: 4
2025-09-29 15:46:05.314 - INFO - [ASTER_SOL] Current Position: 2.00 | Active closing amount: 2.00 | Order quantity: 4
2025-09-29 15:47:05.780 - INFO - [ASTER_SOL] Current Position: 2.00 | Active closing amount: 2.00 | Order quantity: 4
2025-09-29 15:48:07.257 - INFO - [ASTER_SOL] Current Position: 2.00 | Active closing amount: 2.00 | Order quantity: 4
2025-09-29 15:48:43.290 - INFO - [ASTER_SOL] [CLOSE] [1531236891] FILLED 0.50 @ 209.0900
2025-09-29 15:49:07.832 - INFO - [ASTER_SOL] Current Position: 1.50 | Active closing amount: 1.50 | Order quantity: 3
2025-09-29 15:49:16.015 - INFO - [ASTER_SOL] [OPEN] [1531278500] OPEN 0.50 @ 208.9800
2025-09-29 15:49:16.783 - INFO - [ASTER_SOL] [OPEN] [1531278500] FILLED 0.50 @ 208.9800
2025-09-29 15:49:17.322 - INFO - [ASTER_SOL] [CLOSE] [1531278705] OPEN 0.50 @ 209.0600
2025-09-29 15:50:08.423 - INFO - [ASTER_SOL] Current Position: 2.00 | Active closing amount: 2.00 | Order quantity: 4
2025-09-29 15:51:09.198 - INFO - [ASTER_SOL] Current Position: 2.00 | Active closing amount: 2.00 | Order quantity: 4
2025-09-29 15:52:10.097 - INFO - [ASTER_SOL] Current Position: 2.00 | Active closing amount: 2.00 | Order quantity: 4
2025-09-29 15:53:11.497 - INFO - [ASTER_SOL] Current Position: 2.00 | Active closing amount: 2.00 | Order quantity: 4
2025-09-29 15:54:12.144 - INFO - [ASTER_SOL] Current Position: 2.00 | Active closing amount: 2.00 | Order quantity: 4
2025-09-29 15:55:13.612 - INFO - [ASTER_SOL] Current Position: 2.00 | Active closing amount: 2.00 | Order quantity: 4
2025-09-29 15:56:14.316 - INFO - [ASTER_SOL] Current Position: 2.00 | Active closing amount: 2.00 | Order quantity: 4
2025-09-29 15:57:14.843 - INFO - [ASTER_SOL] Current Position: 2.00 | Active closing amount: 2.00 | Order quantity: 4
2025-09-29 15:58:15.820 - INFO - [ASTER_SOL] Current Position: 2.00 | Active closing amount: 2.00 | Order quantity: 4
2025-09-29 15:59:16.810 - INFO - [ASTER_SOL] Current Position: 2.00 | Active closing amount: 2.00 | Order quantity: 4
2025-09-29 16:00:17.689 - INFO - [ASTER_SOL] Current Position: 2.00 | Active closing amount: 2.00 | Order quantity: 4
2025-09-29 16:01:18.780 - INFO - [ASTER_SOL] Current Position: 2.00 | Active closing amount: 2.00 | Order quantity: 4
2025-09-29 16:02:19.826 - INFO - [ASTER_SOL] Current Position: 2.00 | Active closing amount: 2.00 | Order quantity: 4
2025-09-29 16:03:12.497 - INFO - [ASTER_SOL] [CLOSE] [1531278705] FILLED 0.50 @ 209.0600
2025-09-29 16:03:21.010 - INFO - [ASTER_SOL] Current Position: 1.50 | Active closing amount: 1.50 | Order quantity: 3
2025-09-29 16:04:21.768 - INFO - [ASTER_SOL] Current Position: 1.50 | Active closing amount: 1.50 | Order quantity: 3
2025-09-29 16:05:10.675 - INFO - [ASTER_SOL] [OPEN] [1531399821] OPEN 0.50 @ 208.9800
2025-09-29 16:05:10.818 - INFO - [ASTER_SOL] [OPEN] [1531399821] FILLED 0.50 @ 208.9800
2025-09-29 16:05:11.330 - INFO - [ASTER_SOL] [CLOSE] [1531400236] OPEN 0.50 @ 209.0600
2025-09-29 16:05:22.948 - INFO - [ASTER_SOL] Current Position: 2.00 | Active closing amount: 2.00 | Order quantity: 4
2025-09-29 16:05:25.403 - INFO - [ASTER_SOL] [CLOSE] [1531400236] FILLED 0.50 @ 209.0600
2025-09-29 16:06:24.295 - INFO - [ASTER_SOL] Current Position: 1.50 | Active closing amount: 1.50 | Order quantity: 3
2025-09-29 16:06:37.472 - INFO - [ASTER_SOL] [OPEN] [1531412548] OPEN 0.50 @ 209
2025-09-29 16:06:49.551 - INFO - [ASTER_SOL] [OPEN] [1531412548] Cancelling order and placing a new order
2025-09-29 16:06:49.682 - INFO - [ASTER_SOL] [OPEN] [1531412548] CANCELED 0.50 @ 209
2025-09-29 16:07:04.342 - INFO - [ASTER_SOL] [OPEN] [1531416093] OPEN 0.50 @ 209
2025-09-29 16:07:07.362 - INFO - [ASTER_SOL] [OPEN] [1531416093] FILLED 0.50 @ 209
2025-09-29 16:07:07.854 - INFO - [ASTER_SOL] [CLOSE] [1531416642] OPEN 0.50 @ 209.0800
2025-09-29 16:07:25.463 - INFO - [ASTER_SOL] Current Position: 2.00 | Active closing amount: 2.00 | Order quantity: 4
2025-09-29 16:08:26.249 - INFO - [ASTER_SOL] Current Position: 2.00 | Active closing amount: 2.00 | Order quantity: 4
2025-09-29 16:09:15.870 - INFO - [ASTER_SOL] [CLOSE] [1531416642] FILLED 0.50 @ 209.0800
2025-09-29 16:09:22.416 - INFO - [ASTER_SOL] [OPEN] [1531433973] OPEN 0.50 @ 208.9900
2025-09-29 16:09:26.505 - INFO - [ASTER_SOL] [OPEN] [1531433973] FILLED 0.50 @ 208.9900
2025-09-29 16:09:26.871 - INFO - [ASTER_SOL] [CLOSE] [1531434711] OPEN 0.50 @ 209.0700
2025-09-29 16:09:29.393 - INFO - [ASTER_SOL] Current Position: 2.00 | Active closing amount: 2.00 | Order quantity: 4
2025-09-29 16:10:11.975 - INFO - [ASTER_SOL] [CLOSE] [1531434711] FILLED 0.50 @ 209.0700
2025-09-29 16:10:30.113 - INFO - [ASTER_SOL] Current Position: 1.50 | Active closing amount: 1.50 | Order quantity: 3
2025-09-29 16:11:01.045 - INFO - [ASTER_SOL] [OPEN] [1531446819] OPEN 0.50 @ 208.9900
2025-09-29 16:11:01.334 - INFO - [ASTER_SOL] [OPEN] [1531446819] PARTIALLY_FILLED 0.01 @ 208.9900
2025-09-29 16:11:01.388 - INFO - [ASTER_SOL] [OPEN] [1531446819] FILLED 0.50 @ 208.9900
2025-09-29 16:11:01.875 - INFO - [ASTER_SOL] [CLOSE] [1531447085] OPEN 0.50 @ 209.0700
2025-09-29 16:11:30.723 - INFO - [ASTER_SOL] Current Position: 2.00 | Active closing amount: 2.00 | Order quantity: 4
2025-09-29 16:12:32.155 - INFO - [ASTER_SOL] Current Position: 2.00 | Active closing amount: 2.00 | Order quantity: 4
2025-09-29 16:13:33.608 - INFO - [ASTER_SOL] Current Position: 2.00 | Active closing amount: 2.00 | Order quantity: 4
2025-09-29 16:14:33.991 - INFO - [ASTER_SOL] Current Position: 2.00 | Active closing amount: 2.00 | Order quantity: 4
2025-09-29 16:14:43.221 - INFO - [ASTER_SOL] [OPEN] [1531473089] OPEN 0.50 @ 208.5500
2025-09-29 16:14:43.475 - INFO - [ASTER_SOL] [OPEN] [1531473089] PARTIALLY_FILLED 0.04 @ 208.5500
2025-09-29 16:14:43.618 - INFO - [ASTER_SOL] [OPEN] [1531473089] FILLED 0.50 @ 208.5500
2025-09-29 16:14:44.015 - INFO - [ASTER_SOL] [CLOSE] [1531473257] OPEN 0.50 @ 208.6300
2025-09-29 16:15:35.451 - INFO - [ASTER_SOL] Current Position: 2.50 | Active closing amount: 2.50 | Order quantity: 5
2025-09-29 16:16:36.906 - INFO - [ASTER_SOL] Current Position: 2.50 | Active closing amount: 2.50 | Order quantity: 5
2025-09-29 16:17:38.169 - INFO - [ASTER_SOL] Current Position: 2.50 | Active closing amount: 2.50 | Order quantity: 5
2025-09-29 16:18:39.935 - INFO - [ASTER_SOL] Current Position: 2.50 | Active closing amount: 2.50 | Order quantity: 5
2025-09-29 16:19:40.685 - INFO - [ASTER_SOL] Current Position: 2.50 | Active closing amount: 2.50 | Order quantity: 5
2025-09-29 16:20:40.940 - INFO - [ASTER_SOL] Current Position: 2.50 | Active closing amount: 2.50 | Order quantity: 5
2025-09-29 16:21:41.465 - INFO - [ASTER_SOL] Current Position: 2.50 | Active closing amount: 2.50 | Order quantity: 5
2025-09-29 16:22:42.081 - INFO - [ASTER_SOL] Current Position: 2.50 | Active closing amount: 2.50 | Order quantity: 5
2025-09-29 16:23:43.244 - INFO - [ASTER_SOL] Current Position: 2.50 | Active closing amount: 2.50 | Order quantity: 5
2025-09-29 16:24:43.864 - INFO - [ASTER_SOL] Current Position: 2.50 | Active closing amount: 2.50 | Order quantity: 5
2025-09-29 16:25:16.350 - INFO - [ASTER_SOL] [CLOSE] [1531473257] FILLED 0.50 @ 208.6300
2025-09-29 16:25:44.355 - INFO - [ASTER_SOL] Current Position: 2.00 | Active closing amount: 2.00 | Order quantity: 4
2025-09-29 16:26:45.858 - INFO - [ASTER_SOL] Current Position: 2.00 | Active closing amount: 2.00 | Order quantity: 4
2025-09-29 16:27:46.780 - INFO - [ASTER_SOL] Current Position: 2.00 | Active closing amount: 2.00 | Order quantity: 4
2025-09-29 16:28:47.157 - INFO - [ASTER_SOL] Current Position: 2.00 | Active closing amount: 2.00 | Order quantity: 4
2025-09-29 16:29:48.559 - INFO - [ASTER_SOL] Current Position: 2.00 | Active closing amount: 2.00 | Order quantity: 4
2025-09-29 16:30:49.882 - INFO - [ASTER_SOL] Current Position: 2.00 | Active closing amount: 2.00 | Order quantity: 4
2025-09-29 16:31:50.330 - INFO - [ASTER_SOL] Current Position: 2.00 | Active closing amount: 2.00 | Order quantity: 4
2025-09-29 16:32:50.976 - INFO - [ASTER_SOL] Current Position: 2.00 | Active closing amount: 2.00 | Order quantity: 4
2025-09-29 16:33:51.495 - INFO - [ASTER_SOL] Current Position: 2.00 | Active closing amount: 2.00 | Order quantity: 4
2025-09-29 16:34:52.859 - INFO - [ASTER_SOL] Current Position: 2.00 | Active closing amount: 2.00 | Order quantity: 4
2025-09-29 16:35:54.183 - INFO - [ASTER_SOL] Current Position: 2.00 | Active closing amount: 2.00 | Order quantity: 4
2025-09-29 16:36:13.350 - INFO - [ASTER_SOL] [CLOSE] [1531447085] FILLED 0.50 @ 209.0700
2025-09-29 16:36:40.529 - INFO - [ASTER_SOL] [OPEN] [1531641206] OPEN 0.50 @ 209
2025-09-29 16:36:41.595 - INFO - [ASTER_SOL] [OPEN] [1531641206] FILLED 0.50 @ 209
2025-09-29 16:36:42.104 - INFO - [ASTER_SOL] [CLOSE] [1531641465] OPEN 0.50 @ 209.0800
2025-09-29 16:36:54.644 - INFO - [ASTER_SOL] Current Position: 2.00 | Active closing amount: 2.00 | Order quantity: 4
2025-09-29 16:37:55.663 - INFO - [ASTER_SOL] Current Position: 2.00 | Active closing amount: 2.00 | Order quantity: 4
2025-09-29 16:38:57.031 - INFO - [ASTER_SOL] Current Position: 2.00 | Active closing amount: 2.00 | Order quantity: 4
2025-09-29 16:39:57.597 - INFO - [ASTER_SOL] Current Position: 2.00 | Active closing amount: 2.00 | Order quantity: 4
2025-09-29 16:40:57.972 - INFO - [ASTER_SOL] Current Position: 2.00 | Active closing amount: 2.00 | Order quantity: 4
2025-09-29 16:41:59.263 - INFO - [ASTER_SOL] Current Position: 2.00 | Active closing amount: 2.00 | Order quantity: 4
2025-09-29 16:42:59.999 - INFO - [ASTER_SOL] Current Position: 2.00 | Active closing amount: 2.00 | Order quantity: 4
2025-09-29 16:44:01.635 - INFO - [ASTER_SOL] Current Position: 2.00 | Active closing amount: 2.00 | Order quantity: 4
2025-09-29 16:44:56.794 - INFO - [ASTER_SOL] [CLOSE] [1531641465] FILLED 0.50 @ 209.0800
2025-09-29 16:45:02.381 - INFO - [ASTER_SOL] Current Position: 1.50 | Active closing amount: 1.50 | Order quantity: 3
2025-09-29 16:46:03.958 - INFO - [ASTER_SOL] Current Position: 1.50 | Active closing amount: 1.50 | Order quantity: 3
2025-09-29 16:47:04.823 - INFO - [ASTER_SOL] Current Position: 1.50 | Active closing amount: 1.50 | Order quantity: 3
2025-09-29 16:47:15.997 - INFO - [ASTER_SOL] [CLOSE] [1530177573] FILLED 0.50 @ 209.5300
2025-09-29 16:47:56.706 - INFO - [ASTER_SOL] [OPEN] [1531724892] OPEN 0.50 @ 209.3800
2025-09-29 16:47:57.720 - INFO - [ASTER_SOL] [OPEN] [1531724892] FILLED 0.50 @ 209.3800
2025-09-29 16:47:58.316 - INFO - [ASTER_SOL] [CLOSE] [1531725325] OPEN 0.50 @ 209.4600
2025-09-29 16:48:05.798 - INFO - [ASTER_SOL] Current Position: 1.50 | Active closing amount: 1.50 | Order quantity: 3
2025-09-29 16:49:06.143 - INFO - [ASTER_SOL] Current Position: 1.50 | Active closing amount: 1.50 | Order quantity: 3
2025-09-29 16:50:06.395 - INFO - [ASTER_SOL] Current Position: 1.50 | Active closing amount: 1.50 | Order quantity: 3
2025-09-29 16:51:07.264 - INFO - [ASTER_SOL] Current Position: 1.50 | Active closing amount: 1.50 | Order quantity: 3
2025-09-29 16:52:07.615 - INFO - [ASTER_SOL] Current Position: 1.50 | Active closing amount: 1.50 | Order quantity: 3
2025-09-29 16:53:08.446 - INFO - [ASTER_SOL] Current Position: 1.50 | Active closing amount: 1.50 | Order quantity: 3
2025-09-29 16:54:09.257 - INFO - [ASTER_SOL] Current Position: 1.50 | Active closing amount: 1.50 | Order quantity: 3
2025-09-29 16:54:54.395 - INFO - [ASTER_SOL] [OPEN] [1531784837] OPEN 0.50 @ 208.9300
2025-09-29 16:55:06.408 - INFO - [ASTER_SOL] [OPEN] [1531784837] Cancelling order and placing a new order
2025-09-29 16:55:06.538 - INFO - [ASTER_SOL] [OPEN] [1531784837] FILLED 0.50 @ 208.9300
2025-09-29 16:55:06.569 - ERROR - [ASTER_SOL] [CLOSE] Failed to cancel order 1531784837: API request failed: {'code': -2011, 'msg': 'Unknown order sent.'}
2025-09-29 16:55:07.003 - INFO - [ASTER_SOL] [CLOSE] [1531787354] OPEN 0.50 @ 209.0100
2025-09-29 16:55:10.550 - INFO - [ASTER_SOL] Current Position: 2.00 | Active closing amount: 2.00 | Order quantity: 4
2025-09-29 16:55:43.834 - INFO - [ASTER_SOL] [CLOSE] [1531787354] FILLED 0.50 @ 209.0100
2025-09-29 16:56:10.784 - INFO - [ASTER_SOL] Current Position: 1.50 | Active closing amount: 1.50 | Order quantity: 3
2025-09-29 16:56:11.192 - INFO - [ASTER_SOL] [OPEN] [1531795379] OPEN 0.50 @ 208.9200
2025-09-29 16:56:12.631 - INFO - [ASTER_SOL] [OPEN] [1531795379] FILLED 0.50 @ 208.9200
2025-09-29 16:56:13.278 - INFO - [ASTER_SOL] [CLOSE] [1531795671] OPEN 0.50 @ 209
2025-09-29 16:57:11.687 - INFO - [ASTER_SOL] Current Position: 2.00 | Active closing amount: 2.00 | Order quantity: 4
2025-09-29 16:58:12.721 - INFO - [ASTER_SOL] Current Position: 2.00 | Active closing amount: 2.00 | Order quantity: 4
2025-09-29 16:59:14.034 - INFO - [ASTER_SOL] Current Position: 2.00 | Active closing amount: 2.00 | Order quantity: 4
2025-09-29 17:00:14.962 - INFO - [ASTER_SOL] Current Position: 2.00 | Active closing amount: 2.00 | Order quantity: 4
2025-09-29 17:01:16.262 - INFO - [ASTER_SOL] Current Position: 2.00 | Active closing amount: 2.00 | Order quantity: 4
2025-09-29 17:02:17.725 - INFO - [ASTER_SOL] Current Position: 2.00 | Active closing amount: 2.00 | Order quantity: 4
2025-09-29 17:03:19.105 - INFO - [ASTER_SOL] Current Position: 2.00 | Active closing amount: 2.00 | Order quantity: 4
2025-09-29 17:04:20.249 - INFO - [ASTER_SOL] Current Position: 2.00 | Active closing amount: 2.00 | Order quantity: 4
2025-09-29 17:05:20.662 - INFO - [ASTER_SOL] Current Position: 2.00 | Active closing amount: 2.00 | Order quantity: 4
2025-09-29 17:06:22.384 - INFO - [ASTER_SOL] Current Position: 2.00 | Active closing amount: 2.00 | Order quantity: 4
2025-09-29 17:07:22.816 - INFO - [ASTER_SOL] Current Position: 2.00 | Active closing amount: 2.00 | Order quantity: 4
2025-09-29 17:08:24.027 - INFO - [ASTER_SOL] Current Position: 2.00 | Active closing amount: 2.00 | Order quantity: 4
2025-09-29 17:09:24.720 - INFO - [ASTER_SOL] Current Position: 2.00 | Active closing amount: 2.00 | Order quantity: 4
2025-09-29 17:10:25.474 - INFO - [ASTER_SOL] Current Position: 2.00 | Active closing amount: 2.00 | Order quantity: 4
2025-09-29 17:10:58.357 - INFO - [ASTER_SOL] [CLOSE] [1531795671] FILLED 0.50 @ 209
2025-09-29 17:11:26.354 - INFO - [ASTER_SOL] Current Position: 1.50 | Active closing amount: 1.50 | Order quantity: 3
2025-09-29 17:12:26.827 - INFO - [ASTER_SOL] [OPEN] [1531895908] OPEN 0.50 @ 208.9400
2025-09-29 17:12:39.020 - INFO - [ASTER_SOL] [OPEN] [1531895908] Cancelling order and placing a new order
2025-09-29 17:12:39.168 - INFO - [ASTER_SOL] [OPEN] [1531895908] CANCELED 0.50 @ 208.9400
2025-09-29 17:12:39.557 - INFO - [ASTER_SOL] Current Position: 1.50 | Active closing amount: 1.50 | Order quantity: 3
2025-09-29 17:12:54.332 - INFO - [ASTER_SOL] [OPEN] [1531898033] OPEN 0.50 @ 208.9300
2025-09-29 17:13:01.990 - INFO - [ASTER_SOL] [OPEN] [1531898033] FILLED 0.50 @ 208.9300
2025-09-29 17:13:02.372 - INFO - [ASTER_SOL] [CLOSE] [1531898703] OPEN 0.50 @ 209.0100
2025-09-29 17:13:40.527 - INFO - [ASTER_SOL] Current Position: 2.00 | Active closing amount: 2.00 | Order quantity: 4
2025-09-29 17:14:41.972 - INFO - [ASTER_SOL] Current Position: 2.00 | Active closing amount: 2.00 | Order quantity: 4
2025-09-29 17:15:06.660 - INFO - [ASTER_SOL] [OPEN] [1531911785] OPEN 0.50 @ 208.4800
2025-09-29 17:15:18.810 - INFO - [ASTER_SOL] [OPEN] [1531911785] Cancelling order and placing a new order
2025-09-29 17:15:19.060 - INFO - [ASTER_SOL] [OPEN] [1531911785] CANCELED 0.50 @ 208.4800
2025-09-29 17:15:33.399 - INFO - [ASTER_SOL] [OPEN] [1531915316] OPEN 0.50 @ 208.4900
2025-09-29 17:15:34.531 - INFO - [ASTER_SOL] [OPEN] [1531915316] FILLED 0.50 @ 208.4900
2025-09-29 17:15:34.995 - INFO - [ASTER_SOL] [CLOSE] [1531915540] OPEN 0.50 @ 208.5700
2025-09-29 17:15:43.496 - INFO - [ASTER_SOL] Current Position: 2.50 | Active closing amount: 2.50 | Order quantity: 5
2025-09-29 17:16:44.569 - INFO - [ASTER_SOL] Current Position: 2.50 | Active closing amount: 2.50 | Order quantity: 5
2025-09-29 17:17:04.539 - INFO - [ASTER_SOL] [CLOSE] [1531915540] FILLED 0.50 @ 208.5700
2025-09-29 17:17:31.675 - INFO - [ASTER_SOL] [OPEN] [1531929484] OPEN 0.50 @ 208.4800
2025-09-29 17:17:31.936 - INFO - [ASTER_SOL] [OPEN] [1531929484] PARTIALLY_FILLED 0.46 @ 208.4800
2025-09-29 17:17:32.556 - INFO - [ASTER_SOL] [OPEN] [1531929484] FILLED 0.50 @ 208.4800
2025-09-29 17:17:32.959 - INFO - [ASTER_SOL] [CLOSE] [1531929690] OPEN 0.50 @ 208.5600
2025-09-29 17:17:45.945 - INFO - [ASTER_SOL] Current Position: 2.50 | Active closing amount: 2.50 | Order quantity: 5
2025-09-29 17:18:47.218 - INFO - [ASTER_SOL] Current Position: 2.50 | Active closing amount: 2.50 | Order quantity: 5
2025-09-29 17:19:48.150 - INFO - [ASTER_SOL] Current Position: 2.50 | Active closing amount: 2.50 | Order quantity: 5
2025-09-29 17:20:17.853 - INFO - [ASTER_SOL] [CLOSE] [1531929690] FILLED 0.50 @ 208.5600
2025-09-29 17:20:28.411 - INFO - [ASTER_SOL] [OPEN] [1531949472] OPEN 0.50 @ 208.4800
2025-09-29 17:20:32.960 - INFO - [ASTER_SOL] [OPEN] [1531949472] FILLED 0.50 @ 208.4800
2025-09-29 17:20:33.458 - INFO - [ASTER_SOL] [CLOSE] [1531949870] OPEN 0.50 @ 208.5600
2025-09-29 17:20:48.734 - INFO - [ASTER_SOL] Current Position: 2.50 | Active closing amount: 2.50 | Order quantity: 5
2025-09-29 17:21:49.082 - INFO - [ASTER_SOL] Current Position: 2.50 | Active closing amount: 2.50 | Order quantity: 5
2025-09-29 17:21:58.503 - INFO - [ASTER_SOL] [CLOSE] [1531949870] FILLED 0.50 @ 208.5600
2025-09-29 17:22:02.301 - INFO - [ASTER_SOL] [OPEN] [1531959558] OPEN 0.50 @ 208.4900
2025-09-29 17:22:14.473 - INFO - [ASTER_SOL] [OPEN] [1531959558] Cancelling order and placing a new order
2025-09-29 17:22:14.712 - INFO - [ASTER_SOL] [OPEN] [1531959558] CANCELED 0.50 @ 208.4900
2025-09-29 17:22:49.604 - INFO - [ASTER_SOL] Current Position: 2.00 | Active closing amount: 2.00 | Order quantity: 4
2025-09-29 17:23:01.601 - INFO - [ASTER_SOL] [OPEN] [1531966756] OPEN 0.50 @ 208.4700
2025-09-29 17:23:01.601 - INFO - [ASTER_SOL] [OPEN] [1531966756] EXPIRED 0.50 @ 208.4700
2025-09-29 17:23:02.302 - INFO - [ASTER_SOL] [OPEN] [1531966811] OPEN 0.50 @ 208.4600
2025-09-29 17:23:05.164 - INFO - [ASTER_SOL] [OPEN] [1531966811] FILLED 0.50 @ 208.4600
2025-09-29 17:23:05.684 - INFO - [ASTER_SOL] [CLOSE] [1531967210] OPEN 0.50 @ 208.5400
2025-09-29 17:23:43.036 - INFO - [ASTER_SOL] [CLOSE] [1531967210] FILLED 0.50 @ 208.5400
2025-09-29 17:23:50.410 - INFO - [ASTER_SOL] Current Position: 2.00 | Active closing amount: 2.00 | Order quantity: 4
2025-09-29 17:24:51.872 - INFO - [ASTER_SOL] Current Position: 2.00 | Active closing amount: 2.00 | Order quantity: 4
2025-09-29 17:25:53.451 - INFO - [ASTER_SOL] Current Position: 2.00 | Active closing amount: 2.00 | Order quantity: 4
2025-09-29 17:26:54.821 - INFO - [ASTER_SOL] Current Position: 2.00 | Active closing amount: 2.00 | Order quantity: 4
2025-09-29 17:27:56.250 - INFO - [ASTER_SOL] Current Position: 2.00 | Active closing amount: 2.00 | Order quantity: 4
2025-09-29 17:28:56.862 - INFO - [ASTER_SOL] Current Position: 2.00 | Active closing amount: 2.00 | Order quantity: 4
2025-09-29 17:29:57.578 - INFO - [ASTER_SOL] Current Position: 2.00 | Active closing amount: 2.00 | Order quantity: 4
2025-09-29 17:30:58.159 - INFO - [ASTER_SOL] Current Position: 2.00 | Active closing amount: 2.00 | Order quantity: 4
2025-09-29 17:31:38.681 - INFO - [ASTER_SOL] [OPEN] [1532026562] OPEN 0.50 @ 208.4900
2025-09-29 17:31:41.793 - INFO - [ASTER_SOL] [OPEN] [1532026562] FILLED 0.50 @ 208.4900
2025-09-29 17:31:42.198 - INFO - [ASTER_SOL] [CLOSE] [1532026875] OPEN 0.50 @ 208.5700
2025-09-29 17:31:59.460 - INFO - [ASTER_SOL] Current Position: 2.50 | Active closing amount: 2.50 | Order quantity: 5
2025-09-29 17:32:11.874 - INFO - [ASTER_SOL] [CLOSE] [1532026875] FILLED 0.50 @ 208.5700
2025-09-29 17:32:32.252 - INFO - [ASTER_SOL] [OPEN] [1532032878] OPEN 0.50 @ 208.4900
2025-09-29 17:32:44.306 - INFO - [ASTER_SOL] [OPEN] [1532032878] Cancelling order and placing a new order
2025-09-29 17:32:44.434 - INFO - [ASTER_SOL] [OPEN] [1532032878] CANCELED 0.50 @ 208.4900
2025-09-29 17:32:57.927 - INFO - [ASTER_SOL] [OPEN] [1532035744] OPEN 0.50 @ 208.4600
2025-09-29 17:33:09.966 - INFO - [ASTER_SOL] [OPEN] [1532035744] Cancelling order and placing a new order
2025-09-29 17:33:10.173 - INFO - [ASTER_SOL] [OPEN] [1532035744] CANCELED 0.50 @ 208.4600
2025-09-29 17:33:10.521 - INFO - [ASTER_SOL] Current Position: 2.00 | Active closing amount: 2.00 | Order quantity: 4
2025-09-29 17:33:14.682 - INFO - [ASTER_SOL] [OPEN] [1532037830] OPEN 0.50 @ 208.4600
2025-09-29 17:33:16.461 - INFO - [ASTER_SOL] [OPEN] [1532037830] PARTIALLY_FILLED 0.10 @ 208.4600
2025-09-29 17:33:16.518 - INFO - [ASTER_SOL] [OPEN] [1532037830] FILLED 0.50 @ 208.4600
2025-09-29 17:33:17.188 - INFO - [ASTER_SOL] [CLOSE] [1532038175] OPEN 0.50 @ 208.5400
2025-09-29 17:34:11.047 - INFO - [ASTER_SOL] Current Position: 2.50 | Active closing amount: 2.50 | Order quantity: 5
2025-09-29 17:35:12.316 - INFO - [ASTER_SOL] Current Position: 2.50 | Active closing amount: 2.50 | Order quantity: 5
2025-09-29 17:36:14.273 - INFO - [ASTER_SOL] Current Position: 2.50 | Active closing amount: 2.50 | Order quantity: 5
2025-09-29 17:37:03.956 - WARNING - [ASTER_SOL] WebSocket connection closed
2025-09-29 17:37:27.137 - ERROR - [ASTER_SOL] Failed to place order: Invalid bid/ask prices
2025-09-29 17:38:57.808 - INFO - [ASTER_SOL] Current Position: None | Active closing amount: 0 | Order quantity: 0
2025-09-29 17:38:57.808 - ERROR - [ASTER_SOL] Error in periodic status check: unsupported operand type(s) for -: 'NoneType' and 'int'
2025-09-29 17:38:57.831 - ERROR - [ASTER_SOL] Traceback: Traceback (most recent call last):
  File "C:\Users\user\PyCharmMiscProject\predex\trading_bot.py", line 343, in _log_status_periodically
    if abs(position_amt - active_close_amount) > (2 * self.config.quantity):
           ~~~~~~~~~~~~~^~~~~~~~~~~~~~~~~~~~~
TypeError: unsupported operand type(s) for -: 'NoneType' and 'int'

2025-09-29 17:39:12.878 - ERROR - [ASTER_SOL] Failed to place order: Invalid bid/ask prices
2025-09-29 17:39:42.956 - ERROR - [ASTER_SOL] Failed to place order: Invalid bid/ask prices
2025-09-29 17:40:28.081 - INFO - [ASTER_SOL] Current Position: None | Active closing amount: 0 | Order quantity: 0
2025-09-29 17:40:28.081 - ERROR - [ASTER_SOL] Error in periodic status check: unsupported operand type(s) for -: 'NoneType' and 'int'
2025-09-29 17:40:28.082 - ERROR - [ASTER_SOL] Traceback: Traceback (most recent call last):
  File "C:\Users\user\PyCharmMiscProject\predex\trading_bot.py", line 343, in _log_status_periodically
    if abs(position_amt - active_close_amount) > (2 * self.config.quantity):
           ~~~~~~~~~~~~~^~~~~~~~~~~~~~~~~~~~~
TypeError: unsupported operand type(s) for -: 'NoneType' and 'int'

2025-09-29 17:40:43.117 - ERROR - [ASTER_SOL] Failed to place order: Invalid bid/ask prices
2025-09-29 17:41:13.170 - ERROR - [ASTER_SOL] Failed to place order: Invalid bid/ask prices
2025-09-29 17:41:58.294 - INFO - [ASTER_SOL] Current Position: None | Active closing amount: 0 | Order quantity: 0
2025-09-29 17:41:58.294 - ERROR - [ASTER_SOL] Error in periodic status check: unsupported operand type(s) for -: 'NoneType' and 'int'
2025-09-29 17:41:58.295 - ERROR - [ASTER_SOL] Traceback: Traceback (most recent call last):
  File "C:\Users\user\PyCharmMiscProject\predex\trading_bot.py", line 343, in _log_status_periodically
    if abs(position_amt - active_close_amount) > (2 * self.config.quantity):
           ~~~~~~~~~~~~~^~~~~~~~~~~~~~~~~~~~~
TypeError: unsupported operand type(s) for -: 'NoneType' and 'int'

2025-09-29 17:42:13.339 - ERROR - [ASTER_SOL] Failed to place order: Invalid bid/ask prices
2025-09-29 17:42:43.405 - ERROR - [ASTER_SOL] Failed to place order: Invalid bid/ask prices
2025-09-29 17:43:28.528 - INFO - [ASTER_SOL] Current Position: None | Active closing amount: 0 | Order quantity: 0
2025-09-29 17:43:28.528 - ERROR - [ASTER_SOL] Error in periodic status check: unsupported operand type(s) for -: 'NoneType' and 'int'
2025-09-29 17:43:28.529 - ERROR - [ASTER_SOL] Traceback: Traceback (most recent call last):
  File "C:\Users\user\PyCharmMiscProject\predex\trading_bot.py", line 343, in _log_status_periodically
    if abs(position_amt - active_close_amount) > (2 * self.config.quantity):
           ~~~~~~~~~~~~~^~~~~~~~~~~~~~~~~~~~~
TypeError: unsupported operand type(s) for -: 'NoneType' and 'int'

2025-09-29 17:43:43.554 - ERROR - [ASTER_SOL] Failed to place order: Invalid bid/ask prices
2025-09-29 17:44:14.381 - INFO - [ASTER_SOL] [OPEN] [1532107090] Cancelling order and placing a new order
2025-09-29 17:44:32.529 - INFO - [ASTER_SOL] [OPEN] [1532109012] Cancelling order and placing a new order
2025-09-29 17:44:38.193 - INFO - [ASTER_SOL] Current Position: 2.00 | Active closing amount: 2.00 | Order quantity: 4
2025-09-29 17:44:50.856 - INFO - [ASTER_SOL] [OPEN] [1532110418] Cancelling order and placing a new order
2025-09-29 17:44:51.003 - ERROR - [ASTER_SOL] [CLOSE] Failed to cancel order 1532110418: API request failed: {'code': -2011, 'msg': 'Unknown order sent.'}
2025-09-29 17:45:03.710 - INFO - [ASTER_SOL] [OPEN] [1532111515] Cancelling order and placing a new order
2025-09-29 17:45:03.935 - ERROR - [ASTER_SOL] [CLOSE] Failed to cancel order 1532111515: API request failed: {'code': -2011, 'msg': 'Unknown order sent.'}
2025-09-29 17:45:16.522 - INFO - [ASTER_SOL] [OPEN] [1532112622] Cancelling order and placing a new order
2025-09-29 17:45:34.473 - INFO - [ASTER_SOL] [OPEN] [1532114684] Cancelling order and placing a new order
2025-09-29 17:45:40.308 - INFO - [ASTER_SOL] Current Position: 3.00 | Active closing amount: 2.00 | Order quantity: 4
2025-09-29 17:46:41.852 - INFO - [ASTER_SOL] Current Position: 3.50 | Active closing amount: 2.50 | Order quantity: 5
2025-09-29 17:47:43.384 - INFO - [ASTER_SOL] Current Position: 3.50 | Active closing amount: 2.50 | Order quantity: 5
2025-09-29 17:48:44.418 - INFO - [ASTER_SOL] Current Position: 3.50 | Active closing amount: 2.50 | Order quantity: 5
2025-09-29 17:49:45.976 - INFO - [ASTER_SOL] Current Position: 3.50 | Active closing amount: 2.50 | Order quantity: 5
2025-09-29 17:50:46.976 - INFO - [ASTER_SOL] Current Position: 3.50 | Active closing amount: 2.50 | Order quantity: 5
2025-09-29 17:51:48.262 - INFO - [ASTER_SOL] Current Position: 3.50 | Active closing amount: 2.50 | Order quantity: 5
2025-09-29 17:52:49.624 - INFO - [ASTER_SOL] Current Position: 3.50 | Active closing amount: 2.50 | Order quantity: 5
2025-09-29 17:53:50.817 - INFO - [ASTER_SOL] Current Position: 3.50 | Active closing amount: 2.50 | Order quantity: 5
2025-09-29 17:54:51.947 - INFO - [ASTER_SOL] Current Position: 3.50 | Active closing amount: 2.50 | Order quantity: 5
2025-09-29 17:55:52.985 - INFO - [ASTER_SOL] Current Position: 3.50 | Active closing amount: 2.50 | Order quantity: 5
2025-09-29 17:56:54.201 - INFO - [ASTER_SOL] Current Position: 3.50 | Active closing amount: 2.50 | Order quantity: 5
2025-09-29 17:57:54.693 - INFO - [ASTER_SOL] Current Position: 3.50 | Active closing amount: 2.50 | Order quantity: 5
2025-09-29 17:58:55.221 - INFO - [ASTER_SOL] Current Position: 3.50 | Active closing amount: 2.50 | Order quantity: 5
2025-09-29 17:59:55.967 - INFO - [ASTER_SOL] Current Position: 3.50 | Active closing amount: 2.50 | Order quantity: 5
2025-09-29 18:00:56.810 - INFO - [ASTER_SOL] Current Position: 3.50 | Active closing amount: 2.50 | Order quantity: 5
2025-09-29 18:01:58.399 - INFO - [ASTER_SOL] Current Position: 3.50 | Active closing amount: 2.50 | Order quantity: 5
2025-09-29 18:02:59.627 - INFO - [ASTER_SOL] Current Position: 3.50 | Active closing amount: 2.50 | Order quantity: 5
2025-09-29 18:03:59.899 - INFO - [ASTER_SOL] Current Position: 3.50 | Active closing amount: 2.50 | Order quantity: 5
2025-09-29 18:04:35.848 - INFO - [ASTER_SOL] [OPEN] [1532240982] Cancelling order and placing a new order
2025-09-29 18:04:35.998 - ERROR - [ASTER_SOL] [CLOSE] Failed to cancel order 1532240982: API request failed: {'code': -2011, 'msg': 'Unknown order sent.'}
2025-09-29 18:04:48.868 - INFO - [ASTER_SOL] [OPEN] [1532242440] Cancelling order and placing a new order
2025-09-29 18:04:49.021 - ERROR - [ASTER_SOL] [CLOSE] Failed to cancel order 1532242440: API request failed: {'code': -2011, 'msg': 'Unknown order sent.'}
2025-09-29 18:05:02.603 - INFO - [ASTER_SOL] [OPEN] [1532244388] Cancelling order and placing a new order
2025-09-29 18:05:08.436 - INFO - [ASTER_SOL] Current Position: 4.00 | Active closing amount: 2.00 | Order quantity: 4
2025-09-29 18:05:08.519 - INFO - [ASTER_SOL] WebSocket disconnected
2025-09-29 21:18:50.040 - INFO - [ASTER_SOL] === Trading Configuration ===
2025-09-29 21:18:50.040 - INFO - [ASTER_SOL] Ticker: SOL
2025-09-29 21:18:50.040 - INFO - [ASTER_SOL] Contract ID: SOLUSDT
2025-09-29 21:18:50.040 - INFO - [ASTER_SOL] Quantity: 1
2025-09-29 21:18:50.040 - INFO - [ASTER_SOL] Take Profit: 0.04%
2025-09-29 21:18:50.040 - INFO - [ASTER_SOL] Direction: buy
2025-09-29 21:18:50.040 - INFO - [ASTER_SOL] Max Orders: 10
2025-09-29 21:18:50.040 - INFO - [ASTER_SOL] Wait Time: 30s
2025-09-29 21:18:50.040 - INFO - [ASTER_SOL] Exchange: aster
2025-09-29 21:18:50.040 - INFO - [ASTER_SOL] Grid Step: 0.2%
2025-09-29 21:18:50.040 - INFO - [ASTER_SOL] Stop Price: -1
2025-09-29 21:18:50.040 - INFO - [ASTER_SOL] Pause Price: -1
2025-09-29 21:18:50.040 - INFO - [ASTER_SOL] Aster Boost: False
2025-09-29 21:18:50.040 - INFO - [ASTER_SOL] =============================
2025-09-29 21:18:51.400 - INFO - [ASTER_SOL] Connected to Aster WebSocket with listen key
2025-09-29 21:18:52.417 - INFO - [ASTER_SOL] Current Position: 0.00 | Active closing amount: 0 | Order quantity: 0
2025-09-29 21:18:52.677 - INFO - [ASTER_SOL] [OPEN] [1533825841] OPEN 1 @ 205.8600
2025-09-29 21:18:54.325 - INFO - [ASTER_SOL] [OPEN] [1533825841] FILLED 1 @ 205.8600
2025-09-29 21:18:54.915 - INFO - [ASTER_SOL] [CLOSE] [1533826084] OPEN 1 @ 205.9400
2025-09-29 21:19:53.264 - INFO - [ASTER_SOL] Current Position: 1.00 | Active closing amount: 1 | Order quantity: 1
2025-09-29 21:20:54.183 - INFO - [ASTER_SOL] Current Position: 1.00 | Active closing amount: 1 | Order quantity: 1
2025-09-29 21:21:09.401 - INFO - [ASTER_SOL] [CLOSE] [1533826084] FILLED 1 @ 205.9400
2025-09-29 21:21:10.627 - INFO - [ASTER_SOL] [OPEN] [1533846131] OPEN 1 @ 206
2025-09-29 21:21:10.627 - INFO - [ASTER_SOL] [OPEN] [1533846131] EXPIRED 1 @ 206
2025-09-29 21:21:11.177 - INFO - [ASTER_SOL] [OPEN] [1533846218] OPEN 1 @ 205.9800
2025-09-29 21:21:12.063 - INFO - [ASTER_SOL] [OPEN] [1533846218] FILLED 1 @ 205.9800
2025-09-29 21:21:12.620 - INFO - [ASTER_SOL] [CLOSE] [1533846537] OPEN 1 @ 206.0600
2025-09-29 21:21:48.749 - INFO - [ASTER_SOL] [CLOSE] [1533846537] PARTIALLY_FILLED 0.31 @ 206.0600
2025-09-29 21:21:49.608 - INFO - [ASTER_SOL] [CLOSE] [1533846537] FILLED 1 @ 206.0600
2025-09-29 21:21:50.634 - INFO - [ASTER_SOL] [OPEN] [1533852295] OPEN 1 @ 206.0800
2025-09-29 21:21:51.752 - INFO - [ASTER_SOL] [OPEN] [1533852295] PARTIALLY_FILLED 0.07 @ 206.0800
2025-09-29 21:21:51.752 - INFO - [ASTER_SOL] [OPEN] [1533852295] FILLED 1 @ 206.0800
2025-09-29 21:21:52.163 - INFO - [ASTER_SOL] [CLOSE] [1533852456] OPEN 1 @ 206.1600
2025-09-29 21:21:54.736 - INFO - [ASTER_SOL] Current Position: 1.00 | Active closing amount: 1 | Order quantity: 1
2025-09-29 21:22:55.390 - INFO - [ASTER_SOL] Current Position: 1.00 | Active closing amount: 1 | Order quantity: 1
2025-09-29 21:23:00.037 - INFO - [ASTER_SOL] [CLOSE] [1533852456] FILLED 1 @ 206.1600
2025-09-29 21:23:00.766 - INFO - [ASTER_SOL] [OPEN] [1533863636] OPEN 1 @ 206.1500
2025-09-29 21:23:01.059 - INFO - [ASTER_SOL] [OPEN] [1533863636] FILLED 1 @ 206.1500
2025-09-29 21:23:01.583 - INFO - [ASTER_SOL] [CLOSE] [1533863793] OPEN 1 @ 206.2300
2025-09-29 21:23:42.115 - INFO - [ASTER_SOL] [CLOSE] [1533863793] FILLED 1 @ 206.2300
2025-09-29 21:23:43.287 - INFO - [ASTER_SOL] [OPEN] [1533870582] OPEN 1 @ 206.2300
2025-09-29 21:23:43.646 - INFO - [ASTER_SOL] [OPEN] [1533870582] PARTIALLY_FILLED 0.84 @ 206.2300
2025-09-29 21:23:43.759 - INFO - [ASTER_SOL] [OPEN] [1533870582] FILLED 1 @ 206.2300
2025-09-29 21:23:44.191 - INFO - [ASTER_SOL] [CLOSE] [1533870751] OPEN 1 @ 206.3100
2025-09-29 21:23:50.168 - INFO - [ASTER_SOL] [CLOSE] [1533870751] FILLED 1 @ 206.3100
2025-09-29 21:23:51.293 - INFO - [ASTER_SOL] [OPEN] [1533871963] OPEN 1 @ 206.2500
2025-09-29 21:23:54.466 - INFO - [ASTER_SOL] [OPEN] [1533871963] FILLED 1 @ 206.2500
2025-09-29 21:23:54.820 - INFO - [ASTER_SOL] [CLOSE] [1533872892] OPEN 1 @ 206.3300
2025-09-29 21:23:57.642 - INFO - [ASTER_SOL] Current Position: 1.00 | Active closing amount: 1 | Order quantity: 1
2025-09-29 21:24:58.895 - INFO - [ASTER_SOL] Current Position: 1.00 | Active closing amount: 1 | Order quantity: 1
2025-09-29 21:26:00.119 - INFO - [ASTER_SOL] Current Position: 1.00 | Active closing amount: 1 | Order quantity: 1
2025-09-29 21:26:10.353 - INFO - [ASTER_SOL] [CLOSE] [1533872892] PARTIALLY_FILLED 0.01 @ 206.3300
2025-09-29 21:26:11.267 - INFO - [ASTER_SOL] [CLOSE] [1533872892] FILLED 1 @ 206.3300
2025-09-29 21:26:12.476 - INFO - [ASTER_SOL] [OPEN] [1533896435] OPEN 1 @ 206.3200
2025-09-29 21:26:20.059 - INFO - [ASTER_SOL] [OPEN] [1533896435] FILLED 1 @ 206.3200
2025-09-29 21:26:20.461 - INFO - [ASTER_SOL] [CLOSE] [1533897467] OPEN 1 @ 206.4000
2025-09-29 21:27:01.565 - INFO - [ASTER_SOL] Current Position: 1.00 | Active closing amount: 1 | Order quantity: 1
2025-09-29 21:28:01.952 - INFO - [ASTER_SOL] Current Position: 1.00 | Active closing amount: 1 | Order quantity: 1
2025-09-29 21:29:02.222 - INFO - [ASTER_SOL] Current Position: 1.00 | Active closing amount: 1 | Order quantity: 1
2025-09-29 21:30:02.914 - INFO - [ASTER_SOL] Current Position: 1.00 | Active closing amount: 1 | Order quantity: 1
2025-09-29 21:31:03.328 - INFO - [ASTER_SOL] Current Position: 1.00 | Active closing amount: 1 | Order quantity: 1
2025-09-29 21:32:03.815 - INFO - [ASTER_SOL] Current Position: 1.00 | Active closing amount: 1 | Order quantity: 1
2025-09-29 21:32:22.568 - INFO - [ASTER_SOL] [CLOSE] [1533897467] FILLED 1 @ 206.4000
2025-09-29 21:32:23.399 - INFO - [ASTER_SOL] [OPEN] [1533959306] OPEN 1 @ 206.3800
2025-09-29 21:32:23.671 - INFO - [ASTER_SOL] [OPEN] [1533959306] FILLED 1 @ 206.3800
2025-09-29 21:32:24.228 - INFO - [ASTER_SOL] [CLOSE] [1533959476] OPEN 1 @ 206.4600
2025-09-29 21:32:32.522 - INFO - [ASTER_SOL] [CLOSE] [1533959476] FILLED 1 @ 206.4600
2025-09-29 21:32:33.771 - INFO - [ASTER_SOL] [OPEN] [1533961720] OPEN 1 @ 206.4500
2025-09-29 21:32:34.561 - INFO - [ASTER_SOL] [OPEN] [1533961720] PARTIALLY_FILLED 0.13 @ 206.4500
2025-09-29 21:32:36.021 - INFO - [ASTER_SOL] [OPEN] [1533961720] PARTIALLY_FILLED 0.37 @ 206.4500
2025-09-29 21:32:36.028 - INFO - [ASTER_SOL] [OPEN] [1533961720] FILLED 1 @ 206.4500
2025-09-29 21:32:36.459 - INFO - [ASTER_SOL] [CLOSE] [1533962277] OPEN 1 @ 206.5300
2025-09-29 21:33:04.909 - INFO - [ASTER_SOL] Current Position: 1.00 | Active closing amount: 1 | Order quantity: 1
2025-09-29 21:34:05.164 - INFO - [ASTER_SOL] Current Position: 1.00 | Active closing amount: 1 | Order quantity: 1
2025-09-29 21:35:05.503 - INFO - [ASTER_SOL] Current Position: 1.00 | Active closing amount: 1 | Order quantity: 1
2025-09-29 21:35:28.739 - INFO - [ASTER_SOL] [CLOSE] [1533962277] FILLED 1 @ 206.5300
2025-09-29 21:35:29.016 - INFO - [ASTER_SOL] [OPEN] [1534000621] OPEN 1 @ 206.5300
2025-09-29 21:35:29.101 - INFO - [ASTER_SOL] [OPEN] [1534000621] FILLED 1 @ 206.5300
2025-09-29 21:35:29.593 - INFO - [ASTER_SOL] [CLOSE] [1534000720] OPEN 1 @ 206.6100
2025-09-29 21:35:32.904 - INFO - [ASTER_SOL] [CLOSE] [1534000720] PARTIALLY_FILLED 0.41 @ 206.6100
2025-09-29 21:35:33.114 - INFO - [ASTER_SOL] [CLOSE] [1534000720] FILLED 1 @ 206.6100
2025-09-29 21:35:34.401 - INFO - [ASTER_SOL] [OPEN] [1534002635] OPEN 1 @ 206.6400
2025-09-29 21:35:35.343 - INFO - [ASTER_SOL] [OPEN] [1534002635] FILLED 1 @ 206.6400
2025-09-29 21:35:35.947 - INFO - [ASTER_SOL] [CLOSE] [1534003123] OPEN 1 @ 206.7200
2025-09-29 21:36:06.646 - INFO - [ASTER_SOL] Current Position: 1.00 | Active closing amount: 1 | Order quantity: 1
2025-09-29 21:36:33.197 - INFO - [ASTER_SOL] [CLOSE] [1534003123] FILLED 1 @ 206.7200
2025-09-29 21:36:33.606 - INFO - [ASTER_SOL] [OPEN] [1534017228] OPEN 1 @ 206.7500
2025-09-29 21:36:34.800 - INFO - [ASTER_SOL] [OPEN] [1534017228] PARTIALLY_FILLED 0.10 @ 206.7500
2025-09-29 21:36:35.059 - INFO - [ASTER_SOL] [OPEN] [1534017228] FILLED 1 @ 206.7500
2025-09-29 21:36:35.543 - INFO - [ASTER_SOL] [CLOSE] [1534018064] OPEN 1 @ 206.8300
2025-09-29 21:36:37.772 - INFO - [ASTER_SOL] [CLOSE] [1534018064] FILLED 1 @ 206.8300
2025-09-29 21:36:38.431 - INFO - [ASTER_SOL] [OPEN] [1534019021] OPEN 1 @ 206.8500
2025-09-29 21:36:39.030 - INFO - [ASTER_SOL] [OPEN] [1534019021] FILLED 1 @ 206.8500
2025-09-29 21:36:39.901 - INFO - [ASTER_SOL] [CLOSE] [1534019440] OPEN 1 @ 206.9300
2025-09-29 21:36:47.172 - INFO - [ASTER_SOL] [CLOSE] [1534019440] FILLED 1 @ 206.9300
2025-09-29 21:36:49.001 - INFO - [ASTER_SOL] [OPEN] [1534021761] OPEN 1 @ 206.9100
2025-09-29 21:36:49.438 - INFO - [ASTER_SOL] [OPEN] [1534021761] FILLED 1 @ 206.9100
2025-09-29 21:36:50.320 - INFO - [ASTER_SOL] [CLOSE] [1534022035] OPEN 1 @ 206.9900
2025-09-29 21:37:08.015 - INFO - [ASTER_SOL] Current Position: 1.00 | Active closing amount: 1 | Order quantity: 1
2025-09-29 21:37:27.042 - INFO - [ASTER_SOL] [CLOSE] [1534022035] FILLED 1 @ 206.9900
2025-09-29 21:37:28.153 - INFO - [ASTER_SOL] [OPEN] [1534030457] OPEN 1 @ 206.9400
2025-09-29 21:37:28.410 - INFO - [ASTER_SOL] [OPEN] [1534030457] PARTIALLY_FILLED 0.18 @ 206.9400
2025-09-29 21:37:29.000 - INFO - [ASTER_SOL] [OPEN] [1534030457] FILLED 1 @ 206.9400
2025-09-29 21:37:29.632 - INFO - [ASTER_SOL] [CLOSE] [1534030761] OPEN 1 @ 207.0200
2025-09-29 21:37:38.083 - INFO - [ASTER_SOL] [CLOSE] [1534030761] FILLED 1 @ 207.0200
2025-09-29 21:37:39.701 - INFO - [ASTER_SOL] [OPEN] [1534033315] OPEN 1 @ 207.0200
2025-09-29 21:37:42.112 - INFO - [ASTER_SOL] [OPEN] [1534033315] FILLED 1 @ 207.0200
2025-09-29 21:37:42.666 - INFO - [ASTER_SOL] [CLOSE] [1534033970] OPEN 1 @ 207.1000
2025-09-29 21:38:08.784 - INFO - [ASTER_SOL] Current Position: 1.00 | Active closing amount: 1 | Order quantity: 1
2025-09-29 21:38:17.526 - INFO - [ASTER_SOL] [CLOSE] [1534033970] FILLED 1 @ 207.1000
2025-09-29 21:38:18.971 - INFO - [ASTER_SOL] [OPEN] [1534041170] OPEN 1 @ 207.1000
2025-09-29 21:38:19.124 - INFO - [ASTER_SOL] [OPEN] [1534041170] FILLED 1 @ 207.1000
2025-09-29 21:38:19.867 - INFO - [ASTER_SOL] [CLOSE] [1534041426] OPEN 1 @ 207.1800
2025-09-29 21:38:21.401 - INFO - [ASTER_SOL] [CLOSE] [1534041426] FILLED 1 @ 207.1800
2025-09-29 21:38:22.165 - INFO - [ASTER_SOL] [OPEN] [1534042594] OPEN 1 @ 207.1400
2025-09-29 21:38:34.581 - INFO - [ASTER_SOL] [OPEN] [1534042594] Cancelling order and placing a new order
2025-09-29 21:38:34.727 - INFO - [ASTER_SOL] [OPEN] [1534042594] CANCELED 1 @ 207.1400
2025-09-29 21:38:35.213 - INFO - [ASTER_SOL] [OPEN] [1534046641] OPEN 1 @ 207.1900
2025-09-29 21:38:35.706 - INFO - [ASTER_SOL] [OPEN] [1534046641] PARTIALLY_FILLED 0.17 @ 207.1900
2025-09-29 21:38:36.331 - INFO - [ASTER_SOL] [OPEN] [1534046641] FILLED 1 @ 207.1900
2025-09-29 21:38:36.897 - INFO - [ASTER_SOL] [CLOSE] [1534046958] OPEN 1 @ 207.2700
2025-09-29 21:39:03.521 - INFO - [ASTER_SOL] [CLOSE] [1534046958] FILLED 1 @ 207.2700
2025-09-29 21:39:05.552 - INFO - [ASTER_SOL] [OPEN] [1534053124] OPEN 1 @ 207.3000
2025-09-29 21:39:05.552 - INFO - [ASTER_SOL] [OPEN] [1534053124] EXPIRED 1 @ 207.3000
2025-09-29 21:39:06.532 - INFO - [ASTER_SOL] [OPEN] [1534053348] OPEN 1 @ 207.2600
2025-09-29 21:39:06.532 - INFO - [ASTER_SOL] [OPEN] [1534053348] EXPIRED 1 @ 207.2600
2025-09-29 21:39:07.411 - INFO - [ASTER_SOL] [OPEN] [1534053566] OPEN 1 @ 207.2400
2025-09-29 21:39:07.411 - INFO - [ASTER_SOL] [OPEN] [1534053566] EXPIRED 1 @ 207.2400
2025-09-29 21:39:08.282 - INFO - [ASTER_SOL] [OPEN] [1534053788] OPEN 1 @ 207.2200
2025-09-29 21:39:08.282 - INFO - [ASTER_SOL] [OPEN] [1534053788] EXPIRED 1 @ 207.2200
2025-09-29 21:39:08.740 - INFO - [ASTER_SOL] [OPEN] Attempt 5 to place order
2025-09-29 21:39:09.521 - INFO - [ASTER_SOL] [OPEN] [1534054036] OPEN 1 @ 207.2100
2025-09-29 21:39:09.522 - INFO - [ASTER_SOL] [OPEN] [1534054036] EXPIRED 1 @ 207.2100
2025-09-29 21:39:10.247 - INFO - [ASTER_SOL] [OPEN] [1534054125] OPEN 1 @ 207.1400
2025-09-29 21:39:10.514 - INFO - [ASTER_SOL] [OPEN] [1534054125] FILLED 1 @ 207.1400
2025-09-29 21:39:11.317 - INFO - [ASTER_SOL] [CLOSE] [1534054290] OPEN 1 @ 207.2200
2025-09-29 21:39:14.018 - INFO - [ASTER_SOL] Current Position: 1.00 | Active closing amount: 1 | Order quantity: 1
2025-09-29 21:39:39.922 - INFO - [ASTER_SOL] [CLOSE] [1534054290] PARTIALLY_FILLED 0.13 @ 207.2200
2025-09-29 21:40:15.832 - INFO - [ASTER_SOL] Current Position: 0.87 | Active closing amount: 0.87 | Order quantity: 1
2025-09-29 21:41:17.515 - INFO - [ASTER_SOL] Current Position: 0.87 | Active closing amount: 0.87 | Order quantity: 1
2025-09-29 21:41:18.096 - INFO - [ASTER_SOL] [CLOSE] [1534054290] FILLED 1 @ 207.2200
2025-09-29 21:41:19.563 - INFO - [ASTER_SOL] [OPEN] [1534081179] OPEN 1 @ 207.2300
2025-09-29 21:41:19.563 - INFO - [ASTER_SOL] [OPEN] [1534081179] EXPIRED 1 @ 207.2300
2025-09-29 21:41:20.044 - INFO - [ASTER_SOL] [OPEN] [1534081266] OPEN 1 @ 207.2300
2025-09-29 21:41:20.265 - INFO - [ASTER_SOL] [OPEN] [1534081266] FILLED 1 @ 207.2300
2025-09-29 21:41:20.751 - INFO - [ASTER_SOL] [CLOSE] [1534081450] OPEN 1 @ 207.3100
2025-09-29 21:41:24.279 - INFO - [ASTER_SOL] [CLOSE] [1534081450] FILLED 1 @ 207.3100
2025-09-29 21:41:25.552 - INFO - [ASTER_SOL] [OPEN] [1534082532] OPEN 1 @ 207.3000
2025-09-29 21:41:25.716 - INFO - [ASTER_SOL] [OPEN] [1534082532] FILLED 1 @ 207.3000
2025-09-29 21:41:26.195 - INFO - [ASTER_SOL] [CLOSE] [1534082612] OPEN 1 @ 207.3800
2025-09-29 21:42:18.474 - INFO - [ASTER_SOL] Current Position: 1.00 | Active closing amount: 1 | Order quantity: 1
2025-09-29 21:42:57.493 - INFO - [ASTER_SOL] [CLOSE] [1534082612] FILLED 1 @ 207.3800
2025-09-29 21:42:58.276 - INFO - [ASTER_SOL] [OPEN] [1534101621] OPEN 1 @ 207.4400
2025-09-29 21:42:58.977 - INFO - [ASTER_SOL] [OPEN] [1534101621] FILLED 1 @ 207.4400
2025-09-29 21:42:59.525 - INFO - [ASTER_SOL] [CLOSE] [1534101941] OPEN 1 @ 207.5200
2025-09-29 21:43:14.199 - INFO - [ASTER_SOL] [CLOSE] [1534101941] FILLED 1 @ 207.5200
2025-09-29 21:43:15.040 - INFO - [ASTER_SOL] [OPEN] [1534106288] OPEN 1 @ 207.5300
2025-09-29 21:43:15.318 - INFO - [ASTER_SOL] [OPEN] [1534106288] FILLED 1 @ 207.5300
2025-09-29 21:43:15.671 - INFO - [ASTER_SOL] [CLOSE] [1534106439] OPEN 1 @ 207.6100
2025-09-29 21:43:16.036 - INFO - [ASTER_SOL] [CLOSE] [1534106439] FILLED 1 @ 207.6100
2025-09-29 21:43:16.573 - INFO - [ASTER_SOL] [OPEN] [1534106734] OPEN 1 @ 207.6300
2025-09-29 21:43:28.747 - INFO - [ASTER_SOL] [OPEN] [1534106734] Cancelling order and placing a new order
2025-09-29 21:43:28.954 - INFO - [ASTER_SOL] [OPEN] [1534106734] CANCELED 1 @ 207.6300
2025-09-29 21:43:29.318 - INFO - [ASTER_SOL] Current Position: 0.00 | Active closing amount: 0 | Order quantity: 0
2025-09-29 21:43:30.262 - INFO - [ASTER_SOL] [OPEN] [1534110557] OPEN 1 @ 208.1200
2025-09-29 21:43:30.262 - INFO - [ASTER_SOL] [OPEN] [1534110557] EXPIRED 1 @ 208.1200
2025-09-29 21:43:31.011 - INFO - [ASTER_SOL] [OPEN] [1534110771] OPEN 1 @ 208.0600
2025-09-29 21:43:31.011 - INFO - [ASTER_SOL] [OPEN] [1534110771] EXPIRED 1 @ 208.0600
2025-09-29 21:43:31.856 - INFO - [ASTER_SOL] [OPEN] [1534110967] OPEN 1 @ 208.0600
2025-09-29 21:43:35.334 - INFO - [ASTER_SOL] [OPEN] [1534110967] FILLED 1 @ 208.0600
2025-09-29 21:43:35.706 - INFO - [ASTER_SOL] [CLOSE] [1534112037] OPEN 1 @ 208.1400
2025-09-29 21:43:42.726 - INFO - [ASTER_SOL] [CLOSE] [1534112037] FILLED 1 @ 208.1400
2025-09-29 21:43:44.150 - INFO - [ASTER_SOL] [OPEN] [1534113918] OPEN 1 @ 208.0900
2025-09-29 21:43:44.543 - INFO - [ASTER_SOL] [OPEN] [1534113918] PARTIALLY_FILLED 0.13 @ 208.0900
2025-09-29 21:43:44.805 - INFO - [ASTER_SOL] [OPEN] [1534113918] FILLED 1 @ 208.0900
2025-09-29 21:43:45.212 - INFO - [ASTER_SOL] [CLOSE] [1534114123] OPEN 1 @ 208.1700
2025-09-29 21:43:49.768 - INFO - [ASTER_SOL] [CLOSE] [1534114123] FILLED 1 @ 208.1700
2025-09-29 21:43:50.362 - INFO - [ASTER_SOL] [OPEN] [1534115364] OPEN 1 @ 208.2200
2025-09-29 21:43:50.363 - INFO - [ASTER_SOL] [OPEN] [1534115364] EXPIRED 1 @ 208.2200
2025-09-29 21:43:51.171 - INFO - [ASTER_SOL] [OPEN] [1534115493] OPEN 1 @ 208.2200
2025-09-29 21:43:51.171 - INFO - [ASTER_SOL] [OPEN] [1534115493] EXPIRED 1 @ 208.2200
2025-09-29 21:43:51.651 - INFO - [ASTER_SOL] [OPEN] [1534115584] OPEN 1 @ 208.2200
2025-09-29 21:43:53.591 - INFO - [ASTER_SOL] [OPEN] [1534115584] PARTIALLY_FILLED 0.03 @ 208.2200
2025-09-29 21:43:53.925 - INFO - [ASTER_SOL] [OPEN] [1534115584] PARTIALLY_FILLED 0.27 @ 208.2200
2025-09-29 21:43:54.099 - INFO - [ASTER_SOL] [OPEN] [1534115584] FILLED 1 @ 208.2200
2025-09-29 21:43:54.546 - INFO - [ASTER_SOL] [CLOSE] [1534116420] OPEN 1 @ 208.3000
2025-09-29 21:43:56.184 - INFO - [ASTER_SOL] [CLOSE] [1534116420] FILLED 1 @ 208.3000
2025-09-29 21:43:56.944 - INFO - [ASTER_SOL] [OPEN] [1534116965] OPEN 1 @ 208.3000
2025-09-29 21:44:09.163 - INFO - [ASTER_SOL] [OPEN] [1534116965] Cancelling order and placing a new order
2025-09-29 21:44:09.302 - INFO - [ASTER_SOL] [OPEN] [1534116965] CANCELED 1 @ 208.3000
2025-09-29 21:44:09.774 - INFO - [ASTER_SOL] [OPEN] [1534120804] OPEN 1 @ 208.4100
2025-09-29 21:44:09.865 - INFO - [ASTER_SOL] [OPEN] [1534120804] FILLED 1 @ 208.4100
2025-09-29 21:44:10.448 - INFO - [ASTER_SOL] [CLOSE] [1534120943] OPEN 1 @ 208.4900
2025-09-29 21:44:30.417 - INFO - [ASTER_SOL] Current Position: 1.00 | Active closing amount: 1 | Order quantity: 1
2025-09-29 21:44:41.795 - INFO - [ASTER_SOL] [CLOSE] [1534120943] FILLED 1 @ 208.4900
2025-09-29 21:44:42.731 - INFO - [ASTER_SOL] [OPEN] [1534129149] OPEN 1 @ 208.5000
2025-09-29 21:44:50.368 - INFO - [ASTER_SOL] [OPEN] [1534129149] FILLED 1 @ 208.5000
2025-09-29 21:44:50.735 - INFO - [ASTER_SOL] [CLOSE] [1534131338] OPEN 1 @ 208.5800
2025-09-29 21:44:52.514 - INFO - [ASTER_SOL] [CLOSE] [1534131338] PARTIALLY_FILLED 0.01 @ 208.5800
2025-09-29 21:44:52.514 - INFO - [ASTER_SOL] [CLOSE] [1534131338] PARTIALLY_FILLED 0.08 @ 208.5800
2025-09-29 21:44:52.528 - INFO - [ASTER_SOL] [CLOSE] [1534131338] FILLED 1 @ 208.5800
2025-09-29 21:44:53.039 - INFO - [ASTER_SOL] [OPEN] [1534131946] OPEN 1 @ 208.6200
2025-09-29 21:44:54.359 - INFO - [ASTER_SOL] [OPEN] [1534131946] FILLED 1 @ 208.6200
2025-09-29 21:44:54.642 - INFO - [ASTER_SOL] WebSocket disconnected
